

SET FOREIGN_KEY_CHECKS=0;

-- festival_location --
INSERT INTO festival_location (location_id, longitude, latitude, loc_address, city, country, continent, img, descr) VALUES (1, -116.744287, 21.492998, '16170 Zuniga Turnpike', 'West Terry', 'Saudi Arabia', 'North America', 'https://via.placeholder.com/623x522.png?text=Location+72', 'Respond report moment know score concern mention.');
INSERT INTO festival_location (location_id, longitude, latitude, loc_address, city, country, continent, img, descr) VALUES (2, -74.365211, -84.586086, '34794 Jesse Roads', 'Thomasborough', 'Tokelau', 'Europe', 'https://via.placeholder.com/615x339.png?text=Location+88', 'Want when house sing state lay during visit.');
INSERT INTO festival_location (location_id, longitude, latitude, loc_address, city, country, continent, img, descr) VALUES (3, -3.473957, -87.006718, '898 Janice Trace', 'West Joshua', 'Thailand', 'North America', 'https://via.placeholder.com/637x309.png?text=Location+16', 'Look cost find though serious explain scientist.');
INSERT INTO festival_location (location_id, longitude, latitude, loc_address, city, country, continent, img, descr) VALUES (4, 55.840492, 86.305906, '7698 Terry Bypass Suite 098', 'Johnsonchester', 'Vanuatu', 'Europe', 'https://via.placeholder.com/481x527.png?text=Location+68', 'Behavior perform down travel six teach perhaps realize right.');
INSERT INTO festival_location (location_id, longitude, latitude, loc_address, city, country, continent, img, descr) VALUES (5, -60.294751, 86.653298, '2586 Morgan Tunnel', 'East Alexandriastad', 'Belize', 'North America', 'https://via.placeholder.com/583x444.png?text=Location+2', 'Care group end actually notice maintain serve hot listen piece bit party it.');
INSERT INTO festival_location (location_id, longitude, latitude, loc_address, city, country, continent, img, descr) VALUES (6, -47.651169, 88.362340, '12917 Jackson Falls Suite 500', 'Tinabury', 'Antarctica (the territory South of 60 deg S)', 'Europe', 'https://via.placeholder.com/542x587.png?text=Location+22', 'Up million event important end themselves catch themselves really green last network.');
INSERT INTO festival_location (location_id, longitude, latitude, loc_address, city, country, continent, img, descr) VALUES (7, -156.928809, -68.629304, '873 Ramirez Mill', 'Joshuamouth', 'Costa Rica', 'Europe', 'https://via.placeholder.com/776x443.png?text=Location+14', 'Building join point especially away sing teacher raise national.');
INSERT INTO festival_location (location_id, longitude, latitude, loc_address, city, country, continent, img, descr) VALUES (8, 122.771169, 23.554866, '33126 Joy Shoals Apt. 706', 'New Edwardtown', 'Sierra Leone', 'South America', 'https://via.placeholder.com/518x499.png?text=Location+3', 'Store enjoy strong watch affect including brother walk point ever everybody.');
INSERT INTO festival_location (location_id, longitude, latitude, loc_address, city, country, continent, img, descr) VALUES (9, 75.673199, -88.118052, '74278 Brian Gateway Suite 851', 'West Beverlyfort', 'Namibia', 'Africa', 'https://via.placeholder.com/734x531.png?text=Location+30', 'Fish environmental place push good once popular peace country man.');
INSERT INTO festival_location (location_id, longitude, latitude, loc_address, city, country, continent, img, descr) VALUES (10, 140.789766, -45.642084, '85438 Odom Valley', 'Evanston', 'Mongolia', 'North America', 'https://via.placeholder.com/741x430.png?text=Location+20', 'Form recent such care four miss attention decide arm.');

-- festival --
INSERT INTO festival (festival_year, starting_date, location_id, ending_date, descr, img) VALUES (2018, '2018-07-14', 1, '2018-07-15', 'Pulse University Festival 2018', 'https://via.placeholder.com/657x512.png?text=Festival2018+22');
INSERT INTO festival (festival_year, starting_date, location_id, ending_date, descr, img) VALUES (2019, '2019-06-12', 9, '2019-06-12', 'Pulse University Festival 2019', 'https://via.placeholder.com/740x493.png?text=Festival2019+14');
INSERT INTO festival (festival_year, starting_date, location_id, ending_date, descr, img) VALUES (2020, '2020-08-29', 3, '2020-08-30', 'Pulse University Festival 2020', 'https://via.placeholder.com/771x499.png?text=Festival2020+74');
INSERT INTO festival (festival_year, starting_date, location_id, ending_date, descr, img) VALUES (2021, '2021-07-15', 6, '2021-07-17', 'Pulse University Festival 2021', 'https://via.placeholder.com/756x507.png?text=Festival2021+45');
INSERT INTO festival (festival_year, starting_date, location_id, ending_date, descr, img) VALUES (2022, '2022-08-22', 5, '2022-08-22', 'Pulse University Festival 2022', 'https://via.placeholder.com/760x303.png?text=Festival2022+32');
INSERT INTO festival (festival_year, starting_date, location_id, ending_date, descr, img) VALUES (2023, '2023-08-09', 2, '2023-08-09', 'Pulse University Festival 2023', 'https://via.placeholder.com/738x355.png?text=Festival2023+32');
INSERT INTO festival (festival_year, starting_date, location_id, ending_date, descr, img) VALUES (2024, '2024-08-18', 4, '2024-08-18', 'Pulse University Festival 2024', 'https://via.placeholder.com/500x500.png?text=Festival2024+16');
INSERT INTO festival (festival_year, starting_date, location_id, ending_date, descr, img) VALUES (2025, '2025-06-28', 8, '2025-06-29', 'Pulse University Festival 2025', 'https://via.placeholder.com/790x427.png?text=Festival2025+41');
INSERT INTO festival (festival_year, starting_date, location_id, ending_date, descr, img) VALUES (2026, '2026-07-11', 7, '2026-07-15', 'Pulse University Festival 2026', 'https://via.placeholder.com/570x541.png?text=Festival2026+100');
INSERT INTO festival (festival_year, starting_date, location_id, ending_date, descr, img) VALUES (2027, '2027-08-03', 10, '2027-08-04', 'Pulse University Festival 2027', 'https://via.placeholder.com/700x461.png?text=Festival2027+58');

-- scene --
INSERT INTO scene (scene_id, scene_name, capacity, descr, img, equipment_info) VALUES (1, 'Cyan Stage', 57, 'Leverage dot-com networks', 'https://via.placeholder.com/586x600.png?text=Scene+86', 'Against whose job toward student military garden clearly.');
INSERT INTO scene (scene_id, scene_name, capacity, descr, img, equipment_info) VALUES (2, 'Lightpink Stage', 124, 'Incubate b2c content', 'https://via.placeholder.com/400x341.png?text=Scene+58', 'Determine would dinner statement number.');
INSERT INTO scene (scene_id, scene_name, capacity, descr, img, equipment_info) VALUES (3, 'Deeppink Stage', 171, 'Utilize holistic infrastructures', 'https://via.placeholder.com/421x351.png?text=Scene+2', 'Public mouth weight goal.');
INSERT INTO scene (scene_id, scene_name, capacity, descr, img, equipment_info) VALUES (4, 'Powderblue Stage', 96, 'Exploit revolutionary methodologies', 'https://via.placeholder.com/728x323.png?text=Scene+46', 'Defense while car safe nice strong both after.');
INSERT INTO scene (scene_id, scene_name, capacity, descr, img, equipment_info) VALUES (5, 'Saddlebrown Stage', 68, 'Facilitate web-enabled interfaces', 'https://via.placeholder.com/715x508.png?text=Scene+13', 'Our direction help minute fire.');
INSERT INTO scene (scene_id, scene_name, capacity, descr, img, equipment_info) VALUES (6, 'Skyblue Stage', 106, 'Enhance turn-key users', 'https://via.placeholder.com/592x567.png?text=Scene+59', 'Usually top stock man total save.');
INSERT INTO scene (scene_id, scene_name, capacity, descr, img, equipment_info) VALUES (7, 'Lightgoldenrodyellow Stage', 64, 'Exploit interactive web services', 'https://via.placeholder.com/512x412.png?text=Scene+81', 'Contain event tax nice ahead far while.');
INSERT INTO scene (scene_id, scene_name, capacity, descr, img, equipment_info) VALUES (8, 'Lightslategray Stage', 103, 'Visualize compelling schemas', 'https://via.placeholder.com/506x530.png?text=Scene+11', 'Ok none investment data everybody certain my.');
INSERT INTO scene (scene_id, scene_name, capacity, descr, img, equipment_info) VALUES (9, 'Thistle Stage', 158, 'Productize bleeding-edge experiences', 'https://via.placeholder.com/643x559.png?text=Scene+48', 'Idea positive condition fear health.');
INSERT INTO scene (scene_id, scene_name, capacity, descr, img, equipment_info) VALUES (10, 'Seagreen Stage', 74, 'Scale interactive metrics', 'https://via.placeholder.com/739x472.png?text=Scene+62', 'Road very amount.');
INSERT INTO scene (scene_id, scene_name, capacity, descr, img, equipment_info) VALUES (11, 'Chocolate Stage', 136, 'Visualize 24/365 methodologies', 'https://via.placeholder.com/596x423.png?text=Scene+61', 'Huge compare body free fine sing.');
INSERT INTO scene (scene_id, scene_name, capacity, descr, img, equipment_info) VALUES (12, 'Lightpink Stage', 164, 'Benchmark seamless models', 'https://via.placeholder.com/454x359.png?text=Scene+30', 'Field choose along generation.');
INSERT INTO scene (scene_id, scene_name, capacity, descr, img, equipment_info) VALUES (13, 'Chocolate Stage', 174, 'Integrate e-business e-tailers', 'https://via.placeholder.com/745x376.png?text=Scene+41', 'Want agreement drop million computer step.');
INSERT INTO scene (scene_id, scene_name, capacity, descr, img, equipment_info) VALUES (14, 'Yellowgreen Stage', 54, 'Unleash revolutionary partnerships', 'https://via.placeholder.com/747x406.png?text=Scene+21', 'Hundred turn successful call.');
INSERT INTO scene (scene_id, scene_name, capacity, descr, img, equipment_info) VALUES (15, 'Lavenderblush Stage', 131, 'Facilitate front-end schemas', 'https://via.placeholder.com/540x505.png?text=Scene+78', 'Wonder receive add way institution within conference.');
INSERT INTO scene (scene_id, scene_name, capacity, descr, img, equipment_info) VALUES (16, 'Sandybrown Stage', 151, 'Transition cross-media infrastructures', 'https://via.placeholder.com/426x585.png?text=Scene+3', 'Fight six article speak avoid sing local ten.');
INSERT INTO scene (scene_id, scene_name, capacity, descr, img, equipment_info) VALUES (17, 'Green Stage', 160, 'Target next-generation interfaces', 'https://via.placeholder.com/460x475.png?text=Scene+29', 'During office goal care.');
INSERT INTO scene (scene_id, scene_name, capacity, descr, img, equipment_info) VALUES (18, 'Cornsilk Stage', 69, 'Envisioneer world-class synergies', 'https://via.placeholder.com/455x303.png?text=Scene+69', 'Visit performance he prevent inside.');
INSERT INTO scene (scene_id, scene_name, capacity, descr, img, equipment_info) VALUES (19, 'Tan Stage', 148, 'Redefine strategic deliverables', 'https://via.placeholder.com/576x390.png?text=Scene+87', 'Politics stage throw.');
INSERT INTO scene (scene_id, scene_name, capacity, descr, img, equipment_info) VALUES (20, 'Darkorchid Stage', 125, 'Productize dynamic convergence', 'https://via.placeholder.com/601x326.png?text=Scene+32', 'In lot member impact prepare science away.');
INSERT INTO scene (scene_id, scene_name, capacity, descr, img, equipment_info) VALUES (21, 'Plum Stage', 120, 'Engage compelling metrics', 'https://via.placeholder.com/470x410.png?text=Scene+72', 'Generation deal newspaper common.');
INSERT INTO scene (scene_id, scene_name, capacity, descr, img, equipment_info) VALUES (22, 'Mediumorchid Stage', 120, 'Deploy open-source vortals', 'https://via.placeholder.com/507x534.png?text=Scene+19', 'Reduce sister song character way thing.');
INSERT INTO scene (scene_id, scene_name, capacity, descr, img, equipment_info) VALUES (23, 'Lightpink Stage', 107, 'Utilize out-of-the-box networks', 'https://via.placeholder.com/477x586.png?text=Scene+43', 'Good protect throughout central around.');
INSERT INTO scene (scene_id, scene_name, capacity, descr, img, equipment_info) VALUES (24, 'Deepskyblue Stage', 151, 'Streamline innovative eyeballs', 'https://via.placeholder.com/646x312.png?text=Scene+40', 'Data what skin million peace.');
INSERT INTO scene (scene_id, scene_name, capacity, descr, img, equipment_info) VALUES (25, 'Darkblue Stage', 160, 'Syndicate rich experiences', 'https://via.placeholder.com/765x568.png?text=Scene+54', 'As now friend.');
INSERT INTO scene (scene_id, scene_name, capacity, descr, img, equipment_info) VALUES (26, 'Indigo Stage', 159, 'Enable revolutionary infrastructures', 'https://via.placeholder.com/575x452.png?text=Scene+2', 'Water his him.');
INSERT INTO scene (scene_id, scene_name, capacity, descr, img, equipment_info) VALUES (27, 'Saddlebrown Stage', 138, 'Productize dynamic niches', 'https://via.placeholder.com/752x515.png?text=Scene+62', 'Season positive you theory.');
INSERT INTO scene (scene_id, scene_name, capacity, descr, img, equipment_info) VALUES (28, 'Darkred Stage', 135, 'Deliver transparent portals', 'https://via.placeholder.com/482x440.png?text=Scene+2', 'Lot sit leg time floor.');
INSERT INTO scene (scene_id, scene_name, capacity, descr, img, equipment_info) VALUES (29, 'Cornflowerblue Stage', 153, 'Optimize strategic partnerships', 'https://via.placeholder.com/705x521.png?text=Scene+24', 'Mind market hard have.');
INSERT INTO scene (scene_id, scene_name, capacity, descr, img, equipment_info) VALUES (30, 'Lightsalmon Stage', 137, 'Target interactive eyeballs', 'https://via.placeholder.com/798x421.png?text=Scene+53', 'Keep number support management line degree first read.');

-- artist --
INSERT INTO artist (artist_id, artist_name, date_of_birth, stage_name, descr, instagram, img) VALUES (1, 'William Morris', '1993-08-12', 'William Morris', 'Solo artist, born 1993', NULL, 'https://via.placeholder.com/782x577.png?text=Artist+82');
INSERT INTO artist (artist_id, artist_name, date_of_birth, stage_name, descr, instagram, img) VALUES (2, 'Alexa Hall', '1984-04-01', 'Alexa Hall', 'Solo artist, born 1984', NULL, 'https://via.placeholder.com/408x372.png?text=Artist+53');
INSERT INTO artist (artist_id, artist_name, date_of_birth, stage_name, descr, instagram, img) VALUES (3, 'Robert Obrien', '1966-08-13', 'Robert Obrien', 'Solo artist, born 1966', NULL, 'https://via.placeholder.com/595x306.png?text=Artist+43');
INSERT INTO artist (artist_id, artist_name, date_of_birth, stage_name, descr, instagram, img) VALUES (4, 'Richard Wright', '1969-06-27', 'Jennifer Several', 'Solo artist, born 1969', 'https://instagram.com/jenniferseveral', 'https://via.placeholder.com/456x382.png?text=Artist+69');
INSERT INTO artist (artist_id, artist_name, date_of_birth, stage_name, descr, instagram, img) VALUES (5, 'Audrey Neal', '1972-06-30', 'Anthony Worry', 'Solo artist, born 1972', NULL, 'https://via.placeholder.com/659x334.png?text=Artist+57');
INSERT INTO artist (artist_id, artist_name, date_of_birth, stage_name, descr, instagram, img) VALUES (6, 'Johnny Green', '1983-06-27', 'Johnny Green', 'Solo artist, born 1983', NULL, 'https://via.placeholder.com/713x434.png?text=Artist+2');
INSERT INTO artist (artist_id, artist_name, date_of_birth, stage_name, descr, instagram, img) VALUES (7, 'Amanda Ortiz', '1988-04-19', 'Christopher Not', 'Solo artist, born 1988', 'https://instagram.com/christophernot', 'https://via.placeholder.com/668x370.png?text=Artist+11');
INSERT INTO artist (artist_id, artist_name, date_of_birth, stage_name, descr, instagram, img) VALUES (8, 'Craig Freeman', '1999-08-18', 'Craig Freeman', 'Solo artist, born 1999', 'https://instagram.com/craigfreeman', 'https://via.placeholder.com/418x490.png?text=Artist+21');
INSERT INTO artist (artist_id, artist_name, date_of_birth, stage_name, descr, instagram, img) VALUES (9, 'Travis Jones', '1978-11-18', 'Timothy Sort', 'Solo artist, born 1978', 'https://instagram.com/timothysort', 'https://via.placeholder.com/619x594.png?text=Artist+79');
INSERT INTO artist (artist_id, artist_name, date_of_birth, stage_name, descr, instagram, img) VALUES (10, 'Mitchell Price', '1988-01-28', 'Mitchell Price', 'Solo artist, born 1988', 'https://instagram.com/mitchellprice', 'https://via.placeholder.com/430x472.png?text=Artist+16');
INSERT INTO artist (artist_id, artist_name, date_of_birth, stage_name, descr, instagram, img) VALUES (11, 'John Fernandez', '1980-09-23', 'Melissa Although', 'Solo artist, born 1980', 'https://instagram.com/melissaalthough', 'https://via.placeholder.com/726x428.png?text=Artist+4');
INSERT INTO artist (artist_id, artist_name, date_of_birth, stage_name, descr, instagram, img) VALUES (12, 'Cameron Mcmillan', '1991-09-26', 'Cameron Mcmillan', 'Solo artist, born 1991', 'https://instagram.com/cameronmcmillan', 'https://via.placeholder.com/487x329.png?text=Artist+58');
INSERT INTO artist (artist_id, artist_name, date_of_birth, stage_name, descr, instagram, img) VALUES (13, 'Robert Carey', '1969-04-05', 'Robert Carey', 'Solo artist, born 1969', 'https://instagram.com/robertcarey', 'https://via.placeholder.com/480x419.png?text=Artist+17');
INSERT INTO artist (artist_id, artist_name, date_of_birth, stage_name, descr, instagram, img) VALUES (14, 'Michael Lee', '1993-11-06', 'Michael Lee', 'Solo artist, born 1993', 'https://instagram.com/michaellee', 'https://via.placeholder.com/788x508.png?text=Artist+28');
INSERT INTO artist (artist_id, artist_name, date_of_birth, stage_name, descr, instagram, img) VALUES (15, 'Dustin Duffy', '1984-04-08', 'Dustin Duffy', 'Solo artist, born 1984', 'https://instagram.com/dustinduffy', 'https://via.placeholder.com/568x302.png?text=Artist+82');
INSERT INTO artist (artist_id, artist_name, date_of_birth, stage_name, descr, instagram, img) VALUES (16, 'Matthew Martin', '1994-11-17', 'Jose Its', 'Solo artist, born 1994', 'https://instagram.com/joseits', 'https://via.placeholder.com/677x520.png?text=Artist+64');
INSERT INTO artist (artist_id, artist_name, date_of_birth, stage_name, descr, instagram, img) VALUES (17, 'Jamie Payne', '1983-03-05', 'Jenny Building', 'Solo artist, born 1983', 'https://instagram.com/jennybuilding', 'https://via.placeholder.com/466x354.png?text=Artist+12');
INSERT INTO artist (artist_id, artist_name, date_of_birth, stage_name, descr, instagram, img) VALUES (18, 'Andrew Davis', '1996-06-03', 'Daniel Ahead', 'Solo artist, born 1996', 'https://instagram.com/danielahead', 'https://via.placeholder.com/504x559.png?text=Artist+2');
INSERT INTO artist (artist_id, artist_name, date_of_birth, stage_name, descr, instagram, img) VALUES (19, 'John Griffith', '1995-06-14', 'John Griffith', 'Solo artist, born 1995', 'https://instagram.com/johngriffith', 'https://via.placeholder.com/467x500.png?text=Artist+32');
INSERT INTO artist (artist_id, artist_name, date_of_birth, stage_name, descr, instagram, img) VALUES (20, 'John Mason', '1990-03-29', 'John Mason', 'Solo artist, born 1990', 'https://instagram.com/johnmason', 'https://via.placeholder.com/686x501.png?text=Artist+35');
INSERT INTO artist (artist_id, artist_name, date_of_birth, stage_name, descr, instagram, img) VALUES (21, 'Leslie Brown', '1962-12-31', 'Leslie Brown', 'Solo artist, born 1962', NULL, 'https://via.placeholder.com/414x387.png?text=Artist+83');
INSERT INTO artist (artist_id, artist_name, date_of_birth, stage_name, descr, instagram, img) VALUES (22, 'Jennifer Harris', '1966-07-06', 'Jennifer Harris', 'Solo artist, born 1966', NULL, 'https://via.placeholder.com/779x546.png?text=Artist+46');
INSERT INTO artist (artist_id, artist_name, date_of_birth, stage_name, descr, instagram, img) VALUES (23, 'Miguel Baker', '1982-04-09', 'Miguel Baker', 'Solo artist, born 1982', NULL, 'https://via.placeholder.com/580x502.png?text=Artist+80');
INSERT INTO artist (artist_id, artist_name, date_of_birth, stage_name, descr, instagram, img) VALUES (24, 'Darius Joseph', '1972-09-29', 'Darius Joseph', 'Solo artist, born 1972', 'https://instagram.com/dariusjoseph', 'https://via.placeholder.com/430x389.png?text=Artist+69');
INSERT INTO artist (artist_id, artist_name, date_of_birth, stage_name, descr, instagram, img) VALUES (25, 'Amber Kemp', '1995-10-21', 'Christopher Important', 'Solo artist, born 1995', 'https://instagram.com/christopherimportant', 'https://via.placeholder.com/738x552.png?text=Artist+95');
INSERT INTO artist (artist_id, artist_name, date_of_birth, stage_name, descr, instagram, img) VALUES (26, 'Katrina Williams', '1967-10-17', 'David Attorney', 'Solo artist, born 1967', 'https://instagram.com/davidattorney', 'https://via.placeholder.com/584x344.png?text=Artist+95');
INSERT INTO artist (artist_id, artist_name, date_of_birth, stage_name, descr, instagram, img) VALUES (27, 'Paul Anderson', '1977-07-26', 'Paul Anderson', 'Solo artist, born 1977', 'https://instagram.com/paulanderson', 'https://via.placeholder.com/496x497.png?text=Artist+31');
INSERT INTO artist (artist_id, artist_name, date_of_birth, stage_name, descr, instagram, img) VALUES (28, 'Victor Schwartz', '1984-10-06', 'Victor Schwartz', 'Solo artist, born 1984', 'https://instagram.com/victorschwartz', 'https://via.placeholder.com/450x349.png?text=Artist+74');
INSERT INTO artist (artist_id, artist_name, date_of_birth, stage_name, descr, instagram, img) VALUES (29, 'Kim Williams', '1966-08-06', 'Kim Williams', 'Solo artist, born 1966', 'https://instagram.com/kimwilliams', 'https://via.placeholder.com/782x562.png?text=Artist+100');
INSERT INTO artist (artist_id, artist_name, date_of_birth, stage_name, descr, instagram, img) VALUES (30, 'Anthony Cole', '1996-08-09', 'Anthony Cole', 'Solo artist, born 1996', 'https://instagram.com/anthonycole', 'https://via.placeholder.com/560x400.png?text=Artist+14');
INSERT INTO artist (artist_id, artist_name, date_of_birth, stage_name, descr, instagram, img) VALUES (31, 'Kathryn Stuart', '1997-08-28', 'Kathryn Stuart', 'Solo artist, born 1997', 'https://instagram.com/kathrynstuart', 'https://via.placeholder.com/676x356.png?text=Artist+12');
INSERT INTO artist (artist_id, artist_name, date_of_birth, stage_name, descr, instagram, img) VALUES (32, 'Henry Hogan', '1970-12-02', 'Henry Hogan', 'Solo artist, born 1970', NULL, 'https://via.placeholder.com/781x313.png?text=Artist+81');
INSERT INTO artist (artist_id, artist_name, date_of_birth, stage_name, descr, instagram, img) VALUES (33, 'Nathaniel Smith Jr.', '1995-02-06', 'Vanessa Response', 'Solo artist, born 1995', NULL, 'https://via.placeholder.com/546x475.png?text=Artist+26');
INSERT INTO artist (artist_id, artist_name, date_of_birth, stage_name, descr, instagram, img) VALUES (34, 'Gabriel Carpenter', '1982-04-21', 'Gabriel Carpenter', 'Solo artist, born 1982', 'https://instagram.com/gabrielcarpenter', 'https://via.placeholder.com/599x447.png?text=Artist+96');
INSERT INTO artist (artist_id, artist_name, date_of_birth, stage_name, descr, instagram, img) VALUES (35, 'Mrs. Elizabeth Jones', '1977-04-07', 'Stacey Four', 'Solo artist, born 1977', NULL, 'https://via.placeholder.com/450x462.png?text=Artist+70');
INSERT INTO artist (artist_id, artist_name, date_of_birth, stage_name, descr, instagram, img) VALUES (36, 'Tracey Salas', '1977-04-21', 'Tracey Salas', 'Solo artist, born 1977', 'https://instagram.com/traceysalas', 'https://via.placeholder.com/521x477.png?text=Artist+7');
INSERT INTO artist (artist_id, artist_name, date_of_birth, stage_name, descr, instagram, img) VALUES (37, 'Amanda Silva', '1991-07-11', 'Amanda Silva', 'Solo artist, born 1991', 'https://instagram.com/amandasilva', 'https://via.placeholder.com/648x512.png?text=Artist+56');
INSERT INTO artist (artist_id, artist_name, date_of_birth, stage_name, descr, instagram, img) VALUES (38, 'Kelly Hopkins', '1967-03-09', 'Monica How', 'Solo artist, born 1967', 'https://instagram.com/monicahow', 'https://via.placeholder.com/501x409.png?text=Artist+36');
INSERT INTO artist (artist_id, artist_name, date_of_birth, stage_name, descr, instagram, img) VALUES (39, 'Monica Mcconnell', '1986-09-13', 'Drew Radio', 'Solo artist, born 1986', 'https://instagram.com/drewradio', 'https://via.placeholder.com/781x546.png?text=Artist+99');
INSERT INTO artist (artist_id, artist_name, date_of_birth, stage_name, descr, instagram, img) VALUES (40, 'Samantha Wade', '1971-11-08', 'Laurie Society', 'Solo artist, born 1971', 'https://instagram.com/lauriesociety', 'https://via.placeholder.com/583x321.png?text=Artist+46');

-- band --
INSERT INTO band (band_id, band_name, website, formation_date, instagram, descr, img) VALUES (1, 'Newton, Johnson and Rice Crew', 'https://www.newton,johnsonandricecrew.com', '2019-08-31', 'https://instagram.com/newton,johnsonandricecrew', 'Band formed in 2019', 'https://via.placeholder.com/504x400.png?text=Band+49');
INSERT INTO band (band_id, band_name, website, formation_date, instagram, descr, img) VALUES (2, 'Thompson Group Crew', 'https://www.thompsongroupcrew.com', '2007-05-17', NULL, 'Band formed in 2007', 'https://via.placeholder.com/479x376.png?text=Band+24');
INSERT INTO band (band_id, band_name, website, formation_date, instagram, descr, img) VALUES (3, 'Ruiz Ltd Project', 'https://www.ruizltdproject.com', '2016-09-19', 'https://instagram.com/ruizltdproject', 'Band formed in 2016', 'https://via.placeholder.com/498x331.png?text=Band+91');
INSERT INTO band (band_id, band_name, website, formation_date, instagram, descr, img) VALUES (4, 'Greer and Sons Experience', NULL, '2006-12-10', 'https://instagram.com/greerandsonsexperience', 'Band formed in 2006', 'https://via.placeholder.com/439x447.png?text=Band+31');
INSERT INTO band (band_id, band_name, website, formation_date, instagram, descr, img) VALUES (5, 'Banks, Clark and Maxwell Experience', 'https://www.banks,clarkandmaxwellexperience.com', '2014-02-09', 'https://instagram.com/banks,clarkandmaxwellexperience', 'Band formed in 2014', 'https://via.placeholder.com/486x460.png?text=Band+46');
INSERT INTO band (band_id, band_name, website, formation_date, instagram, descr, img) VALUES (6, 'Turner Ltd Experience', 'https://www.turnerltdexperience.com', '2007-08-05', 'https://instagram.com/turnerltdexperience', 'Band formed in 2007', 'https://via.placeholder.com/446x433.png?text=Band+85');
INSERT INTO band (band_id, band_name, website, formation_date, instagram, descr, img) VALUES (7, 'Larson LLC Project', 'https://www.larsonllcproject.com', '2019-02-14', 'https://instagram.com/larsonllcproject', 'Band formed in 2019', 'https://via.placeholder.com/445x593.png?text=Band+84');
INSERT INTO band (band_id, band_name, website, formation_date, instagram, descr, img) VALUES (8, 'Liu, Beck and Meyer Crew', NULL, '2023-11-27', 'https://instagram.com/liu,beckandmeyercrew', 'Band formed in 2023', 'https://via.placeholder.com/765x572.png?text=Band+14');
INSERT INTO band (band_id, band_name, website, formation_date, instagram, descr, img) VALUES (9, 'Suarez-Garcia Collective', 'https://www.suarez-garciacollective.com', '2009-01-14', 'https://instagram.com/suarez-garciacollective', 'Band formed in 2009', 'https://via.placeholder.com/538x396.png?text=Band+89');
INSERT INTO band (band_id, band_name, website, formation_date, instagram, descr, img) VALUES (10, 'Massey-Mccall Syndicate', 'https://www.massey-mccallsyndicate.com', '2016-02-28', 'https://instagram.com/massey-mccallsyndicate', 'Band formed in 2016', 'https://via.placeholder.com/432x555.png?text=Band+24');

-- band_artist --
INSERT INTO band_artist (band_id, artist_id) VALUES (1, 28);
INSERT INTO band_artist (band_id, artist_id) VALUES (1, 19);
INSERT INTO band_artist (band_id, artist_id) VALUES (2, 27);
INSERT INTO band_artist (band_id, artist_id) VALUES (2, 11);
INSERT INTO band_artist (band_id, artist_id) VALUES (2, 1);
INSERT INTO band_artist (band_id, artist_id) VALUES (2, 5);
INSERT INTO band_artist (band_id, artist_id) VALUES (2, 40);
INSERT INTO band_artist (band_id, artist_id) VALUES (2, 31);
INSERT INTO band_artist (band_id, artist_id) VALUES (3, 30);
INSERT INTO band_artist (band_id, artist_id) VALUES (3, 12);
INSERT INTO band_artist (band_id, artist_id) VALUES (3, 24);
INSERT INTO band_artist (band_id, artist_id) VALUES (3, 39);
INSERT INTO band_artist (band_id, artist_id) VALUES (4, 1);
INSERT INTO band_artist (band_id, artist_id) VALUES (4, 14);
INSERT INTO band_artist (band_id, artist_id) VALUES (5, 40);
INSERT INTO band_artist (band_id, artist_id) VALUES (5, 9);
INSERT INTO band_artist (band_id, artist_id) VALUES (5, 13);
INSERT INTO band_artist (band_id, artist_id) VALUES (5, 22);
INSERT INTO band_artist (band_id, artist_id) VALUES (5, 17);
INSERT INTO band_artist (band_id, artist_id) VALUES (6, 8);
INSERT INTO band_artist (band_id, artist_id) VALUES (6, 34);
INSERT INTO band_artist (band_id, artist_id) VALUES (6, 36);
INSERT INTO band_artist (band_id, artist_id) VALUES (6, 32);
INSERT INTO band_artist (band_id, artist_id) VALUES (7, 15);
INSERT INTO band_artist (band_id, artist_id) VALUES (7, 37);
INSERT INTO band_artist (band_id, artist_id) VALUES (7, 38);
INSERT INTO band_artist (band_id, artist_id) VALUES (7, 7);
INSERT INTO band_artist (band_id, artist_id) VALUES (8, 7);
INSERT INTO band_artist (band_id, artist_id) VALUES (8, 2);
INSERT INTO band_artist (band_id, artist_id) VALUES (8, 18);
INSERT INTO band_artist (band_id, artist_id) VALUES (9, 20);
INSERT INTO band_artist (band_id, artist_id) VALUES (9, 26);
INSERT INTO band_artist (band_id, artist_id) VALUES (9, 29);
INSERT INTO band_artist (band_id, artist_id) VALUES (9, 35);
INSERT INTO band_artist (band_id, artist_id) VALUES (10, 19);
INSERT INTO band_artist (band_id, artist_id) VALUES (10, 25);
INSERT INTO band_artist (band_id, artist_id) VALUES (10, 33);

-- festival_event & performance (Placeholder IDs) --
INSERT INTO festival_event (event_id, scene_id, festival_year, event_date, event_time, descr, img) VALUES (1, 5, 2018, '2018-07-14', '16:30:00', 'Event at Scene 5 on 2018-07-14', 'https://via.placeholder.com/629x316.png?text=Event+62');
INSERT INTO festival_event (event_id, scene_id, festival_year, event_date, event_time, descr, img) VALUES (2, 17, 2018, '2018-07-14', '18:00:00', 'Event at Scene 17 on 2018-07-14', 'https://via.placeholder.com/718x485.png?text=Event+57');
INSERT INTO festival_event (event_id, scene_id, festival_year, event_date, event_time, descr, img) VALUES (3, 28, 2018, '2018-07-14', '17:00:00', 'Event at Scene 28 on 2018-07-14', 'https://via.placeholder.com/565x570.png?text=Event+81');
INSERT INTO festival_event (event_id, scene_id, festival_year, event_date, event_time, descr, img) VALUES (4, 19, 2018, '2018-07-14', '15:00:00', 'Event at Scene 19 on 2018-07-14', 'https://via.placeholder.com/501x574.png?text=Event+31');
INSERT INTO festival_event (event_id, scene_id, festival_year, event_date, event_time, descr, img) VALUES (5, 3, 2018, '2018-07-14', '14:00:00', 'Event at Scene 3 on 2018-07-14', 'https://via.placeholder.com/435x419.png?text=Event+65');
INSERT INTO festival_event (event_id, scene_id, festival_year, event_date, event_time, descr, img) VALUES (6, 12, 2018, '2018-07-14', '15:00:00', 'Event at Scene 12 on 2018-07-14', 'https://via.placeholder.com/670x588.png?text=Event+37');
INSERT INTO festival_event (event_id, scene_id, festival_year, event_date, event_time, descr, img) VALUES (7, 22, 2018, '2018-07-14', '16:45:00', 'Event at Scene 22 on 2018-07-14', 'https://via.placeholder.com/417x537.png?text=Event+95');
INSERT INTO festival_event (event_id, scene_id, festival_year, event_date, event_time, descr, img) VALUES (8, 21, 2018, '2018-07-15', '17:00:00', 'Event at Scene 21 on 2018-07-15', 'https://via.placeholder.com/705x525.png?text=Event+50');
INSERT INTO festival_event (event_id, scene_id, festival_year, event_date, event_time, descr, img) VALUES (9, 23, 2018, '2018-07-15', '18:30:00', 'Event at Scene 23 on 2018-07-15', 'https://via.placeholder.com/786x536.png?text=Event+20');
INSERT INTO festival_event (event_id, scene_id, festival_year, event_date, event_time, descr, img) VALUES (10, 9, 2018, '2018-07-15', '15:45:00', 'Event at Scene 9 on 2018-07-15', 'https://via.placeholder.com/518x532.png?text=Event+90');
INSERT INTO festival_event (event_id, scene_id, festival_year, event_date, event_time, descr, img) VALUES (11, 14, 2019, '2019-06-12', '15:45:00', 'Event at Scene 14 on 2019-06-12', 'https://via.placeholder.com/517x306.png?text=Event+92');
INSERT INTO festival_event (event_id, scene_id, festival_year, event_date, event_time, descr, img) VALUES (12, 23, 2019, '2019-06-12', '17:15:00', 'Event at Scene 23 on 2019-06-12', 'https://via.placeholder.com/539x301.png?text=Event+73');
INSERT INTO festival_event (event_id, scene_id, festival_year, event_date, event_time, descr, img) VALUES (13, 30, 2019, '2019-06-12', '15:45:00', 'Event at Scene 30 on 2019-06-12', 'https://via.placeholder.com/597x409.png?text=Event+17');
INSERT INTO festival_event (event_id, scene_id, festival_year, event_date, event_time, descr, img) VALUES (14, 6, 2019, '2019-06-12', '16:15:00', 'Event at Scene 6 on 2019-06-12', 'https://via.placeholder.com/513x356.png?text=Event+96');
INSERT INTO festival_event (event_id, scene_id, festival_year, event_date, event_time, descr, img) VALUES (15, 15, 2019, '2019-06-12', '16:45:00', 'Event at Scene 15 on 2019-06-12', 'https://via.placeholder.com/692x452.png?text=Event+8');
INSERT INTO festival_event (event_id, scene_id, festival_year, event_date, event_time, descr, img) VALUES (16, 13, 2019, '2019-06-12', '14:45:00', 'Event at Scene 13 on 2019-06-12', 'https://via.placeholder.com/742x428.png?text=Event+8');
INSERT INTO festival_event (event_id, scene_id, festival_year, event_date, event_time, descr, img) VALUES (17, 30, 2020, '2020-08-29', '18:00:00', 'Event at Scene 30 on 2020-08-29', 'https://via.placeholder.com/519x398.png?text=Event+34');
INSERT INTO festival_event (event_id, scene_id, festival_year, event_date, event_time, descr, img) VALUES (18, 12, 2020, '2020-08-29', '15:30:00', 'Event at Scene 12 on 2020-08-29', 'https://via.placeholder.com/505x407.png?text=Event+58');
INSERT INTO festival_event (event_id, scene_id, festival_year, event_date, event_time, descr, img) VALUES (19, 21, 2020, '2020-08-29', '17:15:00', 'Event at Scene 21 on 2020-08-29', 'https://via.placeholder.com/760x300.png?text=Event+70');
INSERT INTO festival_event (event_id, scene_id, festival_year, event_date, event_time, descr, img) VALUES (20, 16, 2020, '2020-08-30', '16:30:00', 'Event at Scene 16 on 2020-08-30', 'https://via.placeholder.com/556x379.png?text=Event+46');
INSERT INTO festival_event (event_id, scene_id, festival_year, event_date, event_time, descr, img) VALUES (21, 11, 2020, '2020-08-30', '18:30:00', 'Event at Scene 11 on 2020-08-30', 'https://via.placeholder.com/478x417.png?text=Event+42');
INSERT INTO festival_event (event_id, scene_id, festival_year, event_date, event_time, descr, img) VALUES (22, 3, 2020, '2020-08-30', '16:00:00', 'Event at Scene 3 on 2020-08-30', 'https://via.placeholder.com/492x422.png?text=Event+8');
INSERT INTO festival_event (event_id, scene_id, festival_year, event_date, event_time, descr, img) VALUES (23, 29, 2021, '2021-07-15', '15:30:00', 'Event at Scene 29 on 2021-07-15', 'https://via.placeholder.com/677x527.png?text=Event+70');
INSERT INTO festival_event (event_id, scene_id, festival_year, event_date, event_time, descr, img) VALUES (24, 17, 2021, '2021-07-15', '17:15:00', 'Event at Scene 17 on 2021-07-15', 'https://via.placeholder.com/435x305.png?text=Event+89');
INSERT INTO festival_event (event_id, scene_id, festival_year, event_date, event_time, descr, img) VALUES (25, 11, 2021, '2021-07-15', '18:30:00', 'Event at Scene 11 on 2021-07-15', 'https://via.placeholder.com/482x480.png?text=Event+16');
INSERT INTO festival_event (event_id, scene_id, festival_year, event_date, event_time, descr, img) VALUES (26, 20, 2021, '2021-07-15', '16:00:00', 'Event at Scene 20 on 2021-07-15', 'https://via.placeholder.com/477x400.png?text=Event+22');
INSERT INTO festival_event (event_id, scene_id, festival_year, event_date, event_time, descr, img) VALUES (27, 5, 2021, '2021-07-15', '16:30:00', 'Event at Scene 5 on 2021-07-15', 'https://via.placeholder.com/454x463.png?text=Event+85');
INSERT INTO festival_event (event_id, scene_id, festival_year, event_date, event_time, descr, img) VALUES (28, 13, 2021, '2021-07-16', '17:30:00', 'Event at Scene 13 on 2021-07-16', 'https://via.placeholder.com/431x372.png?text=Event+36');
INSERT INTO festival_event (event_id, scene_id, festival_year, event_date, event_time, descr, img) VALUES (29, 8, 2021, '2021-07-16', '15:15:00', 'Event at Scene 8 on 2021-07-16', 'https://via.placeholder.com/800x409.png?text=Event+50');
INSERT INTO festival_event (event_id, scene_id, festival_year, event_date, event_time, descr, img) VALUES (30, 20, 2021, '2021-07-16', '14:00:00', 'Event at Scene 20 on 2021-07-16', 'https://via.placeholder.com/785x366.png?text=Event+13');
INSERT INTO festival_event (event_id, scene_id, festival_year, event_date, event_time, descr, img) VALUES (31, 14, 2021, '2021-07-16', '17:15:00', 'Event at Scene 14 on 2021-07-16', 'https://via.placeholder.com/737x485.png?text=Event+87');
INSERT INTO festival_event (event_id, scene_id, festival_year, event_date, event_time, descr, img) VALUES (32, 15, 2021, '2021-07-16', '15:00:00', 'Event at Scene 15 on 2021-07-16', 'https://via.placeholder.com/487x469.png?text=Event+66');
INSERT INTO festival_event (event_id, scene_id, festival_year, event_date, event_time, descr, img) VALUES (33, 28, 2021, '2021-07-16', '18:30:00', 'Event at Scene 28 on 2021-07-16', 'https://via.placeholder.com/468x431.png?text=Event+97');
INSERT INTO festival_event (event_id, scene_id, festival_year, event_date, event_time, descr, img) VALUES (34, 10, 2021, '2021-07-16', '17:15:00', 'Event at Scene 10 on 2021-07-16', 'https://via.placeholder.com/608x387.png?text=Event+59');
INSERT INTO festival_event (event_id, scene_id, festival_year, event_date, event_time, descr, img) VALUES (35, 8, 2021, '2021-07-17', '18:15:00', 'Event at Scene 8 on 2021-07-17', 'https://via.placeholder.com/540x493.png?text=Event+60');
INSERT INTO festival_event (event_id, scene_id, festival_year, event_date, event_time, descr, img) VALUES (36, 20, 2021, '2021-07-17', '16:00:00', 'Event at Scene 20 on 2021-07-17', 'https://via.placeholder.com/539x401.png?text=Event+14');
INSERT INTO festival_event (event_id, scene_id, festival_year, event_date, event_time, descr, img) VALUES (37, 15, 2021, '2021-07-17', '15:00:00', 'Event at Scene 15 on 2021-07-17', 'https://via.placeholder.com/564x509.png?text=Event+62');
INSERT INTO festival_event (event_id, scene_id, festival_year, event_date, event_time, descr, img) VALUES (38, 30, 2022, '2022-08-22', '18:15:00', 'Event at Scene 30 on 2022-08-22', 'https://via.placeholder.com/597x385.png?text=Event+63');
INSERT INTO festival_event (event_id, scene_id, festival_year, event_date, event_time, descr, img) VALUES (39, 18, 2022, '2022-08-22', '16:30:00', 'Event at Scene 18 on 2022-08-22', 'https://via.placeholder.com/566x509.png?text=Event+34');
INSERT INTO festival_event (event_id, scene_id, festival_year, event_date, event_time, descr, img) VALUES (40, 6, 2022, '2022-08-22', '17:30:00', 'Event at Scene 6 on 2022-08-22', 'https://via.placeholder.com/421x578.png?text=Event+93');
INSERT INTO festival_event (event_id, scene_id, festival_year, event_date, event_time, descr, img) VALUES (41, 19, 2022, '2022-08-22', '16:00:00', 'Event at Scene 19 on 2022-08-22', 'https://via.placeholder.com/490x531.png?text=Event+8');
INSERT INTO festival_event (event_id, scene_id, festival_year, event_date, event_time, descr, img) VALUES (42, 29, 2022, '2022-08-22', '18:00:00', 'Event at Scene 29 on 2022-08-22', 'https://via.placeholder.com/433x520.png?text=Event+7');
INSERT INTO festival_event (event_id, scene_id, festival_year, event_date, event_time, descr, img) VALUES (43, 25, 2022, '2022-08-22', '17:45:00', 'Event at Scene 25 on 2022-08-22', 'https://via.placeholder.com/453x507.png?text=Event+27');
INSERT INTO festival_event (event_id, scene_id, festival_year, event_date, event_time, descr, img) VALUES (44, 26, 2023, '2023-08-09', '18:15:00', 'Event at Scene 26 on 2023-08-09', 'https://via.placeholder.com/442x374.png?text=Event+46');
INSERT INTO festival_event (event_id, scene_id, festival_year, event_date, event_time, descr, img) VALUES (45, 23, 2023, '2023-08-09', '14:15:00', 'Event at Scene 23 on 2023-08-09', 'https://via.placeholder.com/787x371.png?text=Event+16');
INSERT INTO festival_event (event_id, scene_id, festival_year, event_date, event_time, descr, img) VALUES (46, 25, 2023, '2023-08-09', '16:45:00', 'Event at Scene 25 on 2023-08-09', 'https://via.placeholder.com/527x412.png?text=Event+48');
INSERT INTO festival_event (event_id, scene_id, festival_year, event_date, event_time, descr, img) VALUES (47, 8, 2023, '2023-08-09', '16:30:00', 'Event at Scene 8 on 2023-08-09', 'https://via.placeholder.com/423x537.png?text=Event+62');
INSERT INTO festival_event (event_id, scene_id, festival_year, event_date, event_time, descr, img) VALUES (48, 13, 2023, '2023-08-09', '14:30:00', 'Event at Scene 13 on 2023-08-09', 'https://via.placeholder.com/541x576.png?text=Event+83');
INSERT INTO festival_event (event_id, scene_id, festival_year, event_date, event_time, descr, img) VALUES (49, 8, 2024, '2024-08-18', '14:45:00', 'Event at Scene 8 on 2024-08-18', 'https://via.placeholder.com/489x537.png?text=Event+82');
INSERT INTO festival_event (event_id, scene_id, festival_year, event_date, event_time, descr, img) VALUES (50, 29, 2024, '2024-08-18', '17:15:00', 'Event at Scene 29 on 2024-08-18', 'https://via.placeholder.com/600x427.png?text=Event+29');
INSERT INTO festival_event (event_id, scene_id, festival_year, event_date, event_time, descr, img) VALUES (51, 25, 2024, '2024-08-18', '15:15:00', 'Event at Scene 25 on 2024-08-18', 'https://via.placeholder.com/541x439.png?text=Event+52');
INSERT INTO festival_event (event_id, scene_id, festival_year, event_date, event_time, descr, img) VALUES (52, 2, 2024, '2024-08-18', '17:30:00', 'Event at Scene 2 on 2024-08-18', 'https://via.placeholder.com/528x395.png?text=Event+7');
INSERT INTO festival_event (event_id, scene_id, festival_year, event_date, event_time, descr, img) VALUES (53, 3, 2024, '2024-08-18', '16:30:00', 'Event at Scene 3 on 2024-08-18', 'https://via.placeholder.com/511x389.png?text=Event+27');
INSERT INTO festival_event (event_id, scene_id, festival_year, event_date, event_time, descr, img) VALUES (54, 2, 2025, '2025-06-28', '17:30:00', 'Event at Scene 2 on 2025-06-28', 'https://via.placeholder.com/566x503.png?text=Event+61');
INSERT INTO festival_event (event_id, scene_id, festival_year, event_date, event_time, descr, img) VALUES (55, 30, 2025, '2025-06-28', '16:30:00', 'Event at Scene 30 on 2025-06-28', 'https://via.placeholder.com/523x496.png?text=Event+19');
INSERT INTO festival_event (event_id, scene_id, festival_year, event_date, event_time, descr, img) VALUES (56, 13, 2025, '2025-06-28', '15:00:00', 'Event at Scene 13 on 2025-06-28', 'https://via.placeholder.com/750x476.png?text=Event+61');
INSERT INTO festival_event (event_id, scene_id, festival_year, event_date, event_time, descr, img) VALUES (57, 16, 2025, '2025-06-28', '18:00:00', 'Event at Scene 16 on 2025-06-28', 'https://via.placeholder.com/736x533.png?text=Event+84');
INSERT INTO festival_event (event_id, scene_id, festival_year, event_date, event_time, descr, img) VALUES (58, 28, 2025, '2025-06-28', '14:00:00', 'Event at Scene 28 on 2025-06-28', 'https://via.placeholder.com/453x339.png?text=Event+96');
INSERT INTO festival_event (event_id, scene_id, festival_year, event_date, event_time, descr, img) VALUES (59, 7, 2025, '2025-06-29', '15:15:00', 'Event at Scene 7 on 2025-06-29', 'https://via.placeholder.com/445x581.png?text=Event+72');
INSERT INTO festival_event (event_id, scene_id, festival_year, event_date, event_time, descr, img) VALUES (60, 16, 2025, '2025-06-29', '16:45:00', 'Event at Scene 16 on 2025-06-29', 'https://via.placeholder.com/721x524.png?text=Event+87');
INSERT INTO festival_event (event_id, scene_id, festival_year, event_date, event_time, descr, img) VALUES (61, 11, 2025, '2025-06-29', '17:00:00', 'Event at Scene 11 on 2025-06-29', 'https://via.placeholder.com/415x375.png?text=Event+41');
INSERT INTO festival_event (event_id, scene_id, festival_year, event_date, event_time, descr, img) VALUES (62, 23, 2025, '2025-06-29', '18:30:00', 'Event at Scene 23 on 2025-06-29', 'https://via.placeholder.com/627x457.png?text=Event+1');
INSERT INTO festival_event (event_id, scene_id, festival_year, event_date, event_time, descr, img) VALUES (63, 29, 2025, '2025-06-29', '16:15:00', 'Event at Scene 29 on 2025-06-29', 'https://via.placeholder.com/753x593.png?text=Event+4');
INSERT INTO festival_event (event_id, scene_id, festival_year, event_date, event_time, descr, img) VALUES (64, 15, 2025, '2025-06-29', '18:45:00', 'Event at Scene 15 on 2025-06-29', 'https://via.placeholder.com/572x328.png?text=Event+20');
INSERT INTO festival_event (event_id, scene_id, festival_year, event_date, event_time, descr, img) VALUES (65, 21, 2025, '2025-06-29', '18:00:00', 'Event at Scene 21 on 2025-06-29', 'https://via.placeholder.com/565x572.png?text=Event+72');
INSERT INTO festival_event (event_id, scene_id, festival_year, event_date, event_time, descr, img) VALUES (66, 18, 2026, '2026-07-11', '17:15:00', 'Event at Scene 18 on 2026-07-11', 'https://via.placeholder.com/452x322.png?text=Event+10');
INSERT INTO festival_event (event_id, scene_id, festival_year, event_date, event_time, descr, img) VALUES (67, 11, 2026, '2026-07-11', '17:00:00', 'Event at Scene 11 on 2026-07-11', 'https://via.placeholder.com/523x584.png?text=Event+1');
INSERT INTO festival_event (event_id, scene_id, festival_year, event_date, event_time, descr, img) VALUES (68, 20, 2026, '2026-07-11', '14:30:00', 'Event at Scene 20 on 2026-07-11', 'https://via.placeholder.com/734x317.png?text=Event+8');
INSERT INTO festival_event (event_id, scene_id, festival_year, event_date, event_time, descr, img) VALUES (69, 15, 2026, '2026-07-11', '18:45:00', 'Event at Scene 15 on 2026-07-11', 'https://via.placeholder.com/540x312.png?text=Event+12');
INSERT INTO festival_event (event_id, scene_id, festival_year, event_date, event_time, descr, img) VALUES (70, 3, 2026, '2026-07-11', '14:00:00', 'Event at Scene 3 on 2026-07-11', 'https://via.placeholder.com/754x572.png?text=Event+95');
INSERT INTO festival_event (event_id, scene_id, festival_year, event_date, event_time, descr, img) VALUES (71, 1, 2026, '2026-07-11', '16:30:00', 'Event at Scene 1 on 2026-07-11', 'https://via.placeholder.com/735x413.png?text=Event+6');
INSERT INTO festival_event (event_id, scene_id, festival_year, event_date, event_time, descr, img) VALUES (72, 24, 2026, '2026-07-11', '15:15:00', 'Event at Scene 24 on 2026-07-11', 'https://via.placeholder.com/759x413.png?text=Event+72');
INSERT INTO festival_event (event_id, scene_id, festival_year, event_date, event_time, descr, img) VALUES (73, 27, 2026, '2026-07-12', '15:45:00', 'Event at Scene 27 on 2026-07-12', 'https://via.placeholder.com/601x539.png?text=Event+34');
INSERT INTO festival_event (event_id, scene_id, festival_year, event_date, event_time, descr, img) VALUES (74, 24, 2026, '2026-07-12', '15:30:00', 'Event at Scene 24 on 2026-07-12', 'https://via.placeholder.com/414x378.png?text=Event+92');
INSERT INTO festival_event (event_id, scene_id, festival_year, event_date, event_time, descr, img) VALUES (75, 21, 2026, '2026-07-12', '16:15:00', 'Event at Scene 21 on 2026-07-12', 'https://via.placeholder.com/632x420.png?text=Event+49');
INSERT INTO festival_event (event_id, scene_id, festival_year, event_date, event_time, descr, img) VALUES (76, 22, 2026, '2026-07-13', '14:45:00', 'Event at Scene 22 on 2026-07-13', 'https://via.placeholder.com/501x345.png?text=Event+48');
INSERT INTO festival_event (event_id, scene_id, festival_year, event_date, event_time, descr, img) VALUES (77, 7, 2026, '2026-07-13', '15:30:00', 'Event at Scene 7 on 2026-07-13', 'https://via.placeholder.com/673x571.png?text=Event+14');
INSERT INTO festival_event (event_id, scene_id, festival_year, event_date, event_time, descr, img) VALUES (78, 6, 2026, '2026-07-13', '17:45:00', 'Event at Scene 6 on 2026-07-13', 'https://via.placeholder.com/793x507.png?text=Event+46');
INSERT INTO festival_event (event_id, scene_id, festival_year, event_date, event_time, descr, img) VALUES (79, 1, 2026, '2026-07-13', '14:00:00', 'Event at Scene 1 on 2026-07-13', 'https://via.placeholder.com/495x331.png?text=Event+35');
INSERT INTO festival_event (event_id, scene_id, festival_year, event_date, event_time, descr, img) VALUES (80, 26, 2026, '2026-07-13', '15:30:00', 'Event at Scene 26 on 2026-07-13', 'https://via.placeholder.com/481x495.png?text=Event+22');
INSERT INTO festival_event (event_id, scene_id, festival_year, event_date, event_time, descr, img) VALUES (81, 28, 2026, '2026-07-13', '15:00:00', 'Event at Scene 28 on 2026-07-13', 'https://via.placeholder.com/597x555.png?text=Event+93');
INSERT INTO festival_event (event_id, scene_id, festival_year, event_date, event_time, descr, img) VALUES (82, 22, 2026, '2026-07-14', '18:00:00', 'Event at Scene 22 on 2026-07-14', 'https://via.placeholder.com/728x369.png?text=Event+96');
INSERT INTO festival_event (event_id, scene_id, festival_year, event_date, event_time, descr, img) VALUES (83, 19, 2026, '2026-07-14', '16:30:00', 'Event at Scene 19 on 2026-07-14', 'https://via.placeholder.com/557x345.png?text=Event+59');
INSERT INTO festival_event (event_id, scene_id, festival_year, event_date, event_time, descr, img) VALUES (84, 29, 2026, '2026-07-14', '18:00:00', 'Event at Scene 29 on 2026-07-14', 'https://via.placeholder.com/455x334.png?text=Event+19');
INSERT INTO festival_event (event_id, scene_id, festival_year, event_date, event_time, descr, img) VALUES (85, 10, 2026, '2026-07-14', '17:45:00', 'Event at Scene 10 on 2026-07-14', 'https://via.placeholder.com/782x341.png?text=Event+20');
INSERT INTO festival_event (event_id, scene_id, festival_year, event_date, event_time, descr, img) VALUES (86, 2, 2026, '2026-07-14', '17:45:00', 'Event at Scene 2 on 2026-07-14', 'https://via.placeholder.com/540x521.png?text=Event+37');
INSERT INTO festival_event (event_id, scene_id, festival_year, event_date, event_time, descr, img) VALUES (87, 21, 2026, '2026-07-14', '14:15:00', 'Event at Scene 21 on 2026-07-14', 'https://via.placeholder.com/550x463.png?text=Event+5');
INSERT INTO festival_event (event_id, scene_id, festival_year, event_date, event_time, descr, img) VALUES (88, 30, 2026, '2026-07-15', '18:00:00', 'Event at Scene 30 on 2026-07-15', 'https://via.placeholder.com/527x554.png?text=Event+92');
INSERT INTO festival_event (event_id, scene_id, festival_year, event_date, event_time, descr, img) VALUES (89, 4, 2026, '2026-07-15', '16:00:00', 'Event at Scene 4 on 2026-07-15', 'https://via.placeholder.com/593x429.png?text=Event+7');
INSERT INTO festival_event (event_id, scene_id, festival_year, event_date, event_time, descr, img) VALUES (90, 12, 2026, '2026-07-15', '18:15:00', 'Event at Scene 12 on 2026-07-15', 'https://via.placeholder.com/779x549.png?text=Event+87');
INSERT INTO festival_event (event_id, scene_id, festival_year, event_date, event_time, descr, img) VALUES (91, 18, 2026, '2026-07-15', '14:00:00', 'Event at Scene 18 on 2026-07-15', 'https://via.placeholder.com/778x433.png?text=Event+84');
INSERT INTO festival_event (event_id, scene_id, festival_year, event_date, event_time, descr, img) VALUES (92, 19, 2026, '2026-07-15', '17:45:00', 'Event at Scene 19 on 2026-07-15', 'https://via.placeholder.com/652x541.png?text=Event+70');
INSERT INTO festival_event (event_id, scene_id, festival_year, event_date, event_time, descr, img) VALUES (93, 29, 2026, '2026-07-15', '14:30:00', 'Event at Scene 29 on 2026-07-15', 'https://via.placeholder.com/612x371.png?text=Event+67');
INSERT INTO festival_event (event_id, scene_id, festival_year, event_date, event_time, descr, img) VALUES (94, 1, 2027, '2027-08-03', '16:00:00', 'Event at Scene 1 on 2027-08-03', 'https://via.placeholder.com/453x454.png?text=Event+79');
INSERT INTO festival_event (event_id, scene_id, festival_year, event_date, event_time, descr, img) VALUES (95, 20, 2027, '2027-08-03', '18:30:00', 'Event at Scene 20 on 2027-08-03', 'https://via.placeholder.com/702x595.png?text=Event+66');
INSERT INTO festival_event (event_id, scene_id, festival_year, event_date, event_time, descr, img) VALUES (96, 5, 2027, '2027-08-03', '17:30:00', 'Event at Scene 5 on 2027-08-03', 'https://via.placeholder.com/777x460.png?text=Event+63');
INSERT INTO festival_event (event_id, scene_id, festival_year, event_date, event_time, descr, img) VALUES (97, 2, 2027, '2027-08-04', '16:45:00', 'Event at Scene 2 on 2027-08-04', 'https://via.placeholder.com/583x400.png?text=Event+74');
INSERT INTO festival_event (event_id, scene_id, festival_year, event_date, event_time, descr, img) VALUES (98, 1, 2027, '2027-08-04', '14:00:00', 'Event at Scene 1 on 2027-08-04', 'https://via.placeholder.com/499x392.png?text=Event+81');
INSERT INTO festival_event (event_id, scene_id, festival_year, event_date, event_time, descr, img) VALUES (99, 11, 2027, '2027-08-04', '17:00:00', 'Event at Scene 11 on 2027-08-04', 'https://via.placeholder.com/547x380.png?text=Event+33');

-- performance --
INSERT INTO performance (performance_id, event_id, start_datetime, descr, duration, performance_type, break_duration, band_id, artist_id, img) VALUES (1, 1, '2018-07-14 16:30:00', 'Performance by band 3', 176, 'warm up', 15, 3, NULL, 'https://via.placeholder.com/556x539.png?text=Performance+84');
INSERT INTO performance (performance_id, event_id, start_datetime, descr, duration, performance_type, break_duration, band_id, artist_id, img) VALUES (2, 2, '2018-07-14 18:00:00', 'Performance by artist 28', 105, 'warm up', 27, NULL, 28, 'https://via.placeholder.com/681x395.png?text=Performance+14');
INSERT INTO performance (performance_id, event_id, start_datetime, descr, duration, performance_type, break_duration, band_id, artist_id, img) VALUES (3, 2, '2018-07-14 20:12:00', 'Performance by band 7', 113, 'warm up', 5, 7, NULL, 'https://via.placeholder.com/668x492.png?text=Performance+85');
INSERT INTO performance (performance_id, event_id, start_datetime, descr, duration, performance_type, break_duration, band_id, artist_id, img) VALUES (4, 3, '2018-07-14 17:00:00', 'Performance by artist 27', 131, 'warm up', 22, NULL, 27, 'https://via.placeholder.com/627x341.png?text=Performance+80');
INSERT INTO performance (performance_id, event_id, start_datetime, descr, duration, performance_type, break_duration, band_id, artist_id, img) VALUES (5, 4, '2018-07-14 15:00:00', 'Performance by artist 21', 145, 'headline', 18, NULL, 21, 'https://via.placeholder.com/551x503.png?text=Performance+27');
INSERT INTO performance (performance_id, event_id, start_datetime, descr, duration, performance_type, break_duration, band_id, artist_id, img) VALUES (6, 4, '2018-07-14 17:43:00', 'Performance by band 6', 101, 'warm up', 12, 6, NULL, 'https://via.placeholder.com/769x498.png?text=Performance+32');
INSERT INTO performance (performance_id, event_id, start_datetime, descr, duration, performance_type, break_duration, band_id, artist_id, img) VALUES (7, 5, '2018-07-14 14:00:00', 'Performance by artist 3', 89, 'Special guest', 24, NULL, 3, 'https://via.placeholder.com/597x393.png?text=Performance+20');
INSERT INTO performance (performance_id, event_id, start_datetime, descr, duration, performance_type, break_duration, band_id, artist_id, img) VALUES (8, 5, '2018-07-14 15:53:00', 'Performance by artist 8', 119, 'headline', 15, NULL, 8, 'https://via.placeholder.com/592x370.png?text=Performance+49');
INSERT INTO performance (performance_id, event_id, start_datetime, descr, duration, performance_type, break_duration, band_id, artist_id, img) VALUES (9, 5, '2018-07-14 18:07:00', 'Performance by artist 10', 110, 'warm up', 29, NULL, 10, 'https://via.placeholder.com/476x478.png?text=Performance+27');
INSERT INTO performance (performance_id, event_id, start_datetime, descr, duration, performance_type, break_duration, band_id, artist_id, img) VALUES (10, 6, '2018-07-14 15:00:00', 'Performance by band 8', 121, 'Special guest', 13, 8, NULL, 'https://via.placeholder.com/699x394.png?text=Performance+19');
INSERT INTO performance (performance_id, event_id, start_datetime, descr, duration, performance_type, break_duration, band_id, artist_id, img) VALUES (11, 7, '2018-07-14 16:45:00', 'Performance by artist 33', 153, 'Special guest', 17, NULL, 33, 'https://via.placeholder.com/715x406.png?text=Performance+70');
INSERT INTO performance (performance_id, event_id, start_datetime, descr, duration, performance_type, break_duration, band_id, artist_id, img) VALUES (12, 7, '2018-07-14 19:35:00', 'Performance by artist 11', 178, 'headline', 13, NULL, 11, 'https://via.placeholder.com/725x342.png?text=Performance+53');
INSERT INTO performance (performance_id, event_id, start_datetime, descr, duration, performance_type, break_duration, band_id, artist_id, img) VALUES (13, 8, '2018-07-15 17:00:00', 'Performance by band 8', 103, 'Special guest', 22, 8, NULL, 'https://via.placeholder.com/754x469.png?text=Performance+29');
INSERT INTO performance (performance_id, event_id, start_datetime, descr, duration, performance_type, break_duration, band_id, artist_id, img) VALUES (14, 8, '2018-07-15 19:05:00', 'Performance by artist 14', 110, 'warm up', 8, NULL, 14, 'https://via.placeholder.com/787x339.png?text=Performance+62');
INSERT INTO performance (performance_id, event_id, start_datetime, descr, duration, performance_type, break_duration, band_id, artist_id, img) VALUES (15, 9, '2018-07-15 18:30:00', 'Performance by artist 12', 145, 'Special guest', 18, NULL, 12, 'https://via.placeholder.com/727x567.png?text=Performance+52');
INSERT INTO performance (performance_id, event_id, start_datetime, descr, duration, performance_type, break_duration, band_id, artist_id, img) VALUES (16, 9, '2018-07-15 21:13:00', 'Performance by band 6', 56, 'warm up', 8, 6, NULL, 'https://via.placeholder.com/593x430.png?text=Performance+59');
INSERT INTO performance (performance_id, event_id, start_datetime, descr, duration, performance_type, break_duration, band_id, artist_id, img) VALUES (17, 10, '2018-07-15 15:45:00', 'Performance by artist 27', 97, 'warm up', 8, NULL, 27, 'https://via.placeholder.com/519x495.png?text=Performance+66');
INSERT INTO performance (performance_id, event_id, start_datetime, descr, duration, performance_type, break_duration, band_id, artist_id, img) VALUES (18, 10, '2018-07-15 17:30:00', 'Performance by artist 20', 147, 'Special guest', 26, NULL, 20, 'https://via.placeholder.com/753x327.png?text=Performance+35');
INSERT INTO performance (performance_id, event_id, start_datetime, descr, duration, performance_type, break_duration, band_id, artist_id, img) VALUES (19, 11, '2019-06-12 15:45:00', 'Performance by artist 12', 117, 'Special guest', 19, NULL, 12, 'https://via.placeholder.com/503x465.png?text=Performance+3');
INSERT INTO performance (performance_id, event_id, start_datetime, descr, duration, performance_type, break_duration, band_id, artist_id, img) VALUES (20, 11, '2019-06-12 18:01:00', 'Performance by artist 35', 88, 'warm up', 22, NULL, 35, 'https://via.placeholder.com/586x483.png?text=Performance+46');
INSERT INTO performance (performance_id, event_id, start_datetime, descr, duration, performance_type, break_duration, band_id, artist_id, img) VALUES (21, 11, '2019-06-12 19:51:00', 'Performance by artist 32', 86, 'headline', 30, NULL, 32, 'https://via.placeholder.com/640x331.png?text=Performance+93');
INSERT INTO performance (performance_id, event_id, start_datetime, descr, duration, performance_type, break_duration, band_id, artist_id, img) VALUES (22, 12, '2019-06-12 17:15:00', 'Performance by band 10', 91, 'warm up', 7, 10, NULL, 'https://via.placeholder.com/661x402.png?text=Performance+24');
INSERT INTO performance (performance_id, event_id, start_datetime, descr, duration, performance_type, break_duration, band_id, artist_id, img) VALUES (23, 12, '2019-06-12 18:53:00', 'Performance by band 6', 63, 'warm up', 13, 6, NULL, 'https://via.placeholder.com/649x427.png?text=Performance+47');
INSERT INTO performance (performance_id, event_id, start_datetime, descr, duration, performance_type, break_duration, band_id, artist_id, img) VALUES (24, 13, '2019-06-12 15:45:00', 'Performance by band 2', 148, 'Special guest', 5, 2, NULL, 'https://via.placeholder.com/538x304.png?text=Performance+95');
INSERT INTO performance (performance_id, event_id, start_datetime, descr, duration, performance_type, break_duration, band_id, artist_id, img) VALUES (25, 14, '2019-06-12 16:15:00', 'Performance by band 4', 50, 'Special guest', 28, 4, NULL, 'https://via.placeholder.com/654x513.png?text=Performance+62');
INSERT INTO performance (performance_id, event_id, start_datetime, descr, duration, performance_type, break_duration, band_id, artist_id, img) VALUES (26, 14, '2019-06-12 17:33:00', 'Performance by band 5', 167, 'warm up', 22, 5, NULL, 'https://via.placeholder.com/640x472.png?text=Performance+84');
INSERT INTO performance (performance_id, event_id, start_datetime, descr, duration, performance_type, break_duration, band_id, artist_id, img) VALUES (27, 14, '2019-06-12 20:42:00', 'Performance by artist 13', 64, 'warm up', 15, NULL, 13, 'https://via.placeholder.com/748x592.png?text=Performance+97');
INSERT INTO performance (performance_id, event_id, start_datetime, descr, duration, performance_type, break_duration, band_id, artist_id, img) VALUES (28, 15, '2019-06-12 16:45:00', 'Performance by artist 3', 64, 'warm up', 13, NULL, 3, 'https://via.placeholder.com/521x485.png?text=Performance+85');
INSERT INTO performance (performance_id, event_id, start_datetime, descr, duration, performance_type, break_duration, band_id, artist_id, img) VALUES (29, 16, '2019-06-12 14:45:00', 'Performance by artist 24', 157, 'warm up', 24, NULL, 24, 'https://via.placeholder.com/407x549.png?text=Performance+46');
INSERT INTO performance (performance_id, event_id, start_datetime, descr, duration, performance_type, break_duration, band_id, artist_id, img) VALUES (30, 16, '2019-06-12 17:46:00', 'Performance by artist 22', 151, 'headline', 30, NULL, 22, 'https://via.placeholder.com/585x586.png?text=Performance+29');
INSERT INTO performance (performance_id, event_id, start_datetime, descr, duration, performance_type, break_duration, band_id, artist_id, img) VALUES (31, 16, '2019-06-12 20:47:00', 'Performance by artist 9', 61, 'Special guest', 11, NULL, 9, 'https://via.placeholder.com/419x325.png?text=Performance+5');
INSERT INTO performance (performance_id, event_id, start_datetime, descr, duration, performance_type, break_duration, band_id, artist_id, img) VALUES (32, 17, '2020-08-29 18:00:00', 'Performance by artist 3', 53, 'warm up', 20, NULL, 3, 'https://via.placeholder.com/559x518.png?text=Performance+13');
INSERT INTO performance (performance_id, event_id, start_datetime, descr, duration, performance_type, break_duration, band_id, artist_id, img) VALUES (33, 18, '2020-08-29 15:30:00', 'Performance by band 1', 124, 'Special guest', 12, 1, NULL, 'https://via.placeholder.com/483x332.png?text=Performance+6');
INSERT INTO performance (performance_id, event_id, start_datetime, descr, duration, performance_type, break_duration, band_id, artist_id, img) VALUES (34, 19, '2020-08-29 17:15:00', 'Performance by band 2', 112, 'headline', 5, 2, NULL, 'https://via.placeholder.com/567x369.png?text=Performance+54');
INSERT INTO performance (performance_id, event_id, start_datetime, descr, duration, performance_type, break_duration, band_id, artist_id, img) VALUES (35, 20, '2020-08-30 16:30:00', 'Performance by artist 35', 145, 'Special guest', 18, NULL, 35, 'https://via.placeholder.com/672x334.png?text=Performance+69');
INSERT INTO performance (performance_id, event_id, start_datetime, descr, duration, performance_type, break_duration, band_id, artist_id, img) VALUES (36, 21, '2020-08-30 18:30:00', 'Performance by band 8', 165, 'headline', 30, 8, NULL, 'https://via.placeholder.com/555x490.png?text=Performance+11');
INSERT INTO performance (performance_id, event_id, start_datetime, descr, duration, performance_type, break_duration, band_id, artist_id, img) VALUES (37, 22, '2020-08-30 16:00:00', 'Performance by band 4', 136, 'Special guest', 10, 4, NULL, 'https://via.placeholder.com/479x349.png?text=Performance+9');
INSERT INTO performance (performance_id, event_id, start_datetime, descr, duration, performance_type, break_duration, band_id, artist_id, img) VALUES (38, 22, '2020-08-30 18:26:00', 'Performance by band 1', 86, 'warm up', 5, 1, NULL, 'https://via.placeholder.com/414x406.png?text=Performance+25');
INSERT INTO performance (performance_id, event_id, start_datetime, descr, duration, performance_type, break_duration, band_id, artist_id, img) VALUES (39, 23, '2021-07-15 15:30:00', 'Performance by band 1', 124, 'headline', 23, 1, NULL, 'https://via.placeholder.com/710x308.png?text=Performance+5');
INSERT INTO performance (performance_id, event_id, start_datetime, descr, duration, performance_type, break_duration, band_id, artist_id, img) VALUES (40, 23, '2021-07-15 17:57:00', 'Performance by band 5', 162, 'Special guest', 8, 5, NULL, 'https://via.placeholder.com/426x335.png?text=Performance+37');
INSERT INTO performance (performance_id, event_id, start_datetime, descr, duration, performance_type, break_duration, band_id, artist_id, img) VALUES (41, 24, '2021-07-15 17:15:00', 'Performance by artist 31', 41, 'headline', 8, NULL, 31, 'https://via.placeholder.com/572x464.png?text=Performance+26');
INSERT INTO performance (performance_id, event_id, start_datetime, descr, duration, performance_type, break_duration, band_id, artist_id, img) VALUES (42, 25, '2021-07-15 18:30:00', 'Performance by band 9', 85, 'Special guest', 12, 9, NULL, 'https://via.placeholder.com/569x414.png?text=Performance+98');
INSERT INTO performance (performance_id, event_id, start_datetime, descr, duration, performance_type, break_duration, band_id, artist_id, img) VALUES (43, 26, '2021-07-15 16:00:00', 'Performance by band 9', 102, 'Special guest', 18, 9, NULL, 'https://via.placeholder.com/489x455.png?text=Performance+22');
INSERT INTO performance (performance_id, event_id, start_datetime, descr, duration, performance_type, break_duration, band_id, artist_id, img) VALUES (44, 26, '2021-07-15 18:00:00', 'Performance by band 1', 95, 'headline', 21, 1, NULL, 'https://via.placeholder.com/431x528.png?text=Performance+52');
INSERT INTO performance (performance_id, event_id, start_datetime, descr, duration, performance_type, break_duration, band_id, artist_id, img) VALUES (45, 27, '2021-07-15 16:30:00', 'Performance by artist 22', 127, 'warm up', 29, NULL, 22, 'https://via.placeholder.com/609x579.png?text=Performance+2');
INSERT INTO performance (performance_id, event_id, start_datetime, descr, duration, performance_type, break_duration, band_id, artist_id, img) VALUES (46, 27, '2021-07-15 19:06:00', 'Performance by band 4', 177, 'warm up', 7, 4, NULL, 'https://via.placeholder.com/516x357.png?text=Performance+62');
INSERT INTO performance (performance_id, event_id, start_datetime, descr, duration, performance_type, break_duration, band_id, artist_id, img) VALUES (47, 27, '2021-07-15 22:10:00', 'Performance by artist 14', 51, 'Special guest', 12, NULL, 14, 'https://via.placeholder.com/480x341.png?text=Performance+69');
INSERT INTO performance (performance_id, event_id, start_datetime, descr, duration, performance_type, break_duration, band_id, artist_id, img) VALUES (48, 28, '2021-07-16 17:30:00', 'Performance by artist 2', 133, 'headline', 29, NULL, 2, 'https://via.placeholder.com/673x331.png?text=Performance+71');
INSERT INTO performance (performance_id, event_id, start_datetime, descr, duration, performance_type, break_duration, band_id, artist_id, img) VALUES (49, 29, '2021-07-16 15:15:00', 'Performance by band 1', 171, 'warm up', 7, 1, NULL, 'https://via.placeholder.com/510x503.png?text=Performance+41');
INSERT INTO performance (performance_id, event_id, start_datetime, descr, duration, performance_type, break_duration, band_id, artist_id, img) VALUES (50, 29, '2021-07-16 18:13:00', 'Performance by band 1', 159, 'warm up', 15, 1, NULL, 'https://via.placeholder.com/765x409.png?text=Performance+72');
INSERT INTO performance (performance_id, event_id, start_datetime, descr, duration, performance_type, break_duration, band_id, artist_id, img) VALUES (51, 30, '2021-07-16 14:00:00', 'Performance by artist 12', 145, 'headline', 18, NULL, 12, 'https://via.placeholder.com/451x521.png?text=Performance+29');
INSERT INTO performance (performance_id, event_id, start_datetime, descr, duration, performance_type, break_duration, band_id, artist_id, img) VALUES (52, 30, '2021-07-16 16:43:00', 'Performance by artist 40', 149, 'headline', 27, NULL, 40, 'https://via.placeholder.com/557x377.png?text=Performance+58');
INSERT INTO performance (performance_id, event_id, start_datetime, descr, duration, performance_type, break_duration, band_id, artist_id, img) VALUES (53, 31, '2021-07-16 17:15:00', 'Performance by band 9', 35, 'headline', 11, 9, NULL, 'https://via.placeholder.com/462x390.png?text=Performance+15');
INSERT INTO performance (performance_id, event_id, start_datetime, descr, duration, performance_type, break_duration, band_id, artist_id, img) VALUES (54, 31, '2021-07-16 18:01:00', 'Performance by artist 35', 161, 'warm up', 30, NULL, 35, 'https://via.placeholder.com/531x543.png?text=Performance+36');
INSERT INTO performance (performance_id, event_id, start_datetime, descr, duration, performance_type, break_duration, band_id, artist_id, img) VALUES (55, 31, '2021-07-16 21:12:00', 'Performance by artist 39', 79, 'headline', 20, NULL, 39, 'https://via.placeholder.com/595x562.png?text=Performance+76');
INSERT INTO performance (performance_id, event_id, start_datetime, descr, duration, performance_type, break_duration, band_id, artist_id, img) VALUES (56, 32, '2021-07-16 15:00:00', 'Performance by artist 13', 75, 'Special guest', 6, NULL, 13, 'https://via.placeholder.com/725x336.png?text=Performance+30');
INSERT INTO performance (performance_id, event_id, start_datetime, descr, duration, performance_type, break_duration, band_id, artist_id, img) VALUES (57, 32, '2021-07-16 16:21:00', 'Performance by band 6', 97, 'Special guest', 20, 6, NULL, 'https://via.placeholder.com/512x427.png?text=Performance+79');
INSERT INTO performance (performance_id, event_id, start_datetime, descr, duration, performance_type, break_duration, band_id, artist_id, img) VALUES (58, 33, '2021-07-16 18:30:00', 'Performance by band 8', 166, 'headline', 30, 8, NULL, 'https://via.placeholder.com/521x524.png?text=Performance+69');
INSERT INTO performance (performance_id, event_id, start_datetime, descr, duration, performance_type, break_duration, band_id, artist_id, img) VALUES (59, 34, '2021-07-16 17:15:00', 'Performance by band 7', 112, 'headline', 16, 7, NULL, 'https://via.placeholder.com/628x419.png?text=Performance+96');
INSERT INTO performance (performance_id, event_id, start_datetime, descr, duration, performance_type, break_duration, band_id, artist_id, img) VALUES (60, 34, '2021-07-16 19:23:00', 'Performance by band 2', 114, 'Special guest', 7, 2, NULL, 'https://via.placeholder.com/689x337.png?text=Performance+74');
INSERT INTO performance (performance_id, event_id, start_datetime, descr, duration, performance_type, break_duration, band_id, artist_id, img) VALUES (61, 34, '2021-07-16 21:24:00', 'Performance by band 10', 179, 'Special guest', 30, 10, NULL, 'https://via.placeholder.com/476x325.png?text=Performance+86');
INSERT INTO performance (performance_id, event_id, start_datetime, descr, duration, performance_type, break_duration, band_id, artist_id, img) VALUES (62, 35, '2021-07-17 18:15:00', 'Performance by artist 29', 77, 'headline', 16, NULL, 29, 'https://via.placeholder.com/661x308.png?text=Performance+32');
INSERT INTO performance (performance_id, event_id, start_datetime, descr, duration, performance_type, break_duration, band_id, artist_id, img) VALUES (63, 36, '2021-07-17 16:00:00', 'Performance by artist 1', 132, 'Special guest', 16, NULL, 1, 'https://via.placeholder.com/619x598.png?text=Performance+34');
INSERT INTO performance (performance_id, event_id, start_datetime, descr, duration, performance_type, break_duration, band_id, artist_id, img) VALUES (64, 36, '2021-07-17 18:28:00', 'Performance by band 8', 120, 'Special guest', 13, 8, NULL, 'https://via.placeholder.com/572x336.png?text=Performance+35');
INSERT INTO performance (performance_id, event_id, start_datetime, descr, duration, performance_type, break_duration, band_id, artist_id, img) VALUES (65, 37, '2021-07-17 15:00:00', 'Performance by artist 38', 107, 'warm up', 25, NULL, 38, 'https://via.placeholder.com/529x484.png?text=Performance+69');
INSERT INTO performance (performance_id, event_id, start_datetime, descr, duration, performance_type, break_duration, band_id, artist_id, img) VALUES (66, 37, '2021-07-17 17:12:00', 'Performance by artist 8', 70, 'headline', 13, NULL, 8, 'https://via.placeholder.com/625x455.png?text=Performance+64');
INSERT INTO performance (performance_id, event_id, start_datetime, descr, duration, performance_type, break_duration, band_id, artist_id, img) VALUES (67, 38, '2022-08-22 18:15:00', 'Performance by artist 20', 122, 'warm up', 13, NULL, 20, 'https://via.placeholder.com/666x310.png?text=Performance+45');
INSERT INTO performance (performance_id, event_id, start_datetime, descr, duration, performance_type, break_duration, band_id, artist_id, img) VALUES (68, 39, '2022-08-22 16:30:00', 'Performance by artist 5', 59, 'Special guest', 22, NULL, 5, 'https://via.placeholder.com/709x551.png?text=Performance+66');
INSERT INTO performance (performance_id, event_id, start_datetime, descr, duration, performance_type, break_duration, band_id, artist_id, img) VALUES (69, 39, '2022-08-22 17:51:00', 'Performance by artist 39', 135, 'headline', 17, NULL, 39, 'https://via.placeholder.com/542x526.png?text=Performance+91');
INSERT INTO performance (performance_id, event_id, start_datetime, descr, duration, performance_type, break_duration, band_id, artist_id, img) VALUES (70, 40, '2022-08-22 17:30:00', 'Performance by artist 28', 74, 'warm up', 30, NULL, 28, 'https://via.placeholder.com/417x344.png?text=Performance+90');
INSERT INTO performance (performance_id, event_id, start_datetime, descr, duration, performance_type, break_duration, band_id, artist_id, img) VALUES (71, 41, '2022-08-22 16:00:00', 'Performance by artist 24', 36, 'warm up', 11, NULL, 24, 'https://via.placeholder.com/733x301.png?text=Performance+83');
INSERT INTO performance (performance_id, event_id, start_datetime, descr, duration, performance_type, break_duration, band_id, artist_id, img) VALUES (72, 41, '2022-08-22 16:47:00', 'Performance by band 5', 85, 'Special guest', 26, 5, NULL, 'https://via.placeholder.com/793x465.png?text=Performance+30');
INSERT INTO performance (performance_id, event_id, start_datetime, descr, duration, performance_type, break_duration, band_id, artist_id, img) VALUES (73, 41, '2022-08-22 18:38:00', 'Performance by band 10', 176, 'Special guest', 15, 10, NULL, 'https://via.placeholder.com/680x460.png?text=Performance+43');
INSERT INTO performance (performance_id, event_id, start_datetime, descr, duration, performance_type, break_duration, band_id, artist_id, img) VALUES (74, 42, '2022-08-22 18:00:00', 'Performance by band 1', 161, 'warm up', 11, 1, NULL, 'https://via.placeholder.com/742x384.png?text=Performance+83');
INSERT INTO performance (performance_id, event_id, start_datetime, descr, duration, performance_type, break_duration, band_id, artist_id, img) VALUES (75, 42, '2022-08-22 20:52:00', 'Performance by band 5', 162, 'headline', 11, 5, NULL, 'https://via.placeholder.com/474x373.png?text=Performance+93');
INSERT INTO performance (performance_id, event_id, start_datetime, descr, duration, performance_type, break_duration, band_id, artist_id, img) VALUES (76, 42, '2022-08-22 23:45:00', 'Performance by artist 11', 144, 'Special guest', 18, NULL, 11, 'https://via.placeholder.com/549x407.png?text=Performance+53');
INSERT INTO performance (performance_id, event_id, start_datetime, descr, duration, performance_type, break_duration, band_id, artist_id, img) VALUES (77, 43, '2022-08-22 17:45:00', 'Performance by band 6', 73, 'Special guest', 15, 6, NULL, 'https://via.placeholder.com/791x569.png?text=Performance+79');
INSERT INTO performance (performance_id, event_id, start_datetime, descr, duration, performance_type, break_duration, band_id, artist_id, img) VALUES (78, 43, '2022-08-22 19:13:00', 'Performance by band 3', 107, 'Special guest', 12, 3, NULL, 'https://via.placeholder.com/741x363.png?text=Performance+57');
INSERT INTO performance (performance_id, event_id, start_datetime, descr, duration, performance_type, break_duration, band_id, artist_id, img) VALUES (79, 44, '2023-08-09 18:15:00', 'Performance by band 5', 177, 'headline', 20, 5, NULL, 'https://via.placeholder.com/705x494.png?text=Performance+58');
INSERT INTO performance (performance_id, event_id, start_datetime, descr, duration, performance_type, break_duration, band_id, artist_id, img) VALUES (80, 45, '2023-08-09 14:15:00', 'Performance by band 9', 81, 'headline', 9, 9, NULL, 'https://via.placeholder.com/548x346.png?text=Performance+99');
INSERT INTO performance (performance_id, event_id, start_datetime, descr, duration, performance_type, break_duration, band_id, artist_id, img) VALUES (81, 45, '2023-08-09 15:45:00', 'Performance by band 10', 113, 'Special guest', 26, 10, NULL, 'https://via.placeholder.com/494x399.png?text=Performance+90');
INSERT INTO performance (performance_id, event_id, start_datetime, descr, duration, performance_type, break_duration, band_id, artist_id, img) VALUES (82, 45, '2023-08-09 18:04:00', 'Performance by band 6', 76, 'headline', 25, 6, NULL, 'https://via.placeholder.com/478x376.png?text=Performance+93');
INSERT INTO performance (performance_id, event_id, start_datetime, descr, duration, performance_type, break_duration, band_id, artist_id, img) VALUES (83, 46, '2023-08-09 16:45:00', 'Performance by artist 25', 168, 'headline', 18, NULL, 25, 'https://via.placeholder.com/437x596.png?text=Performance+58');
INSERT INTO performance (performance_id, event_id, start_datetime, descr, duration, performance_type, break_duration, band_id, artist_id, img) VALUES (84, 46, '2023-08-09 19:51:00', 'Performance by band 4', 167, 'warm up', 8, 4, NULL, 'https://via.placeholder.com/665x409.png?text=Performance+66');
INSERT INTO performance (performance_id, event_id, start_datetime, descr, duration, performance_type, break_duration, band_id, artist_id, img) VALUES (85, 46, '2023-08-09 22:46:00', 'Performance by artist 22', 105, 'Special guest', 28, NULL, 22, 'https://via.placeholder.com/466x588.png?text=Performance+33');
INSERT INTO performance (performance_id, event_id, start_datetime, descr, duration, performance_type, break_duration, band_id, artist_id, img) VALUES (86, 47, '2023-08-09 16:30:00', 'Performance by band 6', 34, 'warm up', 27, 6, NULL, 'https://via.placeholder.com/654x307.png?text=Performance+40');
INSERT INTO performance (performance_id, event_id, start_datetime, descr, duration, performance_type, break_duration, band_id, artist_id, img) VALUES (87, 48, '2023-08-09 14:30:00', 'Performance by artist 32', 75, 'Special guest', 9, NULL, 32, 'https://via.placeholder.com/775x445.png?text=Performance+95');
INSERT INTO performance (performance_id, event_id, start_datetime, descr, duration, performance_type, break_duration, band_id, artist_id, img) VALUES (88, 48, '2023-08-09 15:54:00', 'Performance by band 8', 51, 'Special guest', 24, 8, NULL, 'https://via.placeholder.com/442x486.png?text=Performance+63');
INSERT INTO performance (performance_id, event_id, start_datetime, descr, duration, performance_type, break_duration, band_id, artist_id, img) VALUES (89, 49, '2024-08-18 14:45:00', 'Performance by artist 18', 152, 'warm up', 17, NULL, 18, 'https://via.placeholder.com/641x338.png?text=Performance+52');
INSERT INTO performance (performance_id, event_id, start_datetime, descr, duration, performance_type, break_duration, band_id, artist_id, img) VALUES (90, 50, '2024-08-18 17:15:00', 'Performance by artist 16', 51, 'warm up', 13, NULL, 16, 'https://via.placeholder.com/496x586.png?text=Performance+72');
INSERT INTO performance (performance_id, event_id, start_datetime, descr, duration, performance_type, break_duration, band_id, artist_id, img) VALUES (91, 50, '2024-08-18 18:19:00', 'Performance by artist 19', 67, 'Special guest', 20, NULL, 19, 'https://via.placeholder.com/698x600.png?text=Performance+86');
INSERT INTO performance (performance_id, event_id, start_datetime, descr, duration, performance_type, break_duration, band_id, artist_id, img) VALUES (92, 51, '2024-08-18 15:15:00', 'Performance by artist 9', 46, 'warm up', 19, NULL, 9, 'https://via.placeholder.com/761x416.png?text=Performance+97');
INSERT INTO performance (performance_id, event_id, start_datetime, descr, duration, performance_type, break_duration, band_id, artist_id, img) VALUES (93, 51, '2024-08-18 16:20:00', 'Performance by artist 19', 63, 'warm up', 7, NULL, 19, 'https://via.placeholder.com/403x400.png?text=Performance+79');
INSERT INTO performance (performance_id, event_id, start_datetime, descr, duration, performance_type, break_duration, band_id, artist_id, img) VALUES (94, 51, '2024-08-18 17:30:00', 'Performance by artist 31', 88, 'Special guest', 18, NULL, 31, 'https://via.placeholder.com/697x496.png?text=Performance+68');
INSERT INTO performance (performance_id, event_id, start_datetime, descr, duration, performance_type, break_duration, band_id, artist_id, img) VALUES (95, 52, '2024-08-18 17:30:00', 'Performance by artist 11', 130, 'headline', 26, NULL, 11, 'https://via.placeholder.com/521x589.png?text=Performance+31');
INSERT INTO performance (performance_id, event_id, start_datetime, descr, duration, performance_type, break_duration, band_id, artist_id, img) VALUES (96, 52, '2024-08-18 20:06:00', 'Performance by band 8', 126, 'Special guest', 23, 8, NULL, 'https://via.placeholder.com/561x417.png?text=Performance+4');
INSERT INTO performance (performance_id, event_id, start_datetime, descr, duration, performance_type, break_duration, band_id, artist_id, img) VALUES (97, 53, '2024-08-18 16:30:00', 'Performance by band 7', 44, 'headline', 8, 7, NULL, 'https://via.placeholder.com/409x556.png?text=Performance+27');
INSERT INTO performance (performance_id, event_id, start_datetime, descr, duration, performance_type, break_duration, band_id, artist_id, img) VALUES (98, 53, '2024-08-18 17:22:00', 'Performance by band 7', 167, 'Special guest', 9, 7, NULL, 'https://via.placeholder.com/713x556.png?text=Performance+8');
INSERT INTO performance (performance_id, event_id, start_datetime, descr, duration, performance_type, break_duration, band_id, artist_id, img) VALUES (99, 53, '2024-08-18 20:18:00', 'Performance by artist 14', 39, 'Special guest', 22, NULL, 14, 'https://via.placeholder.com/434x454.png?text=Performance+35');
INSERT INTO performance (performance_id, event_id, start_datetime, descr, duration, performance_type, break_duration, band_id, artist_id, img) VALUES (100, 54, '2025-06-28 17:30:00', 'Performance by band 6', 117, 'Special guest', 13, 6, NULL, 'https://via.placeholder.com/591x498.png?text=Performance+44');
INSERT INTO performance (performance_id, event_id, start_datetime, descr, duration, performance_type, break_duration, band_id, artist_id, img) VALUES (101, 54, '2025-06-28 19:40:00', 'Performance by band 6', 49, 'Special guest', 12, 6, NULL, 'https://via.placeholder.com/530x448.png?text=Performance+85');
INSERT INTO performance (performance_id, event_id, start_datetime, descr, duration, performance_type, break_duration, band_id, artist_id, img) VALUES (102, 54, '2025-06-28 20:41:00', 'Performance by band 5', 141, 'headline', 12, 5, NULL, 'https://via.placeholder.com/633x570.png?text=Performance+21');
INSERT INTO performance (performance_id, event_id, start_datetime, descr, duration, performance_type, break_duration, band_id, artist_id, img) VALUES (103, 55, '2025-06-28 16:30:00', 'Performance by artist 33', 131, 'warm up', 14, NULL, 33, 'https://via.placeholder.com/645x310.png?text=Performance+64');
INSERT INTO performance (performance_id, event_id, start_datetime, descr, duration, performance_type, break_duration, band_id, artist_id, img) VALUES (104, 55, '2025-06-28 18:55:00', 'Performance by artist 32', 167, 'headline', 21, NULL, 32, 'https://via.placeholder.com/535x531.png?text=Performance+91');
INSERT INTO performance (performance_id, event_id, start_datetime, descr, duration, performance_type, break_duration, band_id, artist_id, img) VALUES (105, 55, '2025-06-28 22:03:00', 'Performance by band 1', 88, 'headline', 28, 1, NULL, 'https://via.placeholder.com/748x339.png?text=Performance+66');
INSERT INTO performance (performance_id, event_id, start_datetime, descr, duration, performance_type, break_duration, band_id, artist_id, img) VALUES (106, 56, '2025-06-28 15:00:00', 'Performance by artist 11', 168, 'Special guest', 5, NULL, 11, 'https://via.placeholder.com/558x546.png?text=Performance+92');
INSERT INTO performance (performance_id, event_id, start_datetime, descr, duration, performance_type, break_duration, band_id, artist_id, img) VALUES (107, 56, '2025-06-28 17:53:00', 'Performance by band 10', 164, 'headline', 16, 10, NULL, 'https://via.placeholder.com/456x352.png?text=Performance+17');
INSERT INTO performance (performance_id, event_id, start_datetime, descr, duration, performance_type, break_duration, band_id, artist_id, img) VALUES (108, 56, '2025-06-28 20:53:00', 'Performance by band 3', 89, 'Special guest', 25, 3, NULL, 'https://via.placeholder.com/547x491.png?text=Performance+43');
INSERT INTO performance (performance_id, event_id, start_datetime, descr, duration, performance_type, break_duration, band_id, artist_id, img) VALUES (109, 57, '2025-06-28 18:00:00', 'Performance by artist 37', 129, 'Special guest', 10, NULL, 37, 'https://via.placeholder.com/624x411.png?text=Performance+98');
INSERT INTO performance (performance_id, event_id, start_datetime, descr, duration, performance_type, break_duration, band_id, artist_id, img) VALUES (110, 57, '2025-06-28 20:19:00', 'Performance by artist 8', 133, 'Special guest', 12, NULL, 8, 'https://via.placeholder.com/421x459.png?text=Performance+86');
INSERT INTO performance (performance_id, event_id, start_datetime, descr, duration, performance_type, break_duration, band_id, artist_id, img) VALUES (111, 58, '2025-06-28 14:00:00', 'Performance by artist 14', 126, 'Special guest', 8, NULL, 14, 'https://via.placeholder.com/635x356.png?text=Performance+27');
INSERT INTO performance (performance_id, event_id, start_datetime, descr, duration, performance_type, break_duration, band_id, artist_id, img) VALUES (112, 58, '2025-06-28 16:14:00', 'Performance by band 2', 54, 'Special guest', 30, 2, NULL, 'https://via.placeholder.com/619x356.png?text=Performance+5');
INSERT INTO performance (performance_id, event_id, start_datetime, descr, duration, performance_type, break_duration, band_id, artist_id, img) VALUES (113, 58, '2025-06-28 17:38:00', 'Performance by artist 14', 54, 'headline', 7, NULL, 14, 'https://via.placeholder.com/558x558.png?text=Performance+1');
INSERT INTO performance (performance_id, event_id, start_datetime, descr, duration, performance_type, break_duration, band_id, artist_id, img) VALUES (114, 59, '2025-06-29 15:15:00', 'Performance by artist 34', 120, 'Special guest', 10, NULL, 34, 'https://via.placeholder.com/750x521.png?text=Performance+4');
INSERT INTO performance (performance_id, event_id, start_datetime, descr, duration, performance_type, break_duration, band_id, artist_id, img) VALUES (115, 59, '2025-06-29 17:25:00', 'Performance by artist 28', 79, 'warm up', 11, NULL, 28, 'https://via.placeholder.com/559x554.png?text=Performance+96');
INSERT INTO performance (performance_id, event_id, start_datetime, descr, duration, performance_type, break_duration, band_id, artist_id, img) VALUES (116, 60, '2025-06-29 16:45:00', 'Performance by artist 31', 64, 'Special guest', 27, NULL, 31, 'https://via.placeholder.com/615x301.png?text=Performance+53');
INSERT INTO performance (performance_id, event_id, start_datetime, descr, duration, performance_type, break_duration, band_id, artist_id, img) VALUES (117, 60, '2025-06-29 18:16:00', 'Performance by band 2', 105, 'headline', 28, 2, NULL, 'https://via.placeholder.com/622x550.png?text=Performance+23');
INSERT INTO performance (performance_id, event_id, start_datetime, descr, duration, performance_type, break_duration, band_id, artist_id, img) VALUES (118, 60, '2025-06-29 20:29:00', 'Performance by band 6', 93, 'headline', 22, 6, NULL, 'https://via.placeholder.com/555x392.png?text=Performance+33');
INSERT INTO performance (performance_id, event_id, start_datetime, descr, duration, performance_type, break_duration, band_id, artist_id, img) VALUES (119, 61, '2025-06-29 17:00:00', 'Performance by band 6', 122, 'Special guest', 24, 6, NULL, 'https://via.placeholder.com/572x551.png?text=Performance+80');
INSERT INTO performance (performance_id, event_id, start_datetime, descr, duration, performance_type, break_duration, band_id, artist_id, img) VALUES (120, 61, '2025-06-29 19:26:00', 'Performance by band 1', 148, 'headline', 9, 1, NULL, 'https://via.placeholder.com/689x393.png?text=Performance+17');
INSERT INTO performance (performance_id, event_id, start_datetime, descr, duration, performance_type, break_duration, band_id, artist_id, img) VALUES (121, 62, '2025-06-29 18:30:00', 'Performance by artist 37', 164, 'Special guest', 14, NULL, 37, 'https://via.placeholder.com/533x517.png?text=Performance+37');
INSERT INTO performance (performance_id, event_id, start_datetime, descr, duration, performance_type, break_duration, band_id, artist_id, img) VALUES (122, 62, '2025-06-29 21:28:00', 'Performance by artist 34', 150, 'headline', 13, NULL, 34, 'https://via.placeholder.com/554x484.png?text=Performance+62');
INSERT INTO performance (performance_id, event_id, start_datetime, descr, duration, performance_type, break_duration, band_id, artist_id, img) VALUES (123, 63, '2025-06-29 16:15:00', 'Performance by artist 7', 117, 'headline', 24, NULL, 7, 'https://via.placeholder.com/769x552.png?text=Performance+88');
INSERT INTO performance (performance_id, event_id, start_datetime, descr, duration, performance_type, break_duration, band_id, artist_id, img) VALUES (124, 64, '2025-06-29 18:45:00', 'Performance by band 3', 48, 'headline', 7, 3, NULL, 'https://via.placeholder.com/540x484.png?text=Performance+53');
INSERT INTO performance (performance_id, event_id, start_datetime, descr, duration, performance_type, break_duration, band_id, artist_id, img) VALUES (125, 64, '2025-06-29 19:40:00', 'Performance by band 4', 42, 'Special guest', 14, 4, NULL, 'https://via.placeholder.com/616x558.png?text=Performance+31');
INSERT INTO performance (performance_id, event_id, start_datetime, descr, duration, performance_type, break_duration, band_id, artist_id, img) VALUES (126, 64, '2025-06-29 20:36:00', 'Performance by band 5', 142, 'warm up', 16, 5, NULL, 'https://via.placeholder.com/740x475.png?text=Performance+98');
INSERT INTO performance (performance_id, event_id, start_datetime, descr, duration, performance_type, break_duration, band_id, artist_id, img) VALUES (127, 65, '2025-06-29 18:00:00', 'Performance by artist 4', 42, 'headline', 25, NULL, 4, 'https://via.placeholder.com/597x398.png?text=Performance+12');
INSERT INTO performance (performance_id, event_id, start_datetime, descr, duration, performance_type, break_duration, band_id, artist_id, img) VALUES (128, 65, '2025-06-29 19:07:00', 'Performance by band 6', 53, 'headline', 29, 6, NULL, 'https://via.placeholder.com/442x446.png?text=Performance+71');
INSERT INTO performance (performance_id, event_id, start_datetime, descr, duration, performance_type, break_duration, band_id, artist_id, img) VALUES (129, 66, '2026-07-11 17:15:00', 'Performance by artist 7', 159, 'Special guest', 28, NULL, 7, 'https://via.placeholder.com/757x547.png?text=Performance+80');
INSERT INTO performance (performance_id, event_id, start_datetime, descr, duration, performance_type, break_duration, band_id, artist_id, img) VALUES (130, 66, '2026-07-11 20:22:00', 'Performance by artist 13', 119, 'Special guest', 23, NULL, 13, 'https://via.placeholder.com/542x500.png?text=Performance+70');
INSERT INTO performance (performance_id, event_id, start_datetime, descr, duration, performance_type, break_duration, band_id, artist_id, img) VALUES (131, 67, '2026-07-11 17:00:00', 'Performance by band 10', 148, 'headline', 12, 10, NULL, 'https://via.placeholder.com/730x376.png?text=Performance+53');
INSERT INTO performance (performance_id, event_id, start_datetime, descr, duration, performance_type, break_duration, band_id, artist_id, img) VALUES (132, 68, '2026-07-11 14:30:00', 'Performance by band 5', 103, 'warm up', 14, 5, NULL, 'https://via.placeholder.com/731x535.png?text=Performance+1');
INSERT INTO performance (performance_id, event_id, start_datetime, descr, duration, performance_type, break_duration, band_id, artist_id, img) VALUES (133, 68, '2026-07-11 16:27:00', 'Performance by artist 17', 94, 'headline', 29, NULL, 17, 'https://via.placeholder.com/738x363.png?text=Performance+83');
INSERT INTO performance (performance_id, event_id, start_datetime, descr, duration, performance_type, break_duration, band_id, artist_id, img) VALUES (134, 68, '2026-07-11 18:30:00', 'Performance by band 4', 142, 'warm up', 20, 4, NULL, 'https://via.placeholder.com/623x336.png?text=Performance+93');
INSERT INTO performance (performance_id, event_id, start_datetime, descr, duration, performance_type, break_duration, band_id, artist_id, img) VALUES (135, 69, '2026-07-11 18:45:00', 'Performance by band 8', 154, 'Special guest', 22, 8, NULL, 'https://via.placeholder.com/505x539.png?text=Performance+47');
INSERT INTO performance (performance_id, event_id, start_datetime, descr, duration, performance_type, break_duration, band_id, artist_id, img) VALUES (136, 70, '2026-07-11 14:00:00', 'Performance by band 8', 115, 'headline', 10, 8, NULL, 'https://via.placeholder.com/594x594.png?text=Performance+39');
INSERT INTO performance (performance_id, event_id, start_datetime, descr, duration, performance_type, break_duration, band_id, artist_id, img) VALUES (137, 70, '2026-07-11 16:05:00', 'Performance by artist 19', 91, 'warm up', 11, NULL, 19, 'https://via.placeholder.com/545x544.png?text=Performance+99');
INSERT INTO performance (performance_id, event_id, start_datetime, descr, duration, performance_type, break_duration, band_id, artist_id, img) VALUES (138, 71, '2026-07-11 16:30:00', 'Performance by artist 21', 53, 'Special guest', 7, NULL, 21, 'https://via.placeholder.com/484x388.png?text=Performance+69');
INSERT INTO performance (performance_id, event_id, start_datetime, descr, duration, performance_type, break_duration, band_id, artist_id, img) VALUES (139, 71, '2026-07-11 17:30:00', 'Performance by artist 22', 130, 'Special guest', 27, NULL, 22, 'https://via.placeholder.com/605x600.png?text=Performance+45');
INSERT INTO performance (performance_id, event_id, start_datetime, descr, duration, performance_type, break_duration, band_id, artist_id, img) VALUES (140, 72, '2026-07-11 15:15:00', 'Performance by artist 31', 45, 'headline', 29, NULL, 31, 'https://via.placeholder.com/535x565.png?text=Performance+64');
INSERT INTO performance (performance_id, event_id, start_datetime, descr, duration, performance_type, break_duration, band_id, artist_id, img) VALUES (141, 73, '2026-07-12 15:45:00', 'Performance by band 2', 116, 'headline', 15, 2, NULL, 'https://via.placeholder.com/519x389.png?text=Performance+54');
INSERT INTO performance (performance_id, event_id, start_datetime, descr, duration, performance_type, break_duration, band_id, artist_id, img) VALUES (142, 74, '2026-07-12 15:30:00', 'Performance by band 5', 154, 'warm up', 14, 5, NULL, 'https://via.placeholder.com/729x338.png?text=Performance+92');
INSERT INTO performance (performance_id, event_id, start_datetime, descr, duration, performance_type, break_duration, band_id, artist_id, img) VALUES (143, 74, '2026-07-12 18:18:00', 'Performance by artist 32', 89, 'Special guest', 16, NULL, 32, 'https://via.placeholder.com/434x555.png?text=Performance+56');
INSERT INTO performance (performance_id, event_id, start_datetime, descr, duration, performance_type, break_duration, band_id, artist_id, img) VALUES (144, 75, '2026-07-12 16:15:00', 'Performance by artist 39', 158, 'warm up', 9, NULL, 39, 'https://via.placeholder.com/521x444.png?text=Performance+43');
INSERT INTO performance (performance_id, event_id, start_datetime, descr, duration, performance_type, break_duration, band_id, artist_id, img) VALUES (145, 76, '2026-07-13 14:45:00', 'Performance by artist 2', 176, 'Special guest', 22, NULL, 2, 'https://via.placeholder.com/524x547.png?text=Performance+12');
INSERT INTO performance (performance_id, event_id, start_datetime, descr, duration, performance_type, break_duration, band_id, artist_id, img) VALUES (146, 77, '2026-07-13 15:30:00', 'Performance by band 6', 53, 'headline', 6, 6, NULL, 'https://via.placeholder.com/661x337.png?text=Performance+92');
INSERT INTO performance (performance_id, event_id, start_datetime, descr, duration, performance_type, break_duration, band_id, artist_id, img) VALUES (147, 77, '2026-07-13 16:29:00', 'Performance by artist 11', 72, 'headline', 5, NULL, 11, 'https://via.placeholder.com/404x426.png?text=Performance+34');
INSERT INTO performance (performance_id, event_id, start_datetime, descr, duration, performance_type, break_duration, band_id, artist_id, img) VALUES (148, 78, '2026-07-13 17:45:00', 'Performance by artist 24', 65, 'Special guest', 29, NULL, 24, 'https://via.placeholder.com/492x446.png?text=Performance+57');
INSERT INTO performance (performance_id, event_id, start_datetime, descr, duration, performance_type, break_duration, band_id, artist_id, img) VALUES (149, 78, '2026-07-13 19:19:00', 'Performance by band 10', 55, 'headline', 30, 10, NULL, 'https://via.placeholder.com/651x309.png?text=Performance+54');
INSERT INTO performance (performance_id, event_id, start_datetime, descr, duration, performance_type, break_duration, band_id, artist_id, img) VALUES (150, 79, '2026-07-13 14:00:00', 'Performance by artist 19', 54, 'headline', 9, NULL, 19, 'https://via.placeholder.com/753x355.png?text=Performance+95');
INSERT INTO performance (performance_id, event_id, start_datetime, descr, duration, performance_type, break_duration, band_id, artist_id, img) VALUES (151, 79, '2026-07-13 15:03:00', 'Performance by artist 18', 110, 'Special guest', 27, NULL, 18, 'https://via.placeholder.com/624x344.png?text=Performance+55');
INSERT INTO performance (performance_id, event_id, start_datetime, descr, duration, performance_type, break_duration, band_id, artist_id, img) VALUES (152, 79, '2026-07-13 17:20:00', 'Performance by band 8', 112, 'Special guest', 22, 8, NULL, 'https://via.placeholder.com/722x307.png?text=Performance+47');
INSERT INTO performance (performance_id, event_id, start_datetime, descr, duration, performance_type, break_duration, band_id, artist_id, img) VALUES (153, 80, '2026-07-13 15:30:00', 'Performance by band 2', 143, 'headline', 6, 2, NULL, 'https://via.placeholder.com/608x415.png?text=Performance+81');
INSERT INTO performance (performance_id, event_id, start_datetime, descr, duration, performance_type, break_duration, band_id, artist_id, img) VALUES (154, 80, '2026-07-13 17:59:00', 'Performance by artist 6', 134, 'warm up', 17, NULL, 6, 'https://via.placeholder.com/559x435.png?text=Performance+72');
INSERT INTO performance (performance_id, event_id, start_datetime, descr, duration, performance_type, break_duration, band_id, artist_id, img) VALUES (155, 81, '2026-07-13 15:00:00', 'Performance by band 9', 47, 'Special guest', 21, 9, NULL, 'https://via.placeholder.com/693x547.png?text=Performance+47');
INSERT INTO performance (performance_id, event_id, start_datetime, descr, duration, performance_type, break_duration, band_id, artist_id, img) VALUES (156, 81, '2026-07-13 16:08:00', 'Performance by band 9', 42, 'Special guest', 24, 9, NULL, 'https://via.placeholder.com/545x385.png?text=Performance+4');
INSERT INTO performance (performance_id, event_id, start_datetime, descr, duration, performance_type, break_duration, band_id, artist_id, img) VALUES (157, 81, '2026-07-13 17:14:00', 'Performance by artist 40', 98, 'warm up', 21, NULL, 40, 'https://via.placeholder.com/471x322.png?text=Performance+43');
INSERT INTO performance (performance_id, event_id, start_datetime, descr, duration, performance_type, break_duration, band_id, artist_id, img) VALUES (158, 82, '2026-07-14 18:00:00', 'Performance by band 4', 38, 'headline', 27, 4, NULL, 'https://via.placeholder.com/457x525.png?text=Performance+38');
INSERT INTO performance (performance_id, event_id, start_datetime, descr, duration, performance_type, break_duration, band_id, artist_id, img) VALUES (159, 82, '2026-07-14 19:05:00', 'Performance by artist 5', 57, 'Special guest', 13, NULL, 5, 'https://via.placeholder.com/738x422.png?text=Performance+27');
INSERT INTO performance (performance_id, event_id, start_datetime, descr, duration, performance_type, break_duration, band_id, artist_id, img) VALUES (160, 82, '2026-07-14 20:15:00', 'Performance by artist 29', 85, 'Special guest', 16, NULL, 29, 'https://via.placeholder.com/723x354.png?text=Performance+68');
INSERT INTO performance (performance_id, event_id, start_datetime, descr, duration, performance_type, break_duration, band_id, artist_id, img) VALUES (161, 83, '2026-07-14 16:30:00', 'Performance by band 5', 102, 'Special guest', 20, 5, NULL, 'https://via.placeholder.com/603x348.png?text=Performance+61');
INSERT INTO performance (performance_id, event_id, start_datetime, descr, duration, performance_type, break_duration, band_id, artist_id, img) VALUES (162, 84, '2026-07-14 18:00:00', 'Performance by band 8', 103, 'warm up', 11, 8, NULL, 'https://via.placeholder.com/746x487.png?text=Performance+31');
INSERT INTO performance (performance_id, event_id, start_datetime, descr, duration, performance_type, break_duration, band_id, artist_id, img) VALUES (163, 84, '2026-07-14 19:54:00', 'Performance by artist 26', 64, 'warm up', 28, NULL, 26, 'https://via.placeholder.com/748x322.png?text=Performance+19');
INSERT INTO performance (performance_id, event_id, start_datetime, descr, duration, performance_type, break_duration, band_id, artist_id, img) VALUES (164, 84, '2026-07-14 21:26:00', 'Performance by artist 35', 65, 'warm up', 8, NULL, 35, 'https://via.placeholder.com/557x486.png?text=Performance+47');
INSERT INTO performance (performance_id, event_id, start_datetime, descr, duration, performance_type, break_duration, band_id, artist_id, img) VALUES (165, 85, '2026-07-14 17:45:00', 'Performance by artist 2', 68, 'Special guest', 5, NULL, 2, 'https://via.placeholder.com/713x568.png?text=Performance+78');
INSERT INTO performance (performance_id, event_id, start_datetime, descr, duration, performance_type, break_duration, band_id, artist_id, img) VALUES (166, 86, '2026-07-14 17:45:00', 'Performance by band 7', 137, 'warm up', 23, 7, NULL, 'https://via.placeholder.com/786x477.png?text=Performance+68');
INSERT INTO performance (performance_id, event_id, start_datetime, descr, duration, performance_type, break_duration, band_id, artist_id, img) VALUES (167, 87, '2026-07-14 14:15:00', 'Performance by artist 21', 93, 'headline', 23, NULL, 21, 'https://via.placeholder.com/622x512.png?text=Performance+12');
INSERT INTO performance (performance_id, event_id, start_datetime, descr, duration, performance_type, break_duration, band_id, artist_id, img) VALUES (168, 87, '2026-07-14 16:11:00', 'Performance by artist 4', 92, 'warm up', 6, NULL, 4, 'https://via.placeholder.com/635x426.png?text=Performance+26');
INSERT INTO performance (performance_id, event_id, start_datetime, descr, duration, performance_type, break_duration, band_id, artist_id, img) VALUES (169, 88, '2026-07-15 18:00:00', 'Performance by artist 6', 152, 'warm up', 10, NULL, 6, 'https://via.placeholder.com/759x371.png?text=Performance+98');
INSERT INTO performance (performance_id, event_id, start_datetime, descr, duration, performance_type, break_duration, band_id, artist_id, img) VALUES (170, 88, '2026-07-15 20:42:00', 'Performance by band 1', 90, 'Special guest', 15, 1, NULL, 'https://via.placeholder.com/487x346.png?text=Performance+63');
INSERT INTO performance (performance_id, event_id, start_datetime, descr, duration, performance_type, break_duration, band_id, artist_id, img) VALUES (171, 89, '2026-07-15 16:00:00', 'Performance by artist 2', 30, 'warm up', 25, NULL, 2, 'https://via.placeholder.com/588x538.png?text=Performance+93');
INSERT INTO performance (performance_id, event_id, start_datetime, descr, duration, performance_type, break_duration, band_id, artist_id, img) VALUES (172, 90, '2026-07-15 18:15:00', 'Performance by artist 21', 35, 'Special guest', 21, NULL, 21, 'https://via.placeholder.com/675x381.png?text=Performance+42');
INSERT INTO performance (performance_id, event_id, start_datetime, descr, duration, performance_type, break_duration, band_id, artist_id, img) VALUES (173, 90, '2026-07-15 19:11:00', 'Performance by band 8', 64, 'warm up', 17, 8, NULL, 'https://via.placeholder.com/735x476.png?text=Performance+26');
INSERT INTO performance (performance_id, event_id, start_datetime, descr, duration, performance_type, break_duration, band_id, artist_id, img) VALUES (174, 91, '2026-07-15 14:00:00', 'Performance by artist 18', 58, 'warm up', 18, NULL, 18, 'https://via.placeholder.com/574x400.png?text=Performance+86');
INSERT INTO performance (performance_id, event_id, start_datetime, descr, duration, performance_type, break_duration, band_id, artist_id, img) VALUES (175, 91, '2026-07-15 15:16:00', 'Performance by band 3', 113, 'warm up', 6, 3, NULL, 'https://via.placeholder.com/743x473.png?text=Performance+30');
INSERT INTO performance (performance_id, event_id, start_datetime, descr, duration, performance_type, break_duration, band_id, artist_id, img) VALUES (176, 92, '2026-07-15 17:45:00', 'Performance by artist 32', 54, 'warm up', 15, NULL, 32, 'https://via.placeholder.com/693x516.png?text=Performance+56');
INSERT INTO performance (performance_id, event_id, start_datetime, descr, duration, performance_type, break_duration, band_id, artist_id, img) VALUES (177, 93, '2026-07-15 14:30:00', 'Performance by band 5', 58, 'Special guest', 17, 5, NULL, 'https://via.placeholder.com/629x466.png?text=Performance+3');
INSERT INTO performance (performance_id, event_id, start_datetime, descr, duration, performance_type, break_duration, band_id, artist_id, img) VALUES (178, 94, '2027-08-03 16:00:00', 'Performance by band 3', 73, 'headline', 14, 3, NULL, 'https://via.placeholder.com/757x407.png?text=Performance+90');
INSERT INTO performance (performance_id, event_id, start_datetime, descr, duration, performance_type, break_duration, band_id, artist_id, img) VALUES (179, 95, '2027-08-03 18:30:00', 'Performance by artist 30', 66, 'warm up', 21, NULL, 30, 'https://via.placeholder.com/426x314.png?text=Performance+49');
INSERT INTO performance (performance_id, event_id, start_datetime, descr, duration, performance_type, break_duration, band_id, artist_id, img) VALUES (180, 96, '2027-08-03 17:30:00', 'Performance by band 3', 89, 'Special guest', 22, 3, NULL, 'https://via.placeholder.com/627x491.png?text=Performance+33');
INSERT INTO performance (performance_id, event_id, start_datetime, descr, duration, performance_type, break_duration, band_id, artist_id, img) VALUES (181, 97, '2027-08-04 16:45:00', 'Performance by band 4', 51, 'headline', 17, 4, NULL, 'https://via.placeholder.com/775x462.png?text=Performance+50');
INSERT INTO performance (performance_id, event_id, start_datetime, descr, duration, performance_type, break_duration, band_id, artist_id, img) VALUES (182, 97, '2027-08-04 17:53:00', 'Performance by band 8', 52, 'headline', 5, 8, NULL, 'https://via.placeholder.com/596x359.png?text=Performance+7');
INSERT INTO performance (performance_id, event_id, start_datetime, descr, duration, performance_type, break_duration, band_id, artist_id, img) VALUES (183, 98, '2027-08-04 14:00:00', 'Performance by artist 28', 136, 'headline', 20, NULL, 28, 'https://via.placeholder.com/696x367.png?text=Performance+42');
INSERT INTO performance (performance_id, event_id, start_datetime, descr, duration, performance_type, break_duration, band_id, artist_id, img) VALUES (184, 99, '2027-08-04 17:00:00', 'Performance by band 7', 35, 'Special guest', 25, 7, NULL, 'https://via.placeholder.com/646x527.png?text=Performance+57');

-- staff --
INSERT INTO staff (staff_id, scene_id, staff_name, age, specialty, experience, descr, img) VALUES (1, 12, 'Brett Martinez', 18, 'support staff', 4, 'Support staff, Experience level 4', 'https://via.placeholder.com/557x521.png?text=Staff+91');
INSERT INTO staff (staff_id, scene_id, staff_name, age, specialty, experience, descr, img) VALUES (2, 4, 'Jordan Wallace', 44, 'security personnel', 1, 'Security personnel, Experience level 1', 'https://via.placeholder.com/668x331.png?text=Staff+95');
INSERT INTO staff (staff_id, scene_id, staff_name, age, specialty, experience, descr, img) VALUES (3, 13, 'Austin Boone', 28, 'support staff', 5, 'Support staff, Experience level 5', 'https://via.placeholder.com/598x355.png?text=Staff+68');
INSERT INTO staff (staff_id, scene_id, staff_name, age, specialty, experience, descr, img) VALUES (4, 5, 'Stephanie Davis', 32, 'support staff', 3, 'Support staff, Experience level 3', 'https://via.placeholder.com/507x565.png?text=Staff+10');
INSERT INTO staff (staff_id, scene_id, staff_name, age, specialty, experience, descr, img) VALUES (5, 7, 'Brittany Wong', 43, 'security personnel', 1, 'Security personnel, Experience level 1', 'https://via.placeholder.com/596x378.png?text=Staff+87');
INSERT INTO staff (staff_id, scene_id, staff_name, age, specialty, experience, descr, img) VALUES (6, 11, 'Bryan Newman', 36, 'security personnel', 1, 'Security personnel, Experience level 1', 'https://via.placeholder.com/405x322.png?text=Staff+55');
INSERT INTO staff (staff_id, scene_id, staff_name, age, specialty, experience, descr, img) VALUES (7, 23, 'Christopher Robles', 23, 'technicians', 4, 'Technicians, Experience level 4', 'https://via.placeholder.com/589x426.png?text=Staff+51');
INSERT INTO staff (staff_id, scene_id, staff_name, age, specialty, experience, descr, img) VALUES (8, 14, 'Daniel Hunt', 25, 'security personnel', 4, 'Security personnel, Experience level 4', 'https://via.placeholder.com/680x499.png?text=Staff+92');
INSERT INTO staff (staff_id, scene_id, staff_name, age, specialty, experience, descr, img) VALUES (9, 5, 'Jose Jones', 41, 'technicians', 2, 'Technicians, Experience level 2', 'https://via.placeholder.com/621x432.png?text=Staff+55');
INSERT INTO staff (staff_id, scene_id, staff_name, age, specialty, experience, descr, img) VALUES (10, 22, 'Rebecca Gill', 39, 'technicians', 2, 'Technicians, Experience level 2', 'https://via.placeholder.com/539x326.png?text=Staff+90');
INSERT INTO staff (staff_id, scene_id, staff_name, age, specialty, experience, descr, img) VALUES (11, 17, 'Christie Martinez', 37, 'technicians', 3, 'Technicians, Experience level 3', 'https://via.placeholder.com/697x474.png?text=Staff+20');
INSERT INTO staff (staff_id, scene_id, staff_name, age, specialty, experience, descr, img) VALUES (12, 6, 'Raymond Sandoval', 28, 'technicians', 1, 'Technicians, Experience level 1', 'https://via.placeholder.com/451x423.png?text=Staff+32');
INSERT INTO staff (staff_id, scene_id, staff_name, age, specialty, experience, descr, img) VALUES (13, 7, 'Derek Coleman', 42, 'support staff', 1, 'Support staff, Experience level 1', 'https://via.placeholder.com/478x451.png?text=Staff+34');
INSERT INTO staff (staff_id, scene_id, staff_name, age, specialty, experience, descr, img) VALUES (14, 24, 'Justin Hernandez', 19, 'security personnel', 5, 'Security personnel, Experience level 5', 'https://via.placeholder.com/516x579.png?text=Staff+36');
INSERT INTO staff (staff_id, scene_id, staff_name, age, specialty, experience, descr, img) VALUES (15, 5, 'Crystal Bailey', 24, 'security personnel', 1, 'Security personnel, Experience level 1', 'https://via.placeholder.com/794x438.png?text=Staff+1');
INSERT INTO staff (staff_id, scene_id, staff_name, age, specialty, experience, descr, img) VALUES (16, 26, 'Katelyn Hughes', 35, 'support staff', 3, 'Support staff, Experience level 3', 'https://via.placeholder.com/674x376.png?text=Staff+47');
INSERT INTO staff (staff_id, scene_id, staff_name, age, specialty, experience, descr, img) VALUES (17, 13, 'Samantha Davis', 31, 'technicians', 1, 'Technicians, Experience level 1', 'https://via.placeholder.com/477x535.png?text=Staff+46');
INSERT INTO staff (staff_id, scene_id, staff_name, age, specialty, experience, descr, img) VALUES (18, 9, 'Tammy Nielsen', 35, 'support staff', 5, 'Support staff, Experience level 5', 'https://via.placeholder.com/720x559.png?text=Staff+69');
INSERT INTO staff (staff_id, scene_id, staff_name, age, specialty, experience, descr, img) VALUES (19, 22, 'Pamela Miller', 25, 'security personnel', 1, 'Security personnel, Experience level 1', 'https://via.placeholder.com/755x380.png?text=Staff+17');
INSERT INTO staff (staff_id, scene_id, staff_name, age, specialty, experience, descr, img) VALUES (20, 5, 'Heather Hood', 59, 'security personnel', 1, 'Security personnel, Experience level 1', 'https://via.placeholder.com/461x435.png?text=Staff+13');
INSERT INTO staff (staff_id, scene_id, staff_name, age, specialty, experience, descr, img) VALUES (21, 11, 'Tami Yoder', 20, 'security personnel', 5, 'Security personnel, Experience level 5', 'https://via.placeholder.com/452x531.png?text=Staff+29');
INSERT INTO staff (staff_id, scene_id, staff_name, age, specialty, experience, descr, img) VALUES (22, 14, 'Katelyn Smith', 56, 'support staff', 3, 'Support staff, Experience level 3', 'https://via.placeholder.com/725x479.png?text=Staff+61');
INSERT INTO staff (staff_id, scene_id, staff_name, age, specialty, experience, descr, img) VALUES (23, 2, 'Heather Contreras', 31, 'technicians', 4, 'Technicians, Experience level 4', 'https://via.placeholder.com/556x354.png?text=Staff+55');
INSERT INTO staff (staff_id, scene_id, staff_name, age, specialty, experience, descr, img) VALUES (24, 4, 'Eduardo Potter', 25, 'security personnel', 2, 'Security personnel, Experience level 2', 'https://via.placeholder.com/673x566.png?text=Staff+38');
INSERT INTO staff (staff_id, scene_id, staff_name, age, specialty, experience, descr, img) VALUES (25, 21, 'Tabitha King', 39, 'security personnel', 4, 'Security personnel, Experience level 4', 'https://via.placeholder.com/780x340.png?text=Staff+65');
INSERT INTO staff (staff_id, scene_id, staff_name, age, specialty, experience, descr, img) VALUES (26, 29, 'Christy Stevenson', 27, 'security personnel', 3, 'Security personnel, Experience level 3', 'https://via.placeholder.com/586x593.png?text=Staff+9');
INSERT INTO staff (staff_id, scene_id, staff_name, age, specialty, experience, descr, img) VALUES (27, 29, 'Amy Rogers', 25, 'technicians', 1, 'Technicians, Experience level 1', 'https://via.placeholder.com/522x390.png?text=Staff+46');
INSERT INTO staff (staff_id, scene_id, staff_name, age, specialty, experience, descr, img) VALUES (28, 18, 'Jerry Fletcher', 60, 'technicians', 2, 'Technicians, Experience level 2', 'https://via.placeholder.com/484x547.png?text=Staff+4');
INSERT INTO staff (staff_id, scene_id, staff_name, age, specialty, experience, descr, img) VALUES (29, 22, 'Sheila Jones', 47, 'technicians', 3, 'Technicians, Experience level 3', 'https://via.placeholder.com/480x459.png?text=Staff+57');
INSERT INTO staff (staff_id, scene_id, staff_name, age, specialty, experience, descr, img) VALUES (30, 6, 'Steve Holt', 44, 'security personnel', 1, 'Security personnel, Experience level 1', 'https://via.placeholder.com/478x300.png?text=Staff+38');
INSERT INTO staff (staff_id, scene_id, staff_name, age, specialty, experience, descr, img) VALUES (31, 17, 'Christine Todd', 46, 'technicians', 5, 'Technicians, Experience level 5', 'https://via.placeholder.com/552x367.png?text=Staff+37');
INSERT INTO staff (staff_id, scene_id, staff_name, age, specialty, experience, descr, img) VALUES (32, 4, 'Patricia Nguyen', 47, 'security personnel', 1, 'Security personnel, Experience level 1', 'https://via.placeholder.com/490x476.png?text=Staff+45');
INSERT INTO staff (staff_id, scene_id, staff_name, age, specialty, experience, descr, img) VALUES (33, 7, 'Bruce Stewart', 26, 'support staff', 1, 'Support staff, Experience level 1', 'https://via.placeholder.com/661x390.png?text=Staff+18');
INSERT INTO staff (staff_id, scene_id, staff_name, age, specialty, experience, descr, img) VALUES (34, 5, 'Erin Willis', 59, 'support staff', 1, 'Support staff, Experience level 1', 'https://via.placeholder.com/533x334.png?text=Staff+7');
INSERT INTO staff (staff_id, scene_id, staff_name, age, specialty, experience, descr, img) VALUES (35, 5, 'Julie Lopez', 32, 'support staff', 2, 'Support staff, Experience level 2', 'https://via.placeholder.com/684x522.png?text=Staff+81');
INSERT INTO staff (staff_id, scene_id, staff_name, age, specialty, experience, descr, img) VALUES (36, 3, 'Robert Ramirez', 35, 'technicians', 2, 'Technicians, Experience level 2', 'https://via.placeholder.com/753x311.png?text=Staff+97');
INSERT INTO staff (staff_id, scene_id, staff_name, age, specialty, experience, descr, img) VALUES (37, 10, 'Timothy Taylor', 57, 'technicians', 4, 'Technicians, Experience level 4', 'https://via.placeholder.com/423x377.png?text=Staff+19');
INSERT INTO staff (staff_id, scene_id, staff_name, age, specialty, experience, descr, img) VALUES (38, 6, 'Mrs. Kimberly Washington', 32, 'security personnel', 5, 'Security personnel, Experience level 5', 'https://via.placeholder.com/437x466.png?text=Staff+85');
INSERT INTO staff (staff_id, scene_id, staff_name, age, specialty, experience, descr, img) VALUES (39, 23, 'Micheal Jordan', 47, 'support staff', 1, 'Support staff, Experience level 1', 'https://via.placeholder.com/508x585.png?text=Staff+15');
INSERT INTO staff (staff_id, scene_id, staff_name, age, specialty, experience, descr, img) VALUES (40, 11, 'Adam Fields', 49, 'support staff', 5, 'Support staff, Experience level 5', 'https://via.placeholder.com/634x318.png?text=Staff+58');
INSERT INTO staff (staff_id, scene_id, staff_name, age, specialty, experience, descr, img) VALUES (41, 27, 'Steven Lara', 47, 'security personnel', 2, 'Security personnel, Experience level 2', 'https://via.placeholder.com/659x570.png?text=Staff+67');
INSERT INTO staff (staff_id, scene_id, staff_name, age, specialty, experience, descr, img) VALUES (42, 28, 'John Jordan', 60, 'technicians', 4, 'Technicians, Experience level 4', 'https://via.placeholder.com/564x594.png?text=Staff+18');
INSERT INTO staff (staff_id, scene_id, staff_name, age, specialty, experience, descr, img) VALUES (43, 12, 'Paul Pena', 29, 'support staff', 1, 'Support staff, Experience level 1', 'https://via.placeholder.com/655x509.png?text=Staff+49');
INSERT INTO staff (staff_id, scene_id, staff_name, age, specialty, experience, descr, img) VALUES (44, 29, 'Jacob Bond', 59, 'security personnel', 2, 'Security personnel, Experience level 2', 'https://via.placeholder.com/432x459.png?text=Staff+1');
INSERT INTO staff (staff_id, scene_id, staff_name, age, specialty, experience, descr, img) VALUES (45, 11, 'Alicia Perez', 33, 'support staff', 1, 'Support staff, Experience level 1', 'https://via.placeholder.com/479x505.png?text=Staff+39');
INSERT INTO staff (staff_id, scene_id, staff_name, age, specialty, experience, descr, img) VALUES (46, 14, 'Kathleen Schultz', 40, 'technicians', 4, 'Technicians, Experience level 4', 'https://via.placeholder.com/523x323.png?text=Staff+80');
INSERT INTO staff (staff_id, scene_id, staff_name, age, specialty, experience, descr, img) VALUES (47, 20, 'Samuel Bryant', 56, 'security personnel', 2, 'Security personnel, Experience level 2', 'https://via.placeholder.com/507x300.png?text=Staff+41');
INSERT INTO staff (staff_id, scene_id, staff_name, age, specialty, experience, descr, img) VALUES (48, 25, 'Donna Sanders', 22, 'security personnel', 3, 'Security personnel, Experience level 3', 'https://via.placeholder.com/700x592.png?text=Staff+60');
INSERT INTO staff (staff_id, scene_id, staff_name, age, specialty, experience, descr, img) VALUES (49, 12, 'Jody Hayes', 24, 'security personnel', 5, 'Security personnel, Experience level 5', 'https://via.placeholder.com/427x530.png?text=Staff+27');
INSERT INTO staff (staff_id, scene_id, staff_name, age, specialty, experience, descr, img) VALUES (50, 20, 'Laura Brown', 22, 'support staff', 3, 'Support staff, Experience level 3', 'https://via.placeholder.com/435x375.png?text=Staff+96');

-- staff_event --
INSERT INTO staff_event (staff_id, event_id) VALUES (4, 1);
INSERT INTO staff_event (staff_id, event_id) VALUES (16, 1);
INSERT INTO staff_event (staff_id, event_id) VALUES (34, 1);
INSERT INTO staff_event (staff_id, event_id) VALUES (49, 1);
INSERT INTO staff_event (staff_id, event_id) VALUES (37, 1);
INSERT INTO staff_event (staff_id, event_id) VALUES (40, 1);
INSERT INTO staff_event (staff_id, event_id) VALUES (31, 1);
INSERT INTO staff_event (staff_id, event_id) VALUES (43, 1);
INSERT INTO staff_event (staff_id, event_id) VALUES (7, 1);
INSERT INTO staff_event (staff_id, event_id) VALUES (29, 1);
INSERT INTO staff_event (staff_id, event_id) VALUES (32, 1);
INSERT INTO staff_event (staff_id, event_id) VALUES (23, 1);
INSERT INTO staff_event (staff_id, event_id) VALUES (27, 1);
INSERT INTO staff_event (staff_id, event_id) VALUES (6, 1);
INSERT INTO staff_event (staff_id, event_id) VALUES (30, 1);
INSERT INTO staff_event (staff_id, event_id) VALUES (18, 1);
INSERT INTO staff_event (staff_id, event_id) VALUES (37, 2);
INSERT INTO staff_event (staff_id, event_id) VALUES (28, 2);
INSERT INTO staff_event (staff_id, event_id) VALUES (40, 2);
INSERT INTO staff_event (staff_id, event_id) VALUES (43, 2);
INSERT INTO staff_event (staff_id, event_id) VALUES (34, 2);
INSERT INTO staff_event (staff_id, event_id) VALUES (7, 2);
INSERT INTO staff_event (staff_id, event_id) VALUES (16, 2);
INSERT INTO staff_event (staff_id, event_id) VALUES (19, 2);
INSERT INTO staff_event (staff_id, event_id) VALUES (14, 2);
INSERT INTO staff_event (staff_id, event_id) VALUES (32, 2);
INSERT INTO staff_event (staff_id, event_id) VALUES (20, 2);
INSERT INTO staff_event (staff_id, event_id) VALUES (27, 2);
INSERT INTO staff_event (staff_id, event_id) VALUES (18, 2);
INSERT INTO staff_event (staff_id, event_id) VALUES (48, 2);
INSERT INTO staff_event (staff_id, event_id) VALUES (12, 2);
INSERT INTO staff_event (staff_id, event_id) VALUES (30, 2);
INSERT INTO staff_event (staff_id, event_id) VALUES (37, 3);
INSERT INTO staff_event (staff_id, event_id) VALUES (46, 3);
INSERT INTO staff_event (staff_id, event_id) VALUES (49, 3);
INSERT INTO staff_event (staff_id, event_id) VALUES (13, 3);
INSERT INTO staff_event (staff_id, event_id) VALUES (34, 3);
INSERT INTO staff_event (staff_id, event_id) VALUES (25, 3);
INSERT INTO staff_event (staff_id, event_id) VALUES (23, 3);
INSERT INTO staff_event (staff_id, event_id) VALUES (2, 3);
INSERT INTO staff_event (staff_id, event_id) VALUES (9, 3);
INSERT INTO staff_event (staff_id, event_id) VALUES (48, 3);
INSERT INTO staff_event (staff_id, event_id) VALUES (12, 3);
INSERT INTO staff_event (staff_id, event_id) VALUES (15, 3);
INSERT INTO staff_event (staff_id, event_id) VALUES (22, 4);
INSERT INTO staff_event (staff_id, event_id) VALUES (1, 4);
INSERT INTO staff_event (staff_id, event_id) VALUES (34, 4);
INSERT INTO staff_event (staff_id, event_id) VALUES (7, 4);
INSERT INTO staff_event (staff_id, event_id) VALUES (37, 4);
INSERT INTO staff_event (staff_id, event_id) VALUES (19, 4);
INSERT INTO staff_event (staff_id, event_id) VALUES (10, 4);
INSERT INTO staff_event (staff_id, event_id) VALUES (25, 4);
INSERT INTO staff_event (staff_id, event_id) VALUES (11, 4);
INSERT INTO staff_event (staff_id, event_id) VALUES (17, 4);
INSERT INTO staff_event (staff_id, event_id) VALUES (14, 4);
INSERT INTO staff_event (staff_id, event_id) VALUES (15, 4);
INSERT INTO staff_event (staff_id, event_id) VALUES (24, 4);
INSERT INTO staff_event (staff_id, event_id) VALUES (33, 4);
INSERT INTO staff_event (staff_id, event_id) VALUES (37, 5);
INSERT INTO staff_event (staff_id, event_id) VALUES (10, 5);
INSERT INTO staff_event (staff_id, event_id) VALUES (13, 5);
INSERT INTO staff_event (staff_id, event_id) VALUES (16, 5);
INSERT INTO staff_event (staff_id, event_id) VALUES (49, 5);
INSERT INTO staff_event (staff_id, event_id) VALUES (26, 5);
INSERT INTO staff_event (staff_id, event_id) VALUES (17, 5);
INSERT INTO staff_event (staff_id, event_id) VALUES (24, 5);
INSERT INTO staff_event (staff_id, event_id) VALUES (3, 5);
INSERT INTO staff_event (staff_id, event_id) VALUES (45, 5);
INSERT INTO staff_event (staff_id, event_id) VALUES (46, 6);
INSERT INTO staff_event (staff_id, event_id) VALUES (25, 6);
INSERT INTO staff_event (staff_id, event_id) VALUES (49, 6);
INSERT INTO staff_event (staff_id, event_id) VALUES (4, 6);
INSERT INTO staff_event (staff_id, event_id) VALUES (43, 6);
INSERT INTO staff_event (staff_id, event_id) VALUES (22, 6);
INSERT INTO staff_event (staff_id, event_id) VALUES (28, 6);
INSERT INTO staff_event (staff_id, event_id) VALUES (37, 6);
INSERT INTO staff_event (staff_id, event_id) VALUES (8, 6);
INSERT INTO staff_event (staff_id, event_id) VALUES (23, 6);
INSERT INTO staff_event (staff_id, event_id) VALUES (29, 6);
INSERT INTO staff_event (staff_id, event_id) VALUES (24, 6);
INSERT INTO staff_event (staff_id, event_id) VALUES (9, 6);
INSERT INTO staff_event (staff_id, event_id) VALUES (27, 6);
INSERT INTO staff_event (staff_id, event_id) VALUES (18, 6);
INSERT INTO staff_event (staff_id, event_id) VALUES (33, 6);
INSERT INTO staff_event (staff_id, event_id) VALUES (49, 7);
INSERT INTO staff_event (staff_id, event_id) VALUES (22, 7);
INSERT INTO staff_event (staff_id, event_id) VALUES (31, 7);
INSERT INTO staff_event (staff_id, event_id) VALUES (1, 7);
INSERT INTO staff_event (staff_id, event_id) VALUES (43, 7);
INSERT INTO staff_event (staff_id, event_id) VALUES (2, 7);
INSERT INTO staff_event (staff_id, event_id) VALUES (38, 7);
INSERT INTO staff_event (staff_id, event_id) VALUES (48, 7);
INSERT INTO staff_event (staff_id, event_id) VALUES (33, 7);
INSERT INTO staff_event (staff_id, event_id) VALUES (24, 7);
INSERT INTO staff_event (staff_id, event_id) VALUES (10, 8);
INSERT INTO staff_event (staff_id, event_id) VALUES (19, 8);
INSERT INTO staff_event (staff_id, event_id) VALUES (34, 8);
INSERT INTO staff_event (staff_id, event_id) VALUES (4, 8);
INSERT INTO staff_event (staff_id, event_id) VALUES (7, 8);
INSERT INTO staff_event (staff_id, event_id) VALUES (49, 8);
INSERT INTO staff_event (staff_id, event_id) VALUES (13, 8);
INSERT INTO staff_event (staff_id, event_id) VALUES (25, 8);
INSERT INTO staff_event (staff_id, event_id) VALUES (41, 8);
INSERT INTO staff_event (staff_id, event_id) VALUES (50, 8);
INSERT INTO staff_event (staff_id, event_id) VALUES (17, 8);
INSERT INTO staff_event (staff_id, event_id) VALUES (30, 8);
INSERT INTO staff_event (staff_id, event_id) VALUES (21, 8);
INSERT INTO staff_event (staff_id, event_id) VALUES (45, 8);
INSERT INTO staff_event (staff_id, event_id) VALUES (42, 8);
INSERT INTO staff_event (staff_id, event_id) VALUES (28, 9);
INSERT INTO staff_event (staff_id, event_id) VALUES (46, 9);
INSERT INTO staff_event (staff_id, event_id) VALUES (13, 9);
INSERT INTO staff_event (staff_id, event_id) VALUES (1, 9);
INSERT INTO staff_event (staff_id, event_id) VALUES (25, 9);
INSERT INTO staff_event (staff_id, event_id) VALUES (40, 9);
INSERT INTO staff_event (staff_id, event_id) VALUES (7, 9);
INSERT INTO staff_event (staff_id, event_id) VALUES (37, 9);
INSERT INTO staff_event (staff_id, event_id) VALUES (29, 9);
INSERT INTO staff_event (staff_id, event_id) VALUES (14, 9);
INSERT INTO staff_event (staff_id, event_id) VALUES (20, 9);
INSERT INTO staff_event (staff_id, event_id) VALUES (39, 9);
INSERT INTO staff_event (staff_id, event_id) VALUES (27, 9);
INSERT INTO staff_event (staff_id, event_id) VALUES (3, 9);
INSERT INTO staff_event (staff_id, event_id) VALUES (4, 10);
INSERT INTO staff_event (staff_id, event_id) VALUES (49, 10);
INSERT INTO staff_event (staff_id, event_id) VALUES (28, 10);
INSERT INTO staff_event (staff_id, event_id) VALUES (43, 10);
INSERT INTO staff_event (staff_id, event_id) VALUES (22, 10);
INSERT INTO staff_event (staff_id, event_id) VALUES (8, 10);
INSERT INTO staff_event (staff_id, event_id) VALUES (38, 10);
INSERT INTO staff_event (staff_id, event_id) VALUES (12, 10);
INSERT INTO staff_event (staff_id, event_id) VALUES (6, 10);
INSERT INTO staff_event (staff_id, event_id) VALUES (21, 10);
INSERT INTO staff_event (staff_id, event_id) VALUES (15, 10);
INSERT INTO staff_event (staff_id, event_id) VALUES (48, 10);
INSERT INTO staff_event (staff_id, event_id) VALUES (37, 11);
INSERT INTO staff_event (staff_id, event_id) VALUES (40, 11);
INSERT INTO staff_event (staff_id, event_id) VALUES (46, 11);
INSERT INTO staff_event (staff_id, event_id) VALUES (25, 11);
INSERT INTO staff_event (staff_id, event_id) VALUES (10, 11);
INSERT INTO staff_event (staff_id, event_id) VALUES (19, 11);
INSERT INTO staff_event (staff_id, event_id) VALUES (16, 11);
INSERT INTO staff_event (staff_id, event_id) VALUES (4, 11);
INSERT INTO staff_event (staff_id, event_id) VALUES (49, 11);
INSERT INTO staff_event (staff_id, event_id) VALUES (38, 11);
INSERT INTO staff_event (staff_id, event_id) VALUES (35, 11);
INSERT INTO staff_event (staff_id, event_id) VALUES (32, 11);
INSERT INTO staff_event (staff_id, event_id) VALUES (12, 11);
INSERT INTO staff_event (staff_id, event_id) VALUES (48, 11);
INSERT INTO staff_event (staff_id, event_id) VALUES (21, 11);
INSERT INTO staff_event (staff_id, event_id) VALUES (45, 11);
INSERT INTO staff_event (staff_id, event_id) VALUES (10, 12);
INSERT INTO staff_event (staff_id, event_id) VALUES (16, 12);
INSERT INTO staff_event (staff_id, event_id) VALUES (46, 12);
INSERT INTO staff_event (staff_id, event_id) VALUES (25, 12);
INSERT INTO staff_event (staff_id, event_id) VALUES (34, 12);
INSERT INTO staff_event (staff_id, event_id) VALUES (22, 12);
INSERT INTO staff_event (staff_id, event_id) VALUES (4, 12);
INSERT INTO staff_event (staff_id, event_id) VALUES (26, 12);
INSERT INTO staff_event (staff_id, event_id) VALUES (2, 12);
INSERT INTO staff_event (staff_id, event_id) VALUES (30, 12);
INSERT INTO staff_event (staff_id, event_id) VALUES (3, 12);
INSERT INTO staff_event (staff_id, event_id) VALUES (39, 12);
INSERT INTO staff_event (staff_id, event_id) VALUES (7, 13);
INSERT INTO staff_event (staff_id, event_id) VALUES (28, 13);
INSERT INTO staff_event (staff_id, event_id) VALUES (43, 13);
INSERT INTO staff_event (staff_id, event_id) VALUES (19, 13);
INSERT INTO staff_event (staff_id, event_id) VALUES (34, 13);
INSERT INTO staff_event (staff_id, event_id) VALUES (25, 13);
INSERT INTO staff_event (staff_id, event_id) VALUES (2, 13);
INSERT INTO staff_event (staff_id, event_id) VALUES (8, 13);
INSERT INTO staff_event (staff_id, event_id) VALUES (9, 13);
INSERT INTO staff_event (staff_id, event_id) VALUES (30, 13);
INSERT INTO staff_event (staff_id, event_id) VALUES (49, 14);
INSERT INTO staff_event (staff_id, event_id) VALUES (34, 14);
INSERT INTO staff_event (staff_id, event_id) VALUES (28, 14);
INSERT INTO staff_event (staff_id, event_id) VALUES (31, 14);
INSERT INTO staff_event (staff_id, event_id) VALUES (16, 14);
INSERT INTO staff_event (staff_id, event_id) VALUES (35, 14);
INSERT INTO staff_event (staff_id, event_id) VALUES (41, 14);
INSERT INTO staff_event (staff_id, event_id) VALUES (27, 14);
INSERT INTO staff_event (staff_id, event_id) VALUES (48, 14);
INSERT INTO staff_event (staff_id, event_id) VALUES (18, 14);
INSERT INTO staff_event (staff_id, event_id) VALUES (42, 14);
INSERT INTO staff_event (staff_id, event_id) VALUES (49, 15);
INSERT INTO staff_event (staff_id, event_id) VALUES (43, 15);
INSERT INTO staff_event (staff_id, event_id) VALUES (25, 15);
INSERT INTO staff_event (staff_id, event_id) VALUES (4, 15);
INSERT INTO staff_event (staff_id, event_id) VALUES (16, 15);
INSERT INTO staff_event (staff_id, event_id) VALUES (22, 15);
INSERT INTO staff_event (staff_id, event_id) VALUES (14, 15);
INSERT INTO staff_event (staff_id, event_id) VALUES (26, 15);
INSERT INTO staff_event (staff_id, event_id) VALUES (15, 15);
INSERT INTO staff_event (staff_id, event_id) VALUES (12, 15);
INSERT INTO staff_event (staff_id, event_id) VALUES (7, 16);
INSERT INTO staff_event (staff_id, event_id) VALUES (16, 16);
INSERT INTO staff_event (staff_id, event_id) VALUES (13, 16);
INSERT INTO staff_event (staff_id, event_id) VALUES (28, 16);
INSERT INTO staff_event (staff_id, event_id) VALUES (31, 16);
INSERT INTO staff_event (staff_id, event_id) VALUES (2, 16);
INSERT INTO staff_event (staff_id, event_id) VALUES (5, 16);
INSERT INTO staff_event (staff_id, event_id) VALUES (9, 16);
INSERT INTO staff_event (staff_id, event_id) VALUES (33, 16);
INSERT INTO staff_event (staff_id, event_id) VALUES (46, 17);
INSERT INTO staff_event (staff_id, event_id) VALUES (34, 17);
INSERT INTO staff_event (staff_id, event_id) VALUES (1, 17);
INSERT INTO staff_event (staff_id, event_id) VALUES (16, 17);
INSERT INTO staff_event (staff_id, event_id) VALUES (37, 17);
INSERT INTO staff_event (staff_id, event_id) VALUES (19, 17);
INSERT INTO staff_event (staff_id, event_id) VALUES (31, 17);
INSERT INTO staff_event (staff_id, event_id) VALUES (28, 17);
INSERT INTO staff_event (staff_id, event_id) VALUES (25, 17);
INSERT INTO staff_event (staff_id, event_id) VALUES (17, 17);
INSERT INTO staff_event (staff_id, event_id) VALUES (23, 17);
INSERT INTO staff_event (staff_id, event_id) VALUES (2, 17);
INSERT INTO staff_event (staff_id, event_id) VALUES (24, 17);
INSERT INTO staff_event (staff_id, event_id) VALUES (39, 17);
INSERT INTO staff_event (staff_id, event_id) VALUES (18, 17);
INSERT INTO staff_event (staff_id, event_id) VALUES (40, 18);
INSERT INTO staff_event (staff_id, event_id) VALUES (7, 18);
INSERT INTO staff_event (staff_id, event_id) VALUES (25, 18);
INSERT INTO staff_event (staff_id, event_id) VALUES (1, 18);
INSERT INTO staff_event (staff_id, event_id) VALUES (28, 18);
INSERT INTO staff_event (staff_id, event_id) VALUES (37, 18);
INSERT INTO staff_event (staff_id, event_id) VALUES (23, 18);
INSERT INTO staff_event (staff_id, event_id) VALUES (32, 18);
INSERT INTO staff_event (staff_id, event_id) VALUES (12, 18);
INSERT INTO staff_event (staff_id, event_id) VALUES (24, 18);
INSERT INTO staff_event (staff_id, event_id) VALUES (48, 18);
INSERT INTO staff_event (staff_id, event_id) VALUES (33, 18);
INSERT INTO staff_event (staff_id, event_id) VALUES (39, 18);
INSERT INTO staff_event (staff_id, event_id) VALUES (49, 19);
INSERT INTO staff_event (staff_id, event_id) VALUES (4, 19);
INSERT INTO staff_event (staff_id, event_id) VALUES (19, 19);
INSERT INTO staff_event (staff_id, event_id) VALUES (22, 19);
INSERT INTO staff_event (staff_id, event_id) VALUES (28, 19);
INSERT INTO staff_event (staff_id, event_id) VALUES (47, 19);
INSERT INTO staff_event (staff_id, event_id) VALUES (5, 19);
INSERT INTO staff_event (staff_id, event_id) VALUES (33, 19);
INSERT INTO staff_event (staff_id, event_id) VALUES (3, 19);
INSERT INTO staff_event (staff_id, event_id) VALUES (48, 19);
INSERT INTO staff_event (staff_id, event_id) VALUES (12, 19);
INSERT INTO staff_event (staff_id, event_id) VALUES (36, 19);
INSERT INTO staff_event (staff_id, event_id) VALUES (1, 20);
INSERT INTO staff_event (staff_id, event_id) VALUES (19, 20);
INSERT INTO staff_event (staff_id, event_id) VALUES (31, 20);
INSERT INTO staff_event (staff_id, event_id) VALUES (49, 20);
INSERT INTO staff_event (staff_id, event_id) VALUES (40, 20);
INSERT INTO staff_event (staff_id, event_id) VALUES (26, 20);
INSERT INTO staff_event (staff_id, event_id) VALUES (50, 20);
INSERT INTO staff_event (staff_id, event_id) VALUES (36, 20);
INSERT INTO staff_event (staff_id, event_id) VALUES (15, 20);
INSERT INTO staff_event (staff_id, event_id) VALUES (13, 21);
INSERT INTO staff_event (staff_id, event_id) VALUES (16, 21);
INSERT INTO staff_event (staff_id, event_id) VALUES (22, 21);
INSERT INTO staff_event (staff_id, event_id) VALUES (7, 21);
INSERT INTO staff_event (staff_id, event_id) VALUES (46, 21);
INSERT INTO staff_event (staff_id, event_id) VALUES (19, 21);
INSERT INTO staff_event (staff_id, event_id) VALUES (38, 21);
INSERT INTO staff_event (staff_id, event_id) VALUES (41, 21);
INSERT INTO staff_event (staff_id, event_id) VALUES (6, 21);
INSERT INTO staff_event (staff_id, event_id) VALUES (36, 21);
INSERT INTO staff_event (staff_id, event_id) VALUES (33, 21);
INSERT INTO staff_event (staff_id, event_id) VALUES (3, 21);
INSERT INTO staff_event (staff_id, event_id) VALUES (34, 22);
INSERT INTO staff_event (staff_id, event_id) VALUES (19, 22);
INSERT INTO staff_event (staff_id, event_id) VALUES (43, 22);
INSERT INTO staff_event (staff_id, event_id) VALUES (22, 22);
INSERT INTO staff_event (staff_id, event_id) VALUES (10, 22);
INSERT INTO staff_event (staff_id, event_id) VALUES (49, 22);
INSERT INTO staff_event (staff_id, event_id) VALUES (13, 22);
INSERT INTO staff_event (staff_id, event_id) VALUES (37, 22);
INSERT INTO staff_event (staff_id, event_id) VALUES (23, 22);
INSERT INTO staff_event (staff_id, event_id) VALUES (47, 22);
INSERT INTO staff_event (staff_id, event_id) VALUES (44, 22);
INSERT INTO staff_event (staff_id, event_id) VALUES (15, 22);
INSERT INTO staff_event (staff_id, event_id) VALUES (21, 22);
INSERT INTO staff_event (staff_id, event_id) VALUES (33, 22);
INSERT INTO staff_event (staff_id, event_id) VALUES (12, 22);
INSERT INTO staff_event (staff_id, event_id) VALUES (39, 22);
INSERT INTO staff_event (staff_id, event_id) VALUES (13, 23);
INSERT INTO staff_event (staff_id, event_id) VALUES (16, 23);
INSERT INTO staff_event (staff_id, event_id) VALUES (37, 23);
INSERT INTO staff_event (staff_id, event_id) VALUES (19, 23);
INSERT INTO staff_event (staff_id, event_id) VALUES (1, 23);
INSERT INTO staff_event (staff_id, event_id) VALUES (46, 23);
INSERT INTO staff_event (staff_id, event_id) VALUES (49, 23);
INSERT INTO staff_event (staff_id, event_id) VALUES (43, 23);
INSERT INTO staff_event (staff_id, event_id) VALUES (34, 23);
INSERT INTO staff_event (staff_id, event_id) VALUES (26, 23);
INSERT INTO staff_event (staff_id, event_id) VALUES (44, 23);
INSERT INTO staff_event (staff_id, event_id) VALUES (8, 23);
INSERT INTO staff_event (staff_id, event_id) VALUES (24, 23);
INSERT INTO staff_event (staff_id, event_id) VALUES (36, 23);
INSERT INTO staff_event (staff_id, event_id) VALUES (21, 23);
INSERT INTO staff_event (staff_id, event_id) VALUES (30, 23);
INSERT INTO staff_event (staff_id, event_id) VALUES (25, 24);
INSERT INTO staff_event (staff_id, event_id) VALUES (4, 24);
INSERT INTO staff_event (staff_id, event_id) VALUES (31, 24);
INSERT INTO staff_event (staff_id, event_id) VALUES (43, 24);
INSERT INTO staff_event (staff_id, event_id) VALUES (16, 24);
INSERT INTO staff_event (staff_id, event_id) VALUES (49, 24);
INSERT INTO staff_event (staff_id, event_id) VALUES (28, 24);
INSERT INTO staff_event (staff_id, event_id) VALUES (10, 24);
INSERT INTO staff_event (staff_id, event_id) VALUES (1, 24);
INSERT INTO staff_event (staff_id, event_id) VALUES (38, 24);
INSERT INTO staff_event (staff_id, event_id) VALUES (2, 24);
INSERT INTO staff_event (staff_id, event_id) VALUES (14, 24);
INSERT INTO staff_event (staff_id, event_id) VALUES (24, 24);
INSERT INTO staff_event (staff_id, event_id) VALUES (3, 24);
INSERT INTO staff_event (staff_id, event_id) VALUES (34, 25);
INSERT INTO staff_event (staff_id, event_id) VALUES (10, 25);
INSERT INTO staff_event (staff_id, event_id) VALUES (43, 25);
INSERT INTO staff_event (staff_id, event_id) VALUES (16, 25);
INSERT INTO staff_event (staff_id, event_id) VALUES (1, 25);
INSERT INTO staff_event (staff_id, event_id) VALUES (38, 25);
INSERT INTO staff_event (staff_id, event_id) VALUES (41, 25);
INSERT INTO staff_event (staff_id, event_id) VALUES (15, 25);
INSERT INTO staff_event (staff_id, event_id) VALUES (30, 25);
INSERT INTO staff_event (staff_id, event_id) VALUES (3, 25);
INSERT INTO staff_event (staff_id, event_id) VALUES (42, 25);
INSERT INTO staff_event (staff_id, event_id) VALUES (9, 25);
INSERT INTO staff_event (staff_id, event_id) VALUES (22, 26);
INSERT INTO staff_event (staff_id, event_id) VALUES (40, 26);
INSERT INTO staff_event (staff_id, event_id) VALUES (4, 26);
INSERT INTO staff_event (staff_id, event_id) VALUES (28, 26);
INSERT INTO staff_event (staff_id, event_id) VALUES (19, 26);
INSERT INTO staff_event (staff_id, event_id) VALUES (10, 26);
INSERT INTO staff_event (staff_id, event_id) VALUES (13, 26);
INSERT INTO staff_event (staff_id, event_id) VALUES (2, 26);
INSERT INTO staff_event (staff_id, event_id) VALUES (38, 26);
INSERT INTO staff_event (staff_id, event_id) VALUES (47, 26);
INSERT INTO staff_event (staff_id, event_id) VALUES (18, 26);
INSERT INTO staff_event (staff_id, event_id) VALUES (45, 26);
INSERT INTO staff_event (staff_id, event_id) VALUES (46, 27);
INSERT INTO staff_event (staff_id, event_id) VALUES (7, 27);
INSERT INTO staff_event (staff_id, event_id) VALUES (40, 27);
INSERT INTO staff_event (staff_id, event_id) VALUES (25, 27);
INSERT INTO staff_event (staff_id, event_id) VALUES (22, 27);
INSERT INTO staff_event (staff_id, event_id) VALUES (1, 27);
INSERT INTO staff_event (staff_id, event_id) VALUES (43, 27);
INSERT INTO staff_event (staff_id, event_id) VALUES (16, 27);
INSERT INTO staff_event (staff_id, event_id) VALUES (11, 27);
INSERT INTO staff_event (staff_id, event_id) VALUES (29, 27);
INSERT INTO staff_event (staff_id, event_id) VALUES (20, 27);
INSERT INTO staff_event (staff_id, event_id) VALUES (27, 27);
INSERT INTO staff_event (staff_id, event_id) VALUES (6, 27);
INSERT INTO staff_event (staff_id, event_id) VALUES (10, 28);
INSERT INTO staff_event (staff_id, event_id) VALUES (46, 28);
INSERT INTO staff_event (staff_id, event_id) VALUES (25, 28);
INSERT INTO staff_event (staff_id, event_id) VALUES (34, 28);
INSERT INTO staff_event (staff_id, event_id) VALUES (49, 28);
INSERT INTO staff_event (staff_id, event_id) VALUES (28, 28);
INSERT INTO staff_event (staff_id, event_id) VALUES (4, 28);
INSERT INTO staff_event (staff_id, event_id) VALUES (16, 28);
INSERT INTO staff_event (staff_id, event_id) VALUES (37, 28);
INSERT INTO staff_event (staff_id, event_id) VALUES (26, 28);
INSERT INTO staff_event (staff_id, event_id) VALUES (50, 28);
INSERT INTO staff_event (staff_id, event_id) VALUES (32, 28);
INSERT INTO staff_event (staff_id, event_id) VALUES (15, 28);
INSERT INTO staff_event (staff_id, event_id) VALUES (45, 28);
INSERT INTO staff_event (staff_id, event_id) VALUES (12, 28);
INSERT INTO staff_event (staff_id, event_id) VALUES (16, 29);
INSERT INTO staff_event (staff_id, event_id) VALUES (34, 29);
INSERT INTO staff_event (staff_id, event_id) VALUES (4, 29);
INSERT INTO staff_event (staff_id, event_id) VALUES (19, 29);
INSERT INTO staff_event (staff_id, event_id) VALUES (22, 29);
INSERT INTO staff_event (staff_id, event_id) VALUES (43, 29);
INSERT INTO staff_event (staff_id, event_id) VALUES (1, 29);
INSERT INTO staff_event (staff_id, event_id) VALUES (20, 29);
INSERT INTO staff_event (staff_id, event_id) VALUES (44, 29);
INSERT INTO staff_event (staff_id, event_id) VALUES (45, 29);
INSERT INTO staff_event (staff_id, event_id) VALUES (12, 29);
INSERT INTO staff_event (staff_id, event_id) VALUES (3, 29);
INSERT INTO staff_event (staff_id, event_id) VALUES (40, 30);
INSERT INTO staff_event (staff_id, event_id) VALUES (7, 30);
INSERT INTO staff_event (staff_id, event_id) VALUES (28, 30);
INSERT INTO staff_event (staff_id, event_id) VALUES (34, 30);
INSERT INTO staff_event (staff_id, event_id) VALUES (4, 30);
INSERT INTO staff_event (staff_id, event_id) VALUES (49, 30);
INSERT INTO staff_event (staff_id, event_id) VALUES (43, 30);
INSERT INTO staff_event (staff_id, event_id) VALUES (31, 30);
INSERT INTO staff_event (staff_id, event_id) VALUES (25, 30);
INSERT INTO staff_event (staff_id, event_id) VALUES (20, 30);
INSERT INTO staff_event (staff_id, event_id) VALUES (32, 30);
INSERT INTO staff_event (staff_id, event_id) VALUES (8, 30);
INSERT INTO staff_event (staff_id, event_id) VALUES (30, 30);
INSERT INTO staff_event (staff_id, event_id) VALUES (36, 30);
INSERT INTO staff_event (staff_id, event_id) VALUES (21, 30);
INSERT INTO staff_event (staff_id, event_id) VALUES (49, 31);
INSERT INTO staff_event (staff_id, event_id) VALUES (10, 31);
INSERT INTO staff_event (staff_id, event_id) VALUES (1, 31);
INSERT INTO staff_event (staff_id, event_id) VALUES (31, 31);
INSERT INTO staff_event (staff_id, event_id) VALUES (34, 31);
INSERT INTO staff_event (staff_id, event_id) VALUES (22, 31);
INSERT INTO staff_event (staff_id, event_id) VALUES (16, 31);
INSERT INTO staff_event (staff_id, event_id) VALUES (47, 31);
INSERT INTO staff_event (staff_id, event_id) VALUES (11, 31);
INSERT INTO staff_event (staff_id, event_id) VALUES (38, 31);
INSERT INTO staff_event (staff_id, event_id) VALUES (24, 31);
INSERT INTO staff_event (staff_id, event_id) VALUES (9, 31);
INSERT INTO staff_event (staff_id, event_id) VALUES (45, 31);
INSERT INTO staff_event (staff_id, event_id) VALUES (25, 32);
INSERT INTO staff_event (staff_id, event_id) VALUES (10, 32);
INSERT INTO staff_event (staff_id, event_id) VALUES (34, 32);
INSERT INTO staff_event (staff_id, event_id) VALUES (1, 32);
INSERT INTO staff_event (staff_id, event_id) VALUES (43, 32);
INSERT INTO staff_event (staff_id, event_id) VALUES (8, 32);
INSERT INTO staff_event (staff_id, event_id) VALUES (26, 32);
INSERT INTO staff_event (staff_id, event_id) VALUES (30, 32);
INSERT INTO staff_event (staff_id, event_id) VALUES (48, 32);
INSERT INTO staff_event (staff_id, event_id) VALUES (13, 33);
INSERT INTO staff_event (staff_id, event_id) VALUES (40, 33);
INSERT INTO staff_event (staff_id, event_id) VALUES (1, 33);
INSERT INTO staff_event (staff_id, event_id) VALUES (19, 33);
INSERT INTO staff_event (staff_id, event_id) VALUES (31, 33);
INSERT INTO staff_event (staff_id, event_id) VALUES (43, 33);
INSERT INTO staff_event (staff_id, event_id) VALUES (4, 33);
INSERT INTO staff_event (staff_id, event_id) VALUES (34, 33);
INSERT INTO staff_event (staff_id, event_id) VALUES (23, 33);
INSERT INTO staff_event (staff_id, event_id) VALUES (32, 33);
INSERT INTO staff_event (staff_id, event_id) VALUES (26, 33);
INSERT INTO staff_event (staff_id, event_id) VALUES (12, 33);
INSERT INTO staff_event (staff_id, event_id) VALUES (33, 33);
INSERT INTO staff_event (staff_id, event_id) VALUES (30, 33);
INSERT INTO staff_event (staff_id, event_id) VALUES (7, 34);
INSERT INTO staff_event (staff_id, event_id) VALUES (22, 34);
INSERT INTO staff_event (staff_id, event_id) VALUES (40, 34);
INSERT INTO staff_event (staff_id, event_id) VALUES (13, 34);
INSERT INTO staff_event (staff_id, event_id) VALUES (1, 34);
INSERT INTO staff_event (staff_id, event_id) VALUES (37, 34);
INSERT INTO staff_event (staff_id, event_id) VALUES (34, 34);
INSERT INTO staff_event (staff_id, event_id) VALUES (35, 34);
INSERT INTO staff_event (staff_id, event_id) VALUES (32, 34);
INSERT INTO staff_event (staff_id, event_id) VALUES (12, 34);
INSERT INTO staff_event (staff_id, event_id) VALUES (48, 34);
INSERT INTO staff_event (staff_id, event_id) VALUES (42, 34);
INSERT INTO staff_event (staff_id, event_id) VALUES (10, 35);
INSERT INTO staff_event (staff_id, event_id) VALUES (19, 35);
INSERT INTO staff_event (staff_id, event_id) VALUES (4, 35);
INSERT INTO staff_event (staff_id, event_id) VALUES (37, 35);
INSERT INTO staff_event (staff_id, event_id) VALUES (40, 35);
INSERT INTO staff_event (staff_id, event_id) VALUES (43, 35);
INSERT INTO staff_event (staff_id, event_id) VALUES (26, 35);
INSERT INTO staff_event (staff_id, event_id) VALUES (14, 35);
INSERT INTO staff_event (staff_id, event_id) VALUES (12, 35);
INSERT INTO staff_event (staff_id, event_id) VALUES (21, 35);
INSERT INTO staff_event (staff_id, event_id) VALUES (48, 35);
INSERT INTO staff_event (staff_id, event_id) VALUES (31, 36);
INSERT INTO staff_event (staff_id, event_id) VALUES (28, 36);
INSERT INTO staff_event (staff_id, event_id) VALUES (16, 36);
INSERT INTO staff_event (staff_id, event_id) VALUES (34, 36);
INSERT INTO staff_event (staff_id, event_id) VALUES (4, 36);
INSERT INTO staff_event (staff_id, event_id) VALUES (40, 36);
INSERT INTO staff_event (staff_id, event_id) VALUES (23, 36);
INSERT INTO staff_event (staff_id, event_id) VALUES (29, 36);
INSERT INTO staff_event (staff_id, event_id) VALUES (24, 36);
INSERT INTO staff_event (staff_id, event_id) VALUES (33, 36);
INSERT INTO staff_event (staff_id, event_id) VALUES (34, 37);
INSERT INTO staff_event (staff_id, event_id) VALUES (43, 37);
INSERT INTO staff_event (staff_id, event_id) VALUES (37, 37);
INSERT INTO staff_event (staff_id, event_id) VALUES (25, 37);
INSERT INTO staff_event (staff_id, event_id) VALUES (13, 37);
INSERT INTO staff_event (staff_id, event_id) VALUES (49, 37);
INSERT INTO staff_event (staff_id, event_id) VALUES (28, 37);
INSERT INTO staff_event (staff_id, event_id) VALUES (10, 37);
INSERT INTO staff_event (staff_id, event_id) VALUES (17, 37);
INSERT INTO staff_event (staff_id, event_id) VALUES (35, 37);
INSERT INTO staff_event (staff_id, event_id) VALUES (23, 37);
INSERT INTO staff_event (staff_id, event_id) VALUES (9, 37);
INSERT INTO staff_event (staff_id, event_id) VALUES (24, 37);
INSERT INTO staff_event (staff_id, event_id) VALUES (13, 38);
INSERT INTO staff_event (staff_id, event_id) VALUES (1, 38);
INSERT INTO staff_event (staff_id, event_id) VALUES (4, 38);
INSERT INTO staff_event (staff_id, event_id) VALUES (34, 38);
INSERT INTO staff_event (staff_id, event_id) VALUES (22, 38);
INSERT INTO staff_event (staff_id, event_id) VALUES (7, 38);
INSERT INTO staff_event (staff_id, event_id) VALUES (46, 38);
INSERT INTO staff_event (staff_id, event_id) VALUES (32, 38);
INSERT INTO staff_event (staff_id, event_id) VALUES (44, 38);
INSERT INTO staff_event (staff_id, event_id) VALUES (42, 38);
INSERT INTO staff_event (staff_id, event_id) VALUES (45, 38);
INSERT INTO staff_event (staff_id, event_id) VALUES (9, 38);
INSERT INTO staff_event (staff_id, event_id) VALUES (12, 38);
INSERT INTO staff_event (staff_id, event_id) VALUES (18, 38);
INSERT INTO staff_event (staff_id, event_id) VALUES (1, 39);
INSERT INTO staff_event (staff_id, event_id) VALUES (10, 39);
INSERT INTO staff_event (staff_id, event_id) VALUES (37, 39);
INSERT INTO staff_event (staff_id, event_id) VALUES (31, 39);
INSERT INTO staff_event (staff_id, event_id) VALUES (16, 39);
INSERT INTO staff_event (staff_id, event_id) VALUES (7, 39);
INSERT INTO staff_event (staff_id, event_id) VALUES (50, 39);
INSERT INTO staff_event (staff_id, event_id) VALUES (47, 39);
INSERT INTO staff_event (staff_id, event_id) VALUES (36, 39);
INSERT INTO staff_event (staff_id, event_id) VALUES (24, 39);
INSERT INTO staff_event (staff_id, event_id) VALUES (28, 40);
INSERT INTO staff_event (staff_id, event_id) VALUES (22, 40);
INSERT INTO staff_event (staff_id, event_id) VALUES (10, 40);
INSERT INTO staff_event (staff_id, event_id) VALUES (49, 40);
INSERT INTO staff_event (staff_id, event_id) VALUES (43, 40);
INSERT INTO staff_event (staff_id, event_id) VALUES (50, 40);
INSERT INTO staff_event (staff_id, event_id) VALUES (35, 40);
INSERT INTO staff_event (staff_id, event_id) VALUES (36, 40);
INSERT INTO staff_event (staff_id, event_id) VALUES (45, 40);
INSERT INTO staff_event (staff_id, event_id) VALUES (7, 41);
INSERT INTO staff_event (staff_id, event_id) VALUES (46, 41);
INSERT INTO staff_event (staff_id, event_id) VALUES (22, 41);
INSERT INTO staff_event (staff_id, event_id) VALUES (28, 41);
INSERT INTO staff_event (staff_id, event_id) VALUES (40, 41);
INSERT INTO staff_event (staff_id, event_id) VALUES (19, 41);
INSERT INTO staff_event (staff_id, event_id) VALUES (25, 41);
INSERT INTO staff_event (staff_id, event_id) VALUES (1, 41);
INSERT INTO staff_event (staff_id, event_id) VALUES (8, 41);
INSERT INTO staff_event (staff_id, event_id) VALUES (26, 41);
INSERT INTO staff_event (staff_id, event_id) VALUES (47, 41);
INSERT INTO staff_event (staff_id, event_id) VALUES (27, 41);
INSERT INTO staff_event (staff_id, event_id) VALUES (39, 41);
INSERT INTO staff_event (staff_id, event_id) VALUES (30, 41);
INSERT INTO staff_event (staff_id, event_id) VALUES (31, 42);
INSERT INTO staff_event (staff_id, event_id) VALUES (40, 42);
INSERT INTO staff_event (staff_id, event_id) VALUES (4, 42);
INSERT INTO staff_event (staff_id, event_id) VALUES (34, 42);
INSERT INTO staff_event (staff_id, event_id) VALUES (37, 42);
INSERT INTO staff_event (staff_id, event_id) VALUES (35, 42);
INSERT INTO staff_event (staff_id, event_id) VALUES (38, 42);
INSERT INTO staff_event (staff_id, event_id) VALUES (6, 42);
INSERT INTO staff_event (staff_id, event_id) VALUES (45, 42);
INSERT INTO staff_event (staff_id, event_id) VALUES (39, 42);
INSERT INTO staff_event (staff_id, event_id) VALUES (7, 43);
INSERT INTO staff_event (staff_id, event_id) VALUES (28, 43);
INSERT INTO staff_event (staff_id, event_id) VALUES (10, 43);
INSERT INTO staff_event (staff_id, event_id) VALUES (16, 43);
INSERT INTO staff_event (staff_id, event_id) VALUES (1, 43);
INSERT INTO staff_event (staff_id, event_id) VALUES (31, 43);
INSERT INTO staff_event (staff_id, event_id) VALUES (37, 43);
INSERT INTO staff_event (staff_id, event_id) VALUES (19, 43);
INSERT INTO staff_event (staff_id, event_id) VALUES (4, 43);
INSERT INTO staff_event (staff_id, event_id) VALUES (35, 43);
INSERT INTO staff_event (staff_id, event_id) VALUES (44, 43);
INSERT INTO staff_event (staff_id, event_id) VALUES (17, 43);
INSERT INTO staff_event (staff_id, event_id) VALUES (15, 43);
INSERT INTO staff_event (staff_id, event_id) VALUES (12, 43);
INSERT INTO staff_event (staff_id, event_id) VALUES (49, 44);
INSERT INTO staff_event (staff_id, event_id) VALUES (4, 44);
INSERT INTO staff_event (staff_id, event_id) VALUES (46, 44);
INSERT INTO staff_event (staff_id, event_id) VALUES (1, 44);
INSERT INTO staff_event (staff_id, event_id) VALUES (37, 44);
INSERT INTO staff_event (staff_id, event_id) VALUES (7, 44);
INSERT INTO staff_event (staff_id, event_id) VALUES (50, 44);
INSERT INTO staff_event (staff_id, event_id) VALUES (41, 44);
INSERT INTO staff_event (staff_id, event_id) VALUES (12, 44);
INSERT INTO staff_event (staff_id, event_id) VALUES (48, 44);
INSERT INTO staff_event (staff_id, event_id) VALUES (27, 44);
INSERT INTO staff_event (staff_id, event_id) VALUES (45, 44);
INSERT INTO staff_event (staff_id, event_id) VALUES (18, 44);
INSERT INTO staff_event (staff_id, event_id) VALUES (25, 45);
INSERT INTO staff_event (staff_id, event_id) VALUES (43, 45);
INSERT INTO staff_event (staff_id, event_id) VALUES (37, 45);
INSERT INTO staff_event (staff_id, event_id) VALUES (22, 45);
INSERT INTO staff_event (staff_id, event_id) VALUES (28, 45);
INSERT INTO staff_event (staff_id, event_id) VALUES (49, 45);
INSERT INTO staff_event (staff_id, event_id) VALUES (16, 45);
INSERT INTO staff_event (staff_id, event_id) VALUES (34, 45);
INSERT INTO staff_event (staff_id, event_id) VALUES (1, 45);
INSERT INTO staff_event (staff_id, event_id) VALUES (32, 45);
INSERT INTO staff_event (staff_id, event_id) VALUES (38, 45);
INSERT INTO staff_event (staff_id, event_id) VALUES (8, 45);
INSERT INTO staff_event (staff_id, event_id) VALUES (15, 45);
INSERT INTO staff_event (staff_id, event_id) VALUES (6, 45);
INSERT INTO staff_event (staff_id, event_id) VALUES (36, 45);
INSERT INTO staff_event (staff_id, event_id) VALUES (42, 45);
INSERT INTO staff_event (staff_id, event_id) VALUES (10, 46);
INSERT INTO staff_event (staff_id, event_id) VALUES (1, 46);
INSERT INTO staff_event (staff_id, event_id) VALUES (43, 46);
INSERT INTO staff_event (staff_id, event_id) VALUES (25, 46);
INSERT INTO staff_event (staff_id, event_id) VALUES (28, 46);
INSERT INTO staff_event (staff_id, event_id) VALUES (46, 46);
INSERT INTO staff_event (staff_id, event_id) VALUES (5, 46);
INSERT INTO staff_event (staff_id, event_id) VALUES (8, 46);
INSERT INTO staff_event (staff_id, event_id) VALUES (15, 46);
INSERT INTO staff_event (staff_id, event_id) VALUES (30, 46);
INSERT INTO staff_event (staff_id, event_id) VALUES (4, 47);
INSERT INTO staff_event (staff_id, event_id) VALUES (19, 47);
INSERT INTO staff_event (staff_id, event_id) VALUES (22, 47);
INSERT INTO staff_event (staff_id, event_id) VALUES (43, 47);
INSERT INTO staff_event (staff_id, event_id) VALUES (28, 47);
INSERT INTO staff_event (staff_id, event_id) VALUES (49, 47);
INSERT INTO staff_event (staff_id, event_id) VALUES (13, 47);
INSERT INTO staff_event (staff_id, event_id) VALUES (31, 47);
INSERT INTO staff_event (staff_id, event_id) VALUES (7, 47);
INSERT INTO staff_event (staff_id, event_id) VALUES (29, 47);
INSERT INTO staff_event (staff_id, event_id) VALUES (11, 47);
INSERT INTO staff_event (staff_id, event_id) VALUES (2, 47);
INSERT INTO staff_event (staff_id, event_id) VALUES (24, 47);
INSERT INTO staff_event (staff_id, event_id) VALUES (48, 47);
INSERT INTO staff_event (staff_id, event_id) VALUES (13, 48);
INSERT INTO staff_event (staff_id, event_id) VALUES (31, 48);
INSERT INTO staff_event (staff_id, event_id) VALUES (4, 48);
INSERT INTO staff_event (staff_id, event_id) VALUES (7, 48);
INSERT INTO staff_event (staff_id, event_id) VALUES (28, 48);
INSERT INTO staff_event (staff_id, event_id) VALUES (49, 48);
INSERT INTO staff_event (staff_id, event_id) VALUES (41, 48);
INSERT INTO staff_event (staff_id, event_id) VALUES (2, 48);
INSERT INTO staff_event (staff_id, event_id) VALUES (12, 48);
INSERT INTO staff_event (staff_id, event_id) VALUES (36, 48);
INSERT INTO staff_event (staff_id, event_id) VALUES (45, 48);
INSERT INTO staff_event (staff_id, event_id) VALUES (6, 48);
INSERT INTO staff_event (staff_id, event_id) VALUES (13, 49);
INSERT INTO staff_event (staff_id, event_id) VALUES (34, 49);
INSERT INTO staff_event (staff_id, event_id) VALUES (7, 49);
INSERT INTO staff_event (staff_id, event_id) VALUES (1, 49);
INSERT INTO staff_event (staff_id, event_id) VALUES (10, 49);
INSERT INTO staff_event (staff_id, event_id) VALUES (5, 49);
INSERT INTO staff_event (staff_id, event_id) VALUES (8, 49);
INSERT INTO staff_event (staff_id, event_id) VALUES (33, 49);
INSERT INTO staff_event (staff_id, event_id) VALUES (39, 49);
INSERT INTO staff_event (staff_id, event_id) VALUES (12, 49);
INSERT INTO staff_event (staff_id, event_id) VALUES (28, 50);
INSERT INTO staff_event (staff_id, event_id) VALUES (10, 50);
INSERT INTO staff_event (staff_id, event_id) VALUES (37, 50);
INSERT INTO staff_event (staff_id, event_id) VALUES (4, 50);
INSERT INTO staff_event (staff_id, event_id) VALUES (34, 50);
INSERT INTO staff_event (staff_id, event_id) VALUES (26, 50);
INSERT INTO staff_event (staff_id, event_id) VALUES (47, 50);
INSERT INTO staff_event (staff_id, event_id) VALUES (39, 50);
INSERT INTO staff_event (staff_id, event_id) VALUES (12, 50);
INSERT INTO staff_event (staff_id, event_id) VALUES (28, 51);
INSERT INTO staff_event (staff_id, event_id) VALUES (49, 51);
INSERT INTO staff_event (staff_id, event_id) VALUES (37, 51);
INSERT INTO staff_event (staff_id, event_id) VALUES (43, 51);
INSERT INTO staff_event (staff_id, event_id) VALUES (10, 51);
INSERT INTO staff_event (staff_id, event_id) VALUES (34, 51);
INSERT INTO staff_event (staff_id, event_id) VALUES (16, 51);
INSERT INTO staff_event (staff_id, event_id) VALUES (7, 51);
INSERT INTO staff_event (staff_id, event_id) VALUES (4, 51);
INSERT INTO staff_event (staff_id, event_id) VALUES (32, 51);
INSERT INTO staff_event (staff_id, event_id) VALUES (35, 51);
INSERT INTO staff_event (staff_id, event_id) VALUES (26, 51);
INSERT INTO staff_event (staff_id, event_id) VALUES (9, 51);
INSERT INTO staff_event (staff_id, event_id) VALUES (33, 51);
INSERT INTO staff_event (staff_id, event_id) VALUES (30, 51);
INSERT INTO staff_event (staff_id, event_id) VALUES (36, 51);
INSERT INTO staff_event (staff_id, event_id) VALUES (18, 51);
INSERT INTO staff_event (staff_id, event_id) VALUES (25, 52);
INSERT INTO staff_event (staff_id, event_id) VALUES (43, 52);
INSERT INTO staff_event (staff_id, event_id) VALUES (4, 52);
INSERT INTO staff_event (staff_id, event_id) VALUES (7, 52);
INSERT INTO staff_event (staff_id, event_id) VALUES (1, 52);
INSERT INTO staff_event (staff_id, event_id) VALUES (19, 52);
INSERT INTO staff_event (staff_id, event_id) VALUES (22, 52);
INSERT INTO staff_event (staff_id, event_id) VALUES (16, 52);
INSERT INTO staff_event (staff_id, event_id) VALUES (2, 52);
INSERT INTO staff_event (staff_id, event_id) VALUES (26, 52);
INSERT INTO staff_event (staff_id, event_id) VALUES (8, 52);
INSERT INTO staff_event (staff_id, event_id) VALUES (18, 52);
INSERT INTO staff_event (staff_id, event_id) VALUES (42, 52);
INSERT INTO staff_event (staff_id, event_id) VALUES (45, 52);
INSERT INTO staff_event (staff_id, event_id) VALUES (15, 52);
INSERT INTO staff_event (staff_id, event_id) VALUES (3, 52);
INSERT INTO staff_event (staff_id, event_id) VALUES (31, 53);
INSERT INTO staff_event (staff_id, event_id) VALUES (43, 53);
INSERT INTO staff_event (staff_id, event_id) VALUES (10, 53);
INSERT INTO staff_event (staff_id, event_id) VALUES (1, 53);
INSERT INTO staff_event (staff_id, event_id) VALUES (28, 53);
INSERT INTO staff_event (staff_id, event_id) VALUES (41, 53);
INSERT INTO staff_event (staff_id, event_id) VALUES (47, 53);
INSERT INTO staff_event (staff_id, event_id) VALUES (27, 53);
INSERT INTO staff_event (staff_id, event_id) VALUES (21, 53);
INSERT INTO staff_event (staff_id, event_id) VALUES (34, 54);
INSERT INTO staff_event (staff_id, event_id) VALUES (28, 54);
INSERT INTO staff_event (staff_id, event_id) VALUES (25, 54);
INSERT INTO staff_event (staff_id, event_id) VALUES (43, 54);
INSERT INTO staff_event (staff_id, event_id) VALUES (4, 54);
INSERT INTO staff_event (staff_id, event_id) VALUES (37, 54);
INSERT INTO staff_event (staff_id, event_id) VALUES (7, 54);
INSERT INTO staff_event (staff_id, event_id) VALUES (49, 54);
INSERT INTO staff_event (staff_id, event_id) VALUES (10, 54);
INSERT INTO staff_event (staff_id, event_id) VALUES (26, 54);
INSERT INTO staff_event (staff_id, event_id) VALUES (11, 54);
INSERT INTO staff_event (staff_id, event_id) VALUES (35, 54);
INSERT INTO staff_event (staff_id, event_id) VALUES (18, 54);
INSERT INTO staff_event (staff_id, event_id) VALUES (36, 54);
INSERT INTO staff_event (staff_id, event_id) VALUES (28, 55);
INSERT INTO staff_event (staff_id, event_id) VALUES (37, 55);
INSERT INTO staff_event (staff_id, event_id) VALUES (46, 55);
INSERT INTO staff_event (staff_id, event_id) VALUES (13, 55);
INSERT INTO staff_event (staff_id, event_id) VALUES (1, 55);
INSERT INTO staff_event (staff_id, event_id) VALUES (16, 55);
INSERT INTO staff_event (staff_id, event_id) VALUES (40, 55);
INSERT INTO staff_event (staff_id, event_id) VALUES (25, 55);
INSERT INTO staff_event (staff_id, event_id) VALUES (32, 55);
INSERT INTO staff_event (staff_id, event_id) VALUES (44, 55);
INSERT INTO staff_event (staff_id, event_id) VALUES (50, 55);
INSERT INTO staff_event (staff_id, event_id) VALUES (21, 55);
INSERT INTO staff_event (staff_id, event_id) VALUES (24, 55);
INSERT INTO staff_event (staff_id, event_id) VALUES (33, 55);
INSERT INTO staff_event (staff_id, event_id) VALUES (3, 55);
INSERT INTO staff_event (staff_id, event_id) VALUES (15, 55);
INSERT INTO staff_event (staff_id, event_id) VALUES (10, 56);
INSERT INTO staff_event (staff_id, event_id) VALUES (34, 56);
INSERT INTO staff_event (staff_id, event_id) VALUES (13, 56);
INSERT INTO staff_event (staff_id, event_id) VALUES (25, 56);
INSERT INTO staff_event (staff_id, event_id) VALUES (43, 56);
INSERT INTO staff_event (staff_id, event_id) VALUES (19, 56);
INSERT INTO staff_event (staff_id, event_id) VALUES (32, 56);
INSERT INTO staff_event (staff_id, event_id) VALUES (23, 56);
INSERT INTO staff_event (staff_id, event_id) VALUES (18, 56);
INSERT INTO staff_event (staff_id, event_id) VALUES (15, 56);
INSERT INTO staff_event (staff_id, event_id) VALUES (19, 57);
INSERT INTO staff_event (staff_id, event_id) VALUES (37, 57);
INSERT INTO staff_event (staff_id, event_id) VALUES (4, 57);
INSERT INTO staff_event (staff_id, event_id) VALUES (10, 57);
INSERT INTO staff_event (staff_id, event_id) VALUES (25, 57);
INSERT INTO staff_event (staff_id, event_id) VALUES (43, 57);
INSERT INTO staff_event (staff_id, event_id) VALUES (26, 57);
INSERT INTO staff_event (staff_id, event_id) VALUES (50, 57);
INSERT INTO staff_event (staff_id, event_id) VALUES (48, 57);
INSERT INTO staff_event (staff_id, event_id) VALUES (24, 57);
INSERT INTO staff_event (staff_id, event_id) VALUES (45, 57);
INSERT INTO staff_event (staff_id, event_id) VALUES (30, 57);
INSERT INTO staff_event (staff_id, event_id) VALUES (49, 58);
INSERT INTO staff_event (staff_id, event_id) VALUES (10, 58);
INSERT INTO staff_event (staff_id, event_id) VALUES (28, 58);
INSERT INTO staff_event (staff_id, event_id) VALUES (37, 58);
INSERT INTO staff_event (staff_id, event_id) VALUES (1, 58);
INSERT INTO staff_event (staff_id, event_id) VALUES (31, 58);
INSERT INTO staff_event (staff_id, event_id) VALUES (46, 58);
INSERT INTO staff_event (staff_id, event_id) VALUES (7, 58);
INSERT INTO staff_event (staff_id, event_id) VALUES (38, 58);
INSERT INTO staff_event (staff_id, event_id) VALUES (41, 58);
INSERT INTO staff_event (staff_id, event_id) VALUES (14, 58);
INSERT INTO staff_event (staff_id, event_id) VALUES (36, 58);
INSERT INTO staff_event (staff_id, event_id) VALUES (6, 58);
INSERT INTO staff_event (staff_id, event_id) VALUES (42, 58);
INSERT INTO staff_event (staff_id, event_id) VALUES (9, 58);
INSERT INTO staff_event (staff_id, event_id) VALUES (3, 58);
INSERT INTO staff_event (staff_id, event_id) VALUES (19, 59);
INSERT INTO staff_event (staff_id, event_id) VALUES (43, 59);
INSERT INTO staff_event (staff_id, event_id) VALUES (49, 59);
INSERT INTO staff_event (staff_id, event_id) VALUES (34, 59);
INSERT INTO staff_event (staff_id, event_id) VALUES (7, 59);
INSERT INTO staff_event (staff_id, event_id) VALUES (44, 59);
INSERT INTO staff_event (staff_id, event_id) VALUES (2, 59);
INSERT INTO staff_event (staff_id, event_id) VALUES (42, 59);
INSERT INTO staff_event (staff_id, event_id) VALUES (33, 59);
INSERT INTO staff_event (staff_id, event_id) VALUES (3, 59);
INSERT INTO staff_event (staff_id, event_id) VALUES (19, 60);
INSERT INTO staff_event (staff_id, event_id) VALUES (22, 60);
INSERT INTO staff_event (staff_id, event_id) VALUES (16, 60);
INSERT INTO staff_event (staff_id, event_id) VALUES (10, 60);
INSERT INTO staff_event (staff_id, event_id) VALUES (28, 60);
INSERT INTO staff_event (staff_id, event_id) VALUES (49, 60);
INSERT INTO staff_event (staff_id, event_id) VALUES (4, 60);
INSERT INTO staff_event (staff_id, event_id) VALUES (34, 60);
INSERT INTO staff_event (staff_id, event_id) VALUES (14, 60);
INSERT INTO staff_event (staff_id, event_id) VALUES (32, 60);
INSERT INTO staff_event (staff_id, event_id) VALUES (35, 60);
INSERT INTO staff_event (staff_id, event_id) VALUES (21, 60);
INSERT INTO staff_event (staff_id, event_id) VALUES (30, 60);
INSERT INTO staff_event (staff_id, event_id) VALUES (43, 61);
INSERT INTO staff_event (staff_id, event_id) VALUES (28, 61);
INSERT INTO staff_event (staff_id, event_id) VALUES (31, 61);
INSERT INTO staff_event (staff_id, event_id) VALUES (1, 61);
INSERT INTO staff_event (staff_id, event_id) VALUES (13, 61);
INSERT INTO staff_event (staff_id, event_id) VALUES (10, 61);
INSERT INTO staff_event (staff_id, event_id) VALUES (38, 61);
INSERT INTO staff_event (staff_id, event_id) VALUES (41, 61);
INSERT INTO staff_event (staff_id, event_id) VALUES (18, 61);
INSERT INTO staff_event (staff_id, event_id) VALUES (36, 61);
INSERT INTO staff_event (staff_id, event_id) VALUES (6, 61);
INSERT INTO staff_event (staff_id, event_id) VALUES (1, 62);
INSERT INTO staff_event (staff_id, event_id) VALUES (16, 62);
INSERT INTO staff_event (staff_id, event_id) VALUES (13, 62);
INSERT INTO staff_event (staff_id, event_id) VALUES (34, 62);
INSERT INTO staff_event (staff_id, event_id) VALUES (46, 62);
INSERT INTO staff_event (staff_id, event_id) VALUES (19, 62);
INSERT INTO staff_event (staff_id, event_id) VALUES (43, 62);
INSERT INTO staff_event (staff_id, event_id) VALUES (49, 62);
INSERT INTO staff_event (staff_id, event_id) VALUES (7, 62);
INSERT INTO staff_event (staff_id, event_id) VALUES (23, 62);
INSERT INTO staff_event (staff_id, event_id) VALUES (17, 62);
INSERT INTO staff_event (staff_id, event_id) VALUES (35, 62);
INSERT INTO staff_event (staff_id, event_id) VALUES (48, 62);
INSERT INTO staff_event (staff_id, event_id) VALUES (27, 62);
INSERT INTO staff_event (staff_id, event_id) VALUES (15, 62);
INSERT INTO staff_event (staff_id, event_id) VALUES (18, 62);
INSERT INTO staff_event (staff_id, event_id) VALUES (49, 63);
INSERT INTO staff_event (staff_id, event_id) VALUES (40, 63);
INSERT INTO staff_event (staff_id, event_id) VALUES (10, 63);
INSERT INTO staff_event (staff_id, event_id) VALUES (1, 63);
INSERT INTO staff_event (staff_id, event_id) VALUES (7, 63);
INSERT INTO staff_event (staff_id, event_id) VALUES (19, 63);
INSERT INTO staff_event (staff_id, event_id) VALUES (13, 63);
INSERT INTO staff_event (staff_id, event_id) VALUES (28, 63);
INSERT INTO staff_event (staff_id, event_id) VALUES (41, 63);
INSERT INTO staff_event (staff_id, event_id) VALUES (32, 63);
INSERT INTO staff_event (staff_id, event_id) VALUES (17, 63);
INSERT INTO staff_event (staff_id, event_id) VALUES (48, 63);
INSERT INTO staff_event (staff_id, event_id) VALUES (18, 63);
INSERT INTO staff_event (staff_id, event_id) VALUES (3, 63);
INSERT INTO staff_event (staff_id, event_id) VALUES (33, 63);
INSERT INTO staff_event (staff_id, event_id) VALUES (40, 64);
INSERT INTO staff_event (staff_id, event_id) VALUES (13, 64);
INSERT INTO staff_event (staff_id, event_id) VALUES (25, 64);
INSERT INTO staff_event (staff_id, event_id) VALUES (7, 64);
INSERT INTO staff_event (staff_id, event_id) VALUES (16, 64);
INSERT INTO staff_event (staff_id, event_id) VALUES (19, 64);
INSERT INTO staff_event (staff_id, event_id) VALUES (1, 64);
INSERT INTO staff_event (staff_id, event_id) VALUES (20, 64);
INSERT INTO staff_event (staff_id, event_id) VALUES (38, 64);
INSERT INTO staff_event (staff_id, event_id) VALUES (18, 64);
INSERT INTO staff_event (staff_id, event_id) VALUES (42, 64);
INSERT INTO staff_event (staff_id, event_id) VALUES (9, 64);
INSERT INTO staff_event (staff_id, event_id) VALUES (31, 65);
INSERT INTO staff_event (staff_id, event_id) VALUES (28, 65);
INSERT INTO staff_event (staff_id, event_id) VALUES (37, 65);
INSERT INTO staff_event (staff_id, event_id) VALUES (25, 65);
INSERT INTO staff_event (staff_id, event_id) VALUES (13, 65);
INSERT INTO staff_event (staff_id, event_id) VALUES (8, 65);
INSERT INTO staff_event (staff_id, event_id) VALUES (14, 65);
INSERT INTO staff_event (staff_id, event_id) VALUES (9, 65);
INSERT INTO staff_event (staff_id, event_id) VALUES (42, 65);
INSERT INTO staff_event (staff_id, event_id) VALUES (22, 66);
INSERT INTO staff_event (staff_id, event_id) VALUES (31, 66);
INSERT INTO staff_event (staff_id, event_id) VALUES (46, 66);
INSERT INTO staff_event (staff_id, event_id) VALUES (28, 66);
INSERT INTO staff_event (staff_id, event_id) VALUES (4, 66);
INSERT INTO staff_event (staff_id, event_id) VALUES (7, 66);
INSERT INTO staff_event (staff_id, event_id) VALUES (37, 66);
INSERT INTO staff_event (staff_id, event_id) VALUES (40, 66);
INSERT INTO staff_event (staff_id, event_id) VALUES (13, 66);
INSERT INTO staff_event (staff_id, event_id) VALUES (11, 66);
INSERT INTO staff_event (staff_id, event_id) VALUES (47, 66);
INSERT INTO staff_event (staff_id, event_id) VALUES (26, 66);
INSERT INTO staff_event (staff_id, event_id) VALUES (18, 66);
INSERT INTO staff_event (staff_id, event_id) VALUES (12, 66);
INSERT INTO staff_event (staff_id, event_id) VALUES (45, 66);
INSERT INTO staff_event (staff_id, event_id) VALUES (9, 66);
INSERT INTO staff_event (staff_id, event_id) VALUES (1, 67);
INSERT INTO staff_event (staff_id, event_id) VALUES (7, 67);
INSERT INTO staff_event (staff_id, event_id) VALUES (34, 67);
INSERT INTO staff_event (staff_id, event_id) VALUES (25, 67);
INSERT INTO staff_event (staff_id, event_id) VALUES (31, 67);
INSERT INTO staff_event (staff_id, event_id) VALUES (40, 67);
INSERT INTO staff_event (staff_id, event_id) VALUES (28, 67);
INSERT INTO staff_event (staff_id, event_id) VALUES (4, 67);
INSERT INTO staff_event (staff_id, event_id) VALUES (26, 67);
INSERT INTO staff_event (staff_id, event_id) VALUES (2, 67);
INSERT INTO staff_event (staff_id, event_id) VALUES (5, 67);
INSERT INTO staff_event (staff_id, event_id) VALUES (33, 67);
INSERT INTO staff_event (staff_id, event_id) VALUES (39, 67);
INSERT INTO staff_event (staff_id, event_id) VALUES (27, 67);
INSERT INTO staff_event (staff_id, event_id) VALUES (24, 67);
INSERT INTO staff_event (staff_id, event_id) VALUES (45, 67);
INSERT INTO staff_event (staff_id, event_id) VALUES (49, 68);
INSERT INTO staff_event (staff_id, event_id) VALUES (22, 68);
INSERT INTO staff_event (staff_id, event_id) VALUES (4, 68);
INSERT INTO staff_event (staff_id, event_id) VALUES (10, 68);
INSERT INTO staff_event (staff_id, event_id) VALUES (16, 68);
INSERT INTO staff_event (staff_id, event_id) VALUES (5, 68);
INSERT INTO staff_event (staff_id, event_id) VALUES (47, 68);
INSERT INTO staff_event (staff_id, event_id) VALUES (24, 68);
INSERT INTO staff_event (staff_id, event_id) VALUES (39, 68);
INSERT INTO staff_event (staff_id, event_id) VALUES (6, 68);
INSERT INTO staff_event (staff_id, event_id) VALUES (45, 68);
INSERT INTO staff_event (staff_id, event_id) VALUES (37, 69);
INSERT INTO staff_event (staff_id, event_id) VALUES (31, 69);
INSERT INTO staff_event (staff_id, event_id) VALUES (28, 69);
INSERT INTO staff_event (staff_id, event_id) VALUES (22, 69);
INSERT INTO staff_event (staff_id, event_id) VALUES (49, 69);
INSERT INTO staff_event (staff_id, event_id) VALUES (16, 69);
INSERT INTO staff_event (staff_id, event_id) VALUES (34, 69);
INSERT INTO staff_event (staff_id, event_id) VALUES (4, 69);
INSERT INTO staff_event (staff_id, event_id) VALUES (10, 69);
INSERT INTO staff_event (staff_id, event_id) VALUES (50, 69);
INSERT INTO staff_event (staff_id, event_id) VALUES (26, 69);
INSERT INTO staff_event (staff_id, event_id) VALUES (32, 69);
INSERT INTO staff_event (staff_id, event_id) VALUES (36, 69);
INSERT INTO staff_event (staff_id, event_id) VALUES (21, 69);
INSERT INTO staff_event (staff_id, event_id) VALUES (27, 69);
INSERT INTO staff_event (staff_id, event_id) VALUES (3, 69);
INSERT INTO staff_event (staff_id, event_id) VALUES (19, 70);
INSERT INTO staff_event (staff_id, event_id) VALUES (13, 70);
INSERT INTO staff_event (staff_id, event_id) VALUES (46, 70);
INSERT INTO staff_event (staff_id, event_id) VALUES (22, 70);
INSERT INTO staff_event (staff_id, event_id) VALUES (49, 70);
INSERT INTO staff_event (staff_id, event_id) VALUES (10, 70);
INSERT INTO staff_event (staff_id, event_id) VALUES (1, 70);
INSERT INTO staff_event (staff_id, event_id) VALUES (7, 70);
INSERT INTO staff_event (staff_id, event_id) VALUES (25, 70);
INSERT INTO staff_event (staff_id, event_id) VALUES (4, 70);
INSERT INTO staff_event (staff_id, event_id) VALUES (20, 70);
INSERT INTO staff_event (staff_id, event_id) VALUES (41, 70);
INSERT INTO staff_event (staff_id, event_id) VALUES (23, 70);
INSERT INTO staff_event (staff_id, event_id) VALUES (32, 70);
INSERT INTO staff_event (staff_id, event_id) VALUES (48, 70);
INSERT INTO staff_event (staff_id, event_id) VALUES (12, 70);
INSERT INTO staff_event (staff_id, event_id) VALUES (19, 71);
INSERT INTO staff_event (staff_id, event_id) VALUES (16, 71);
INSERT INTO staff_event (staff_id, event_id) VALUES (43, 71);
INSERT INTO staff_event (staff_id, event_id) VALUES (22, 71);
INSERT INTO staff_event (staff_id, event_id) VALUES (13, 71);
INSERT INTO staff_event (staff_id, event_id) VALUES (4, 71);
INSERT INTO staff_event (staff_id, event_id) VALUES (40, 71);
INSERT INTO staff_event (staff_id, event_id) VALUES (14, 71);
INSERT INTO staff_event (staff_id, event_id) VALUES (26, 71);
INSERT INTO staff_event (staff_id, event_id) VALUES (44, 71);
INSERT INTO staff_event (staff_id, event_id) VALUES (15, 71);
INSERT INTO staff_event (staff_id, event_id) VALUES (9, 71);
INSERT INTO staff_event (staff_id, event_id) VALUES (1, 72);
INSERT INTO staff_event (staff_id, event_id) VALUES (10, 72);
INSERT INTO staff_event (staff_id, event_id) VALUES (43, 72);
INSERT INTO staff_event (staff_id, event_id) VALUES (25, 72);
INSERT INTO staff_event (staff_id, event_id) VALUES (4, 72);
INSERT INTO staff_event (staff_id, event_id) VALUES (49, 72);
INSERT INTO staff_event (staff_id, event_id) VALUES (7, 72);
INSERT INTO staff_event (staff_id, event_id) VALUES (31, 72);
INSERT INTO staff_event (staff_id, event_id) VALUES (35, 72);
INSERT INTO staff_event (staff_id, event_id) VALUES (2, 72);
INSERT INTO staff_event (staff_id, event_id) VALUES (38, 72);
INSERT INTO staff_event (staff_id, event_id) VALUES (6, 72);
INSERT INTO staff_event (staff_id, event_id) VALUES (33, 72);
INSERT INTO staff_event (staff_id, event_id) VALUES (45, 72);
INSERT INTO staff_event (staff_id, event_id) VALUES (1, 73);
INSERT INTO staff_event (staff_id, event_id) VALUES (22, 73);
INSERT INTO staff_event (staff_id, event_id) VALUES (13, 73);
INSERT INTO staff_event (staff_id, event_id) VALUES (19, 73);
INSERT INTO staff_event (staff_id, event_id) VALUES (40, 73);
INSERT INTO staff_event (staff_id, event_id) VALUES (43, 73);
INSERT INTO staff_event (staff_id, event_id) VALUES (23, 73);
INSERT INTO staff_event (staff_id, event_id) VALUES (8, 73);
INSERT INTO staff_event (staff_id, event_id) VALUES (15, 73);
INSERT INTO staff_event (staff_id, event_id) VALUES (45, 73);
INSERT INTO staff_event (staff_id, event_id) VALUES (10, 74);
INSERT INTO staff_event (staff_id, event_id) VALUES (7, 74);
INSERT INTO staff_event (staff_id, event_id) VALUES (31, 74);
INSERT INTO staff_event (staff_id, event_id) VALUES (37, 74);
INSERT INTO staff_event (staff_id, event_id) VALUES (28, 74);
INSERT INTO staff_event (staff_id, event_id) VALUES (43, 74);
INSERT INTO staff_event (staff_id, event_id) VALUES (29, 74);
INSERT INTO staff_event (staff_id, event_id) VALUES (47, 74);
INSERT INTO staff_event (staff_id, event_id) VALUES (33, 74);
INSERT INTO staff_event (staff_id, event_id) VALUES (27, 74);
INSERT INTO staff_event (staff_id, event_id) VALUES (10, 75);
INSERT INTO staff_event (staff_id, event_id) VALUES (49, 75);
INSERT INTO staff_event (staff_id, event_id) VALUES (22, 75);
INSERT INTO staff_event (staff_id, event_id) VALUES (34, 75);
INSERT INTO staff_event (staff_id, event_id) VALUES (28, 75);
INSERT INTO staff_event (staff_id, event_id) VALUES (31, 75);
INSERT INTO staff_event (staff_id, event_id) VALUES (46, 75);
INSERT INTO staff_event (staff_id, event_id) VALUES (26, 75);
INSERT INTO staff_event (staff_id, event_id) VALUES (29, 75);
INSERT INTO staff_event (staff_id, event_id) VALUES (12, 75);
INSERT INTO staff_event (staff_id, event_id) VALUES (42, 75);
INSERT INTO staff_event (staff_id, event_id) VALUES (18, 75);
INSERT INTO staff_event (staff_id, event_id) VALUES (24, 75);
INSERT INTO staff_event (staff_id, event_id) VALUES (4, 76);
INSERT INTO staff_event (staff_id, event_id) VALUES (40, 76);
INSERT INTO staff_event (staff_id, event_id) VALUES (37, 76);
INSERT INTO staff_event (staff_id, event_id) VALUES (43, 76);
INSERT INTO staff_event (staff_id, event_id) VALUES (31, 76);
INSERT INTO staff_event (staff_id, event_id) VALUES (25, 76);
INSERT INTO staff_event (staff_id, event_id) VALUES (16, 76);
INSERT INTO staff_event (staff_id, event_id) VALUES (46, 76);
INSERT INTO staff_event (staff_id, event_id) VALUES (28, 76);
INSERT INTO staff_event (staff_id, event_id) VALUES (41, 76);
INSERT INTO staff_event (staff_id, event_id) VALUES (35, 76);
INSERT INTO staff_event (staff_id, event_id) VALUES (14, 76);
INSERT INTO staff_event (staff_id, event_id) VALUES (30, 76);
INSERT INTO staff_event (staff_id, event_id) VALUES (6, 76);
INSERT INTO staff_event (staff_id, event_id) VALUES (39, 76);
INSERT INTO staff_event (staff_id, event_id) VALUES (31, 77);
INSERT INTO staff_event (staff_id, event_id) VALUES (13, 77);
INSERT INTO staff_event (staff_id, event_id) VALUES (25, 77);
INSERT INTO staff_event (staff_id, event_id) VALUES (49, 77);
INSERT INTO staff_event (staff_id, event_id) VALUES (4, 77);
INSERT INTO staff_event (staff_id, event_id) VALUES (1, 77);
INSERT INTO staff_event (staff_id, event_id) VALUES (7, 77);
INSERT INTO staff_event (staff_id, event_id) VALUES (22, 77);
INSERT INTO staff_event (staff_id, event_id) VALUES (43, 77);
INSERT INTO staff_event (staff_id, event_id) VALUES (41, 77);
INSERT INTO staff_event (staff_id, event_id) VALUES (26, 77);
INSERT INTO staff_event (staff_id, event_id) VALUES (47, 77);
INSERT INTO staff_event (staff_id, event_id) VALUES (18, 77);
INSERT INTO staff_event (staff_id, event_id) VALUES (24, 77);
INSERT INTO staff_event (staff_id, event_id) VALUES (43, 78);
INSERT INTO staff_event (staff_id, event_id) VALUES (7, 78);
INSERT INTO staff_event (staff_id, event_id) VALUES (22, 78);
INSERT INTO staff_event (staff_id, event_id) VALUES (28, 78);
INSERT INTO staff_event (staff_id, event_id) VALUES (1, 78);
INSERT INTO staff_event (staff_id, event_id) VALUES (37, 78);
INSERT INTO staff_event (staff_id, event_id) VALUES (4, 78);
INSERT INTO staff_event (staff_id, event_id) VALUES (8, 78);
INSERT INTO staff_event (staff_id, event_id) VALUES (23, 78);
INSERT INTO staff_event (staff_id, event_id) VALUES (2, 78);
INSERT INTO staff_event (staff_id, event_id) VALUES (21, 78);
INSERT INTO staff_event (staff_id, event_id) VALUES (30, 78);
INSERT INTO staff_event (staff_id, event_id) VALUES (24, 78);
INSERT INTO staff_event (staff_id, event_id) VALUES (15, 78);
INSERT INTO staff_event (staff_id, event_id) VALUES (22, 79);
INSERT INTO staff_event (staff_id, event_id) VALUES (31, 79);
INSERT INTO staff_event (staff_id, event_id) VALUES (10, 79);
INSERT INTO staff_event (staff_id, event_id) VALUES (40, 79);
INSERT INTO staff_event (staff_id, event_id) VALUES (34, 79);
INSERT INTO staff_event (staff_id, event_id) VALUES (7, 79);
INSERT INTO staff_event (staff_id, event_id) VALUES (19, 79);
INSERT INTO staff_event (staff_id, event_id) VALUES (43, 79);
INSERT INTO staff_event (staff_id, event_id) VALUES (25, 79);
INSERT INTO staff_event (staff_id, event_id) VALUES (35, 79);
INSERT INTO staff_event (staff_id, event_id) VALUES (2, 79);
INSERT INTO staff_event (staff_id, event_id) VALUES (23, 79);
INSERT INTO staff_event (staff_id, event_id) VALUES (15, 79);
INSERT INTO staff_event (staff_id, event_id) VALUES (12, 79);
INSERT INTO staff_event (staff_id, event_id) VALUES (9, 79);
INSERT INTO staff_event (staff_id, event_id) VALUES (30, 79);
INSERT INTO staff_event (staff_id, event_id) VALUES (27, 79);
INSERT INTO staff_event (staff_id, event_id) VALUES (16, 80);
INSERT INTO staff_event (staff_id, event_id) VALUES (4, 80);
INSERT INTO staff_event (staff_id, event_id) VALUES (37, 80);
INSERT INTO staff_event (staff_id, event_id) VALUES (34, 80);
INSERT INTO staff_event (staff_id, event_id) VALUES (25, 80);
INSERT INTO staff_event (staff_id, event_id) VALUES (46, 80);
INSERT INTO staff_event (staff_id, event_id) VALUES (49, 80);
INSERT INTO staff_event (staff_id, event_id) VALUES (1, 80);
INSERT INTO staff_event (staff_id, event_id) VALUES (20, 80);
INSERT INTO staff_event (staff_id, event_id) VALUES (44, 80);
INSERT INTO staff_event (staff_id, event_id) VALUES (8, 80);
INSERT INTO staff_event (staff_id, event_id) VALUES (9, 80);
INSERT INTO staff_event (staff_id, event_id) VALUES (33, 80);
INSERT INTO staff_event (staff_id, event_id) VALUES (24, 80);
INSERT INTO staff_event (staff_id, event_id) VALUES (21, 80);
INSERT INTO staff_event (staff_id, event_id) VALUES (10, 81);
INSERT INTO staff_event (staff_id, event_id) VALUES (19, 81);
INSERT INTO staff_event (staff_id, event_id) VALUES (46, 81);
INSERT INTO staff_event (staff_id, event_id) VALUES (7, 81);
INSERT INTO staff_event (staff_id, event_id) VALUES (37, 81);
INSERT INTO staff_event (staff_id, event_id) VALUES (1, 81);
INSERT INTO staff_event (staff_id, event_id) VALUES (43, 81);
INSERT INTO staff_event (staff_id, event_id) VALUES (25, 81);
INSERT INTO staff_event (staff_id, event_id) VALUES (14, 81);
INSERT INTO staff_event (staff_id, event_id) VALUES (26, 81);
INSERT INTO staff_event (staff_id, event_id) VALUES (44, 81);
INSERT INTO staff_event (staff_id, event_id) VALUES (48, 81);
INSERT INTO staff_event (staff_id, event_id) VALUES (15, 81);
INSERT INTO staff_event (staff_id, event_id) VALUES (7, 82);
INSERT INTO staff_event (staff_id, event_id) VALUES (28, 82);
INSERT INTO staff_event (staff_id, event_id) VALUES (46, 82);
INSERT INTO staff_event (staff_id, event_id) VALUES (10, 82);
INSERT INTO staff_event (staff_id, event_id) VALUES (4, 82);
INSERT INTO staff_event (staff_id, event_id) VALUES (1, 82);
INSERT INTO staff_event (staff_id, event_id) VALUES (22, 82);
INSERT INTO staff_event (staff_id, event_id) VALUES (19, 82);
INSERT INTO staff_event (staff_id, event_id) VALUES (23, 82);
INSERT INTO staff_event (staff_id, event_id) VALUES (2, 82);
INSERT INTO staff_event (staff_id, event_id) VALUES (35, 82);
INSERT INTO staff_event (staff_id, event_id) VALUES (42, 82);
INSERT INTO staff_event (staff_id, event_id) VALUES (21, 82);
INSERT INTO staff_event (staff_id, event_id) VALUES (48, 82);
INSERT INTO staff_event (staff_id, event_id) VALUES (46, 83);
INSERT INTO staff_event (staff_id, event_id) VALUES (7, 83);
INSERT INTO staff_event (staff_id, event_id) VALUES (1, 83);
INSERT INTO staff_event (staff_id, event_id) VALUES (34, 83);
INSERT INTO staff_event (staff_id, event_id) VALUES (40, 83);
INSERT INTO staff_event (staff_id, event_id) VALUES (4, 83);
INSERT INTO staff_event (staff_id, event_id) VALUES (43, 83);
INSERT INTO staff_event (staff_id, event_id) VALUES (22, 83);
INSERT INTO staff_event (staff_id, event_id) VALUES (13, 83);
INSERT INTO staff_event (staff_id, event_id) VALUES (11, 83);
INSERT INTO staff_event (staff_id, event_id) VALUES (35, 83);
INSERT INTO staff_event (staff_id, event_id) VALUES (5, 83);
INSERT INTO staff_event (staff_id, event_id) VALUES (27, 83);
INSERT INTO staff_event (staff_id, event_id) VALUES (3, 83);
INSERT INTO staff_event (staff_id, event_id) VALUES (30, 83);
INSERT INTO staff_event (staff_id, event_id) VALUES (42, 83);
INSERT INTO staff_event (staff_id, event_id) VALUES (1, 84);
INSERT INTO staff_event (staff_id, event_id) VALUES (37, 84);
INSERT INTO staff_event (staff_id, event_id) VALUES (10, 84);
INSERT INTO staff_event (staff_id, event_id) VALUES (16, 84);
INSERT INTO staff_event (staff_id, event_id) VALUES (22, 84);
INSERT INTO staff_event (staff_id, event_id) VALUES (40, 84);
INSERT INTO staff_event (staff_id, event_id) VALUES (43, 84);
INSERT INTO staff_event (staff_id, event_id) VALUES (47, 84);
INSERT INTO staff_event (staff_id, event_id) VALUES (14, 84);
INSERT INTO staff_event (staff_id, event_id) VALUES (17, 84);
INSERT INTO staff_event (staff_id, event_id) VALUES (21, 84);
INSERT INTO staff_event (staff_id, event_id) VALUES (39, 84);
INSERT INTO staff_event (staff_id, event_id) VALUES (16, 85);
INSERT INTO staff_event (staff_id, event_id) VALUES (4, 85);
INSERT INTO staff_event (staff_id, event_id) VALUES (49, 85);
INSERT INTO staff_event (staff_id, event_id) VALUES (40, 85);
INSERT INTO staff_event (staff_id, event_id) VALUES (7, 85);
INSERT INTO staff_event (staff_id, event_id) VALUES (13, 85);
INSERT INTO staff_event (staff_id, event_id) VALUES (28, 85);
INSERT INTO staff_event (staff_id, event_id) VALUES (25, 85);
INSERT INTO staff_event (staff_id, event_id) VALUES (31, 85);
INSERT INTO staff_event (staff_id, event_id) VALUES (29, 85);
INSERT INTO staff_event (staff_id, event_id) VALUES (23, 85);
INSERT INTO staff_event (staff_id, event_id) VALUES (35, 85);
INSERT INTO staff_event (staff_id, event_id) VALUES (45, 85);
INSERT INTO staff_event (staff_id, event_id) VALUES (6, 85);
INSERT INTO staff_event (staff_id, event_id) VALUES (43, 86);
INSERT INTO staff_event (staff_id, event_id) VALUES (10, 86);
INSERT INTO staff_event (staff_id, event_id) VALUES (49, 86);
INSERT INTO staff_event (staff_id, event_id) VALUES (4, 86);
INSERT INTO staff_event (staff_id, event_id) VALUES (34, 86);
INSERT INTO staff_event (staff_id, event_id) VALUES (22, 86);
INSERT INTO staff_event (staff_id, event_id) VALUES (41, 86);
INSERT INTO staff_event (staff_id, event_id) VALUES (2, 86);
INSERT INTO staff_event (staff_id, event_id) VALUES (21, 86);
INSERT INTO staff_event (staff_id, event_id) VALUES (36, 86);
INSERT INTO staff_event (staff_id, event_id) VALUES (12, 86);
INSERT INTO staff_event (staff_id, event_id) VALUES (46, 87);
INSERT INTO staff_event (staff_id, event_id) VALUES (25, 87);
INSERT INTO staff_event (staff_id, event_id) VALUES (22, 87);
INSERT INTO staff_event (staff_id, event_id) VALUES (28, 87);
INSERT INTO staff_event (staff_id, event_id) VALUES (16, 87);
INSERT INTO staff_event (staff_id, event_id) VALUES (44, 87);
INSERT INTO staff_event (staff_id, event_id) VALUES (29, 87);
INSERT INTO staff_event (staff_id, event_id) VALUES (33, 87);
INSERT INTO staff_event (staff_id, event_id) VALUES (21, 87);
INSERT INTO staff_event (staff_id, event_id) VALUES (27, 87);
INSERT INTO staff_event (staff_id, event_id) VALUES (6, 87);
INSERT INTO staff_event (staff_id, event_id) VALUES (40, 88);
INSERT INTO staff_event (staff_id, event_id) VALUES (28, 88);
INSERT INTO staff_event (staff_id, event_id) VALUES (19, 88);
INSERT INTO staff_event (staff_id, event_id) VALUES (1, 88);
INSERT INTO staff_event (staff_id, event_id) VALUES (25, 88);
INSERT INTO staff_event (staff_id, event_id) VALUES (37, 88);
INSERT INTO staff_event (staff_id, event_id) VALUES (50, 88);
INSERT INTO staff_event (staff_id, event_id) VALUES (32, 88);
INSERT INTO staff_event (staff_id, event_id) VALUES (21, 88);
INSERT INTO staff_event (staff_id, event_id) VALUES (45, 88);
INSERT INTO staff_event (staff_id, event_id) VALUES (33, 88);
INSERT INTO staff_event (staff_id, event_id) VALUES (10, 89);
INSERT INTO staff_event (staff_id, event_id) VALUES (28, 89);
INSERT INTO staff_event (staff_id, event_id) VALUES (37, 89);
INSERT INTO staff_event (staff_id, event_id) VALUES (25, 89);
INSERT INTO staff_event (staff_id, event_id) VALUES (22, 89);
INSERT INTO staff_event (staff_id, event_id) VALUES (16, 89);
INSERT INTO staff_event (staff_id, event_id) VALUES (4, 89);
INSERT INTO staff_event (staff_id, event_id) VALUES (50, 89);
INSERT INTO staff_event (staff_id, event_id) VALUES (41, 89);
INSERT INTO staff_event (staff_id, event_id) VALUES (45, 89);
INSERT INTO staff_event (staff_id, event_id) VALUES (15, 89);
INSERT INTO staff_event (staff_id, event_id) VALUES (36, 89);
INSERT INTO staff_event (staff_id, event_id) VALUES (3, 89);
INSERT INTO staff_event (staff_id, event_id) VALUES (1, 90);
INSERT INTO staff_event (staff_id, event_id) VALUES (16, 90);
INSERT INTO staff_event (staff_id, event_id) VALUES (40, 90);
INSERT INTO staff_event (staff_id, event_id) VALUES (34, 90);
INSERT INTO staff_event (staff_id, event_id) VALUES (28, 90);
INSERT INTO staff_event (staff_id, event_id) VALUES (11, 90);
INSERT INTO staff_event (staff_id, event_id) VALUES (20, 90);
INSERT INTO staff_event (staff_id, event_id) VALUES (18, 90);
INSERT INTO staff_event (staff_id, event_id) VALUES (33, 90);
INSERT INTO staff_event (staff_id, event_id) VALUES (39, 90);
INSERT INTO staff_event (staff_id, event_id) VALUES (27, 90);
INSERT INTO staff_event (staff_id, event_id) VALUES (21, 90);
INSERT INTO staff_event (staff_id, event_id) VALUES (19, 91);
INSERT INTO staff_event (staff_id, event_id) VALUES (46, 91);
INSERT INTO staff_event (staff_id, event_id) VALUES (28, 91);
INSERT INTO staff_event (staff_id, event_id) VALUES (34, 91);
INSERT INTO staff_event (staff_id, event_id) VALUES (22, 91);
INSERT INTO staff_event (staff_id, event_id) VALUES (7, 91);
INSERT INTO staff_event (staff_id, event_id) VALUES (25, 91);
INSERT INTO staff_event (staff_id, event_id) VALUES (14, 91);
INSERT INTO staff_event (staff_id, event_id) VALUES (8, 91);
INSERT INTO staff_event (staff_id, event_id) VALUES (6, 91);
INSERT INTO staff_event (staff_id, event_id) VALUES (24, 91);
INSERT INTO staff_event (staff_id, event_id) VALUES (33, 91);
INSERT INTO staff_event (staff_id, event_id) VALUES (36, 91);
INSERT INTO staff_event (staff_id, event_id) VALUES (12, 91);
INSERT INTO staff_event (staff_id, event_id) VALUES (10, 92);
INSERT INTO staff_event (staff_id, event_id) VALUES (34, 92);
INSERT INTO staff_event (staff_id, event_id) VALUES (28, 92);
INSERT INTO staff_event (staff_id, event_id) VALUES (37, 92);
INSERT INTO staff_event (staff_id, event_id) VALUES (7, 92);
INSERT INTO staff_event (staff_id, event_id) VALUES (25, 92);
INSERT INTO staff_event (staff_id, event_id) VALUES (1, 92);
INSERT INTO staff_event (staff_id, event_id) VALUES (14, 92);
INSERT INTO staff_event (staff_id, event_id) VALUES (44, 92);
INSERT INTO staff_event (staff_id, event_id) VALUES (29, 92);
INSERT INTO staff_event (staff_id, event_id) VALUES (45, 92);
INSERT INTO staff_event (staff_id, event_id) VALUES (24, 92);
INSERT INTO staff_event (staff_id, event_id) VALUES (6, 92);
INSERT INTO staff_event (staff_id, event_id) VALUES (42, 92);
INSERT INTO staff_event (staff_id, event_id) VALUES (34, 93);
INSERT INTO staff_event (staff_id, event_id) VALUES (1, 93);
INSERT INTO staff_event (staff_id, event_id) VALUES (13, 93);
INSERT INTO staff_event (staff_id, event_id) VALUES (37, 93);
INSERT INTO staff_event (staff_id, event_id) VALUES (40, 93);
INSERT INTO staff_event (staff_id, event_id) VALUES (7, 93);
INSERT INTO staff_event (staff_id, event_id) VALUES (16, 93);
INSERT INTO staff_event (staff_id, event_id) VALUES (43, 93);
INSERT INTO staff_event (staff_id, event_id) VALUES (47, 93);
INSERT INTO staff_event (staff_id, event_id) VALUES (44, 93);
INSERT INTO staff_event (staff_id, event_id) VALUES (8, 93);
INSERT INTO staff_event (staff_id, event_id) VALUES (30, 93);
INSERT INTO staff_event (staff_id, event_id) VALUES (36, 93);
INSERT INTO staff_event (staff_id, event_id) VALUES (4, 94);
INSERT INTO staff_event (staff_id, event_id) VALUES (13, 94);
INSERT INTO staff_event (staff_id, event_id) VALUES (7, 94);
INSERT INTO staff_event (staff_id, event_id) VALUES (28, 94);
INSERT INTO staff_event (staff_id, event_id) VALUES (34, 94);
INSERT INTO staff_event (staff_id, event_id) VALUES (25, 94);
INSERT INTO staff_event (staff_id, event_id) VALUES (40, 94);
INSERT INTO staff_event (staff_id, event_id) VALUES (1, 94);
INSERT INTO staff_event (staff_id, event_id) VALUES (5, 94);
INSERT INTO staff_event (staff_id, event_id) VALUES (35, 94);
INSERT INTO staff_event (staff_id, event_id) VALUES (50, 94);
INSERT INTO staff_event (staff_id, event_id) VALUES (15, 94);
INSERT INTO staff_event (staff_id, event_id) VALUES (21, 94);
INSERT INTO staff_event (staff_id, event_id) VALUES (25, 95);
INSERT INTO staff_event (staff_id, event_id) VALUES (10, 95);
INSERT INTO staff_event (staff_id, event_id) VALUES (46, 95);
INSERT INTO staff_event (staff_id, event_id) VALUES (49, 95);
INSERT INTO staff_event (staff_id, event_id) VALUES (4, 95);
INSERT INTO staff_event (staff_id, event_id) VALUES (16, 95);
INSERT INTO staff_event (staff_id, event_id) VALUES (2, 95);
INSERT INTO staff_event (staff_id, event_id) VALUES (35, 95);
INSERT INTO staff_event (staff_id, event_id) VALUES (42, 95);
INSERT INTO staff_event (staff_id, event_id) VALUES (33, 95);
INSERT INTO staff_event (staff_id, event_id) VALUES (12, 95);
INSERT INTO staff_event (staff_id, event_id) VALUES (36, 95);
INSERT INTO staff_event (staff_id, event_id) VALUES (6, 95);
INSERT INTO staff_event (staff_id, event_id) VALUES (37, 96);
INSERT INTO staff_event (staff_id, event_id) VALUES (19, 96);
INSERT INTO staff_event (staff_id, event_id) VALUES (31, 96);
INSERT INTO staff_event (staff_id, event_id) VALUES (43, 96);
INSERT INTO staff_event (staff_id, event_id) VALUES (7, 96);
INSERT INTO staff_event (staff_id, event_id) VALUES (16, 96);
INSERT INTO staff_event (staff_id, event_id) VALUES (22, 96);
INSERT INTO staff_event (staff_id, event_id) VALUES (28, 96);
INSERT INTO staff_event (staff_id, event_id) VALUES (1, 96);
INSERT INTO staff_event (staff_id, event_id) VALUES (20, 96);
INSERT INTO staff_event (staff_id, event_id) VALUES (47, 96);
INSERT INTO staff_event (staff_id, event_id) VALUES (41, 96);
INSERT INTO staff_event (staff_id, event_id) VALUES (21, 96);
INSERT INTO staff_event (staff_id, event_id) VALUES (42, 96);
INSERT INTO staff_event (staff_id, event_id) VALUES (9, 96);
INSERT INTO staff_event (staff_id, event_id) VALUES (28, 97);
INSERT INTO staff_event (staff_id, event_id) VALUES (34, 97);
INSERT INTO staff_event (staff_id, event_id) VALUES (1, 97);
INSERT INTO staff_event (staff_id, event_id) VALUES (16, 97);
INSERT INTO staff_event (staff_id, event_id) VALUES (49, 97);
INSERT INTO staff_event (staff_id, event_id) VALUES (13, 97);
INSERT INTO staff_event (staff_id, event_id) VALUES (37, 97);
INSERT INTO staff_event (staff_id, event_id) VALUES (26, 97);
INSERT INTO staff_event (staff_id, event_id) VALUES (35, 97);
INSERT INTO staff_event (staff_id, event_id) VALUES (50, 97);
INSERT INTO staff_event (staff_id, event_id) VALUES (3, 97);
INSERT INTO staff_event (staff_id, event_id) VALUES (24, 97);
INSERT INTO staff_event (staff_id, event_id) VALUES (18, 97);
INSERT INTO staff_event (staff_id, event_id) VALUES (9, 97);
INSERT INTO staff_event (staff_id, event_id) VALUES (39, 97);
INSERT INTO staff_event (staff_id, event_id) VALUES (22, 98);
INSERT INTO staff_event (staff_id, event_id) VALUES (10, 98);
INSERT INTO staff_event (staff_id, event_id) VALUES (34, 98);
INSERT INTO staff_event (staff_id, event_id) VALUES (4, 98);
INSERT INTO staff_event (staff_id, event_id) VALUES (13, 98);
INSERT INTO staff_event (staff_id, event_id) VALUES (19, 98);
INSERT INTO staff_event (staff_id, event_id) VALUES (31, 98);
INSERT INTO staff_event (staff_id, event_id) VALUES (46, 98);
INSERT INTO staff_event (staff_id, event_id) VALUES (8, 98);
INSERT INTO staff_event (staff_id, event_id) VALUES (23, 98);
INSERT INTO staff_event (staff_id, event_id) VALUES (2, 98);
INSERT INTO staff_event (staff_id, event_id) VALUES (9, 98);
INSERT INTO staff_event (staff_id, event_id) VALUES (42, 98);
INSERT INTO staff_event (staff_id, event_id) VALUES (45, 98);
INSERT INTO staff_event (staff_id, event_id) VALUES (18, 98);
INSERT INTO staff_event (staff_id, event_id) VALUES (49, 99);
INSERT INTO staff_event (staff_id, event_id) VALUES (28, 99);
INSERT INTO staff_event (staff_id, event_id) VALUES (19, 99);
INSERT INTO staff_event (staff_id, event_id) VALUES (7, 99);
INSERT INTO staff_event (staff_id, event_id) VALUES (4, 99);
INSERT INTO staff_event (staff_id, event_id) VALUES (43, 99);
INSERT INTO staff_event (staff_id, event_id) VALUES (1, 99);
INSERT INTO staff_event (staff_id, event_id) VALUES (20, 99);
INSERT INTO staff_event (staff_id, event_id) VALUES (5, 99);
INSERT INTO staff_event (staff_id, event_id) VALUES (11, 99);
INSERT INTO staff_event (staff_id, event_id) VALUES (45, 99);
INSERT INTO staff_event (staff_id, event_id) VALUES (27, 99);
INSERT INTO staff_event (staff_id, event_id) VALUES (48, 99);
INSERT INTO staff_event (staff_id, event_id) VALUES (3, 99);

-- equipment --
INSERT INTO equipment (equipment_id, equipment_type, descr, img) VALUES (1, 'speakers', 'Standard speakers setup', 'https://via.placeholder.com/786x471.png?text=Speakers+28');
INSERT INTO equipment (equipment_id, equipment_type, descr, img) VALUES (2, 'lights', 'Standard lights setup', 'https://via.placeholder.com/666x429.png?text=Lights+40');
INSERT INTO equipment (equipment_id, equipment_type, descr, img) VALUES (3, 'microphones', 'Standard microphones setup', 'https://via.placeholder.com/753x430.png?text=Microphones+68');
INSERT INTO equipment (equipment_id, equipment_type, descr, img) VALUES (4, 'consoles', 'Standard consoles setup', 'https://via.placeholder.com/770x355.png?text=Consoles+56');
INSERT INTO equipment (equipment_id, equipment_type, descr, img) VALUES (5, 'special effects', 'Standard special effects setup', 'https://via.placeholder.com/752x505.png?text=Special+effects+50');

-- scene_equipment --
INSERT INTO scene_equipment (quantity, scene_id, equipment_id) VALUES (15, 1, 4);
INSERT INTO scene_equipment (quantity, scene_id, equipment_id) VALUES (16, 2, 3);
INSERT INTO scene_equipment (quantity, scene_id, equipment_id) VALUES (3, 2, 5);
INSERT INTO scene_equipment (quantity, scene_id, equipment_id) VALUES (12, 3, 5);
INSERT INTO scene_equipment (quantity, scene_id, equipment_id) VALUES (15, 4, 5);
INSERT INTO scene_equipment (quantity, scene_id, equipment_id) VALUES (1, 5, 3);
INSERT INTO scene_equipment (quantity, scene_id, equipment_id) VALUES (6, 5, 2);
INSERT INTO scene_equipment (quantity, scene_id, equipment_id) VALUES (19, 6, 2);
INSERT INTO scene_equipment (quantity, scene_id, equipment_id) VALUES (12, 6, 3);
INSERT INTO scene_equipment (quantity, scene_id, equipment_id) VALUES (15, 7, 4);
INSERT INTO scene_equipment (quantity, scene_id, equipment_id) VALUES (14, 8, 3);
INSERT INTO scene_equipment (quantity, scene_id, equipment_id) VALUES (17, 9, 3);
INSERT INTO scene_equipment (quantity, scene_id, equipment_id) VALUES (20, 9, 1);
INSERT INTO scene_equipment (quantity, scene_id, equipment_id) VALUES (8, 9, 4);
INSERT INTO scene_equipment (quantity, scene_id, equipment_id) VALUES (18, 10, 4);
INSERT INTO scene_equipment (quantity, scene_id, equipment_id) VALUES (4, 10, 2);
INSERT INTO scene_equipment (quantity, scene_id, equipment_id) VALUES (17, 10, 3);
INSERT INTO scene_equipment (quantity, scene_id, equipment_id) VALUES (14, 11, 4);
INSERT INTO scene_equipment (quantity, scene_id, equipment_id) VALUES (1, 11, 1);
INSERT INTO scene_equipment (quantity, scene_id, equipment_id) VALUES (3, 12, 4);
INSERT INTO scene_equipment (quantity, scene_id, equipment_id) VALUES (3, 13, 5);
INSERT INTO scene_equipment (quantity, scene_id, equipment_id) VALUES (14, 13, 2);
INSERT INTO scene_equipment (quantity, scene_id, equipment_id) VALUES (3, 13, 3);
INSERT INTO scene_equipment (quantity, scene_id, equipment_id) VALUES (1, 14, 3);
INSERT INTO scene_equipment (quantity, scene_id, equipment_id) VALUES (2, 15, 2);
INSERT INTO scene_equipment (quantity, scene_id, equipment_id) VALUES (17, 16, 2);
INSERT INTO scene_equipment (quantity, scene_id, equipment_id) VALUES (13, 16, 3);
INSERT INTO scene_equipment (quantity, scene_id, equipment_id) VALUES (7, 16, 5);
INSERT INTO scene_equipment (quantity, scene_id, equipment_id) VALUES (16, 17, 5);
INSERT INTO scene_equipment (quantity, scene_id, equipment_id) VALUES (1, 18, 5);
INSERT INTO scene_equipment (quantity, scene_id, equipment_id) VALUES (9, 19, 3);
INSERT INTO scene_equipment (quantity, scene_id, equipment_id) VALUES (19, 19, 2);
INSERT INTO scene_equipment (quantity, scene_id, equipment_id) VALUES (2, 19, 5);
INSERT INTO scene_equipment (quantity, scene_id, equipment_id) VALUES (9, 20, 2);
INSERT INTO scene_equipment (quantity, scene_id, equipment_id) VALUES (8, 20, 3);
INSERT INTO scene_equipment (quantity, scene_id, equipment_id) VALUES (18, 20, 1);
INSERT INTO scene_equipment (quantity, scene_id, equipment_id) VALUES (19, 21, 1);
INSERT INTO scene_equipment (quantity, scene_id, equipment_id) VALUES (7, 22, 2);
INSERT INTO scene_equipment (quantity, scene_id, equipment_id) VALUES (8, 23, 3);
INSERT INTO scene_equipment (quantity, scene_id, equipment_id) VALUES (12, 23, 5);
INSERT INTO scene_equipment (quantity, scene_id, equipment_id) VALUES (18, 23, 4);
INSERT INTO scene_equipment (quantity, scene_id, equipment_id) VALUES (15, 24, 3);
INSERT INTO scene_equipment (quantity, scene_id, equipment_id) VALUES (13, 24, 1);
INSERT INTO scene_equipment (quantity, scene_id, equipment_id) VALUES (6, 24, 2);
INSERT INTO scene_equipment (quantity, scene_id, equipment_id) VALUES (11, 25, 3);
INSERT INTO scene_equipment (quantity, scene_id, equipment_id) VALUES (8, 25, 1);
INSERT INTO scene_equipment (quantity, scene_id, equipment_id) VALUES (9, 25, 4);
INSERT INTO scene_equipment (quantity, scene_id, equipment_id) VALUES (20, 26, 3);
INSERT INTO scene_equipment (quantity, scene_id, equipment_id) VALUES (20, 27, 1);
INSERT INTO scene_equipment (quantity, scene_id, equipment_id) VALUES (14, 28, 5);
INSERT INTO scene_equipment (quantity, scene_id, equipment_id) VALUES (4, 28, 2);
INSERT INTO scene_equipment (quantity, scene_id, equipment_id) VALUES (2, 28, 4);
INSERT INTO scene_equipment (quantity, scene_id, equipment_id) VALUES (16, 29, 4);
INSERT INTO scene_equipment (quantity, scene_id, equipment_id) VALUES (10, 29, 5);
INSERT INTO scene_equipment (quantity, scene_id, equipment_id) VALUES (17, 30, 3);
INSERT INTO scene_equipment (quantity, scene_id, equipment_id) VALUES (17, 30, 4);

-- attendee --
INSERT INTO attendee (attendee_id, attendee_name, age, contact_info, attendee_address, city, country, descr, img) VALUES (1, 'Wendy Garcia', 29, 'james35@example.com', '788 Marie Loop', 'Sethberg', 'Luxembourg', 'Festival attendee', 'https://via.placeholder.com/798x479.png?text=Attendee+33');
INSERT INTO attendee (attendee_id, attendee_name, age, contact_info, attendee_address, city, country, descr, img) VALUES (2, 'Alicia Castro', 22, 'dpham@example.com', '9245 Ronald Valleys', 'Rebeccaton', 'Suriname', 'Festival attendee', 'https://via.placeholder.com/401x400.png?text=Attendee+39');
INSERT INTO attendee (attendee_id, attendee_name, age, contact_info, attendee_address, city, country, descr, img) VALUES (3, 'Nancy Tran', 43, 'david45@example.com', '2710 Jose Crossing', 'Cunninghamhaven', 'Palestinian Territory', 'Festival attendee', 'https://via.placeholder.com/795x511.png?text=Attendee+29');
INSERT INTO attendee (attendee_id, attendee_name, age, contact_info, attendee_address, city, country, descr, img) VALUES (4, 'Pamela Lawson', 54, 'raymond55@example.net', '654 Moore Port Suite 256', 'Jordanchester', 'Norway', 'Festival attendee', 'https://via.placeholder.com/494x310.png?text=Attendee+64');
INSERT INTO attendee (attendee_id, attendee_name, age, contact_info, attendee_address, city, country, descr, img) VALUES (5, 'Kristin Garcia', 47, 'valerieyoung@example.net', '89164 Christopher Locks Apt. 966', 'Robertside', 'Equatorial Guinea', 'Festival attendee', 'https://via.placeholder.com/628x536.png?text=Attendee+95');
INSERT INTO attendee (attendee_id, attendee_name, age, contact_info, attendee_address, city, country, descr, img) VALUES (6, 'Denise Anderson', 35, 'james46@example.net', '46813 Christopher Brook', 'South Jerryhaven', 'Togo', 'Festival attendee', 'https://via.placeholder.com/774x399.png?text=Attendee+12');
INSERT INTO attendee (attendee_id, attendee_name, age, contact_info, attendee_address, city, country, descr, img) VALUES (7, 'Rebecca Gonzalez', 43, 'sherryfranklin@example.com', '229 King Walk Apt. 758', 'Jasmineville', 'Taiwan', 'Festival attendee', 'https://via.placeholder.com/476x369.png?text=Attendee+35');
INSERT INTO attendee (attendee_id, attendee_name, age, contact_info, attendee_address, city, country, descr, img) VALUES (8, 'Melanie Bennett', 44, 'andreajones@example.org', '57031 White Ferry Suite 165', 'Port Bradleyland', 'Saint Helena', 'Festival attendee', 'https://via.placeholder.com/613x386.png?text=Attendee+6');
INSERT INTO attendee (attendee_id, attendee_name, age, contact_info, attendee_address, city, country, descr, img) VALUES (9, 'Peter Rivera', 48, 'travisphillips@example.com', '311 Daniel Pike', 'Blairshire', 'Suriname', 'Festival attendee', 'https://via.placeholder.com/421x579.png?text=Attendee+7');
INSERT INTO attendee (attendee_id, attendee_name, age, contact_info, attendee_address, city, country, descr, img) VALUES (10, 'Jeremy Carter', 57, 'stephengalvan@example.com', '44255 Kennedy Freeway Apt. 097', 'Kristenland', 'Slovenia', 'Festival attendee', 'https://via.placeholder.com/723x516.png?text=Attendee+25');
INSERT INTO attendee (attendee_id, attendee_name, age, contact_info, attendee_address, city, country, descr, img) VALUES (11, 'Steven Diaz', 70, 'jwalker@example.org', '65365 Barr Underpass Apt. 243', 'Anthonyland', 'Liberia', 'Festival attendee', 'https://via.placeholder.com/553x376.png?text=Attendee+89');
INSERT INTO attendee (attendee_id, attendee_name, age, contact_info, attendee_address, city, country, descr, img) VALUES (12, 'Theresa Smith', 38, 'patricia21@example.org', '1287 Samuel Skyway', 'Walkerberg', 'Tuvalu', 'Festival attendee', 'https://via.placeholder.com/551x311.png?text=Attendee+18');
INSERT INTO attendee (attendee_id, attendee_name, age, contact_info, attendee_address, city, country, descr, img) VALUES (13, 'Frank King', 69, 'jameshines@example.com', '1733 Andrea Divide Apt. 950', 'East Ashleybury', 'Chile', 'Festival attendee', 'https://via.placeholder.com/536x487.png?text=Attendee+22');
INSERT INTO attendee (attendee_id, attendee_name, age, contact_info, attendee_address, city, country, descr, img) VALUES (14, 'Alec Smith', 67, 'perezleslie@example.org', '55251 Steven Run Apt. 429', 'West Carrie', 'Malawi', 'Festival attendee', 'https://via.placeholder.com/800x438.png?text=Attendee+4');
INSERT INTO attendee (attendee_id, attendee_name, age, contact_info, attendee_address, city, country, descr, img) VALUES (15, 'Richard Graham', 63, 'zacharyrobinson@example.net', '48016 Gregory Lock', 'Curtiston', 'Brunei Darussalam', 'Festival attendee', 'https://via.placeholder.com/605x336.png?text=Attendee+99');
INSERT INTO attendee (attendee_id, attendee_name, age, contact_info, attendee_address, city, country, descr, img) VALUES (16, 'Matthew Day', 53, 'kathryn74@example.com', '35640 Jones Ports Suite 792', 'Mirandaville', 'Macao', 'Festival attendee', 'https://via.placeholder.com/501x367.png?text=Attendee+21');
INSERT INTO attendee (attendee_id, attendee_name, age, contact_info, attendee_address, city, country, descr, img) VALUES (17, 'Joseph Hardin', 54, 'vmoore@example.com', '5952 Hogan Manors Apt. 026', 'Laurafort', 'Norway', 'Festival attendee', 'https://via.placeholder.com/572x550.png?text=Attendee+47');
INSERT INTO attendee (attendee_id, attendee_name, age, contact_info, attendee_address, city, country, descr, img) VALUES (18, 'Danielle Williams', 46, 'antonio97@example.org', '58688 Sandoval Burg Apt. 942', 'West Jamesport', 'Niue', 'Festival attendee', 'https://via.placeholder.com/527x490.png?text=Attendee+29');
INSERT INTO attendee (attendee_id, attendee_name, age, contact_info, attendee_address, city, country, descr, img) VALUES (19, 'William Zamora', 31, 'sluna@example.net', '486 Stephenson Manor', 'Murphymouth', 'Malta', 'Festival attendee', 'https://via.placeholder.com/408x596.png?text=Attendee+94');
INSERT INTO attendee (attendee_id, attendee_name, age, contact_info, attendee_address, city, country, descr, img) VALUES (20, 'Marie Shaw', 69, 'ghooper@example.com', '153 Hall Mountain', 'Amandashire', 'Northern Mariana Islands', 'Festival attendee', 'https://via.placeholder.com/761x429.png?text=Attendee+88');
INSERT INTO attendee (attendee_id, attendee_name, age, contact_info, attendee_address, city, country, descr, img) VALUES (21, 'Chase Soto', 26, 'hufferin@example.net', '5439 Joseph Freeway', 'North Tracy', 'Somalia', 'Festival attendee', 'https://via.placeholder.com/791x447.png?text=Attendee+79');
INSERT INTO attendee (attendee_id, attendee_name, age, contact_info, attendee_address, city, country, descr, img) VALUES (22, 'Theresa Davis', 22, 'ryansloan@example.net', '55534 Virginia Forks Apt. 557', 'Jacksonshire', 'Papua New Guinea', 'Festival attendee', 'https://via.placeholder.com/482x387.png?text=Attendee+25');
INSERT INTO attendee (attendee_id, attendee_name, age, contact_info, attendee_address, city, country, descr, img) VALUES (23, 'Thomas Lewis', 19, 'perkinshannah@example.com', '835 Thomas Skyway Apt. 710', 'Andersontown', 'Nauru', 'Festival attendee', 'https://via.placeholder.com/518x578.png?text=Attendee+90');
INSERT INTO attendee (attendee_id, attendee_name, age, contact_info, attendee_address, city, country, descr, img) VALUES (24, 'Micheal Hernandez', 28, 'fullerandrew@example.net', '213 Steven Isle', 'Mejiachester', 'Malta', 'Festival attendee', 'https://via.placeholder.com/687x499.png?text=Attendee+19');
INSERT INTO attendee (attendee_id, attendee_name, age, contact_info, attendee_address, city, country, descr, img) VALUES (25, 'Michael Nichols', 30, 'pamelanelson@example.net', '8481 Stephen Stream', 'Lake Kelly', 'Philippines', 'Festival attendee', 'https://via.placeholder.com/481x420.png?text=Attendee+32');
INSERT INTO attendee (attendee_id, attendee_name, age, contact_info, attendee_address, city, country, descr, img) VALUES (26, 'Nicole Stewart', 62, 'inichols@example.net', '746 Calderon Land', 'West Abigailhaven', 'Montserrat', 'Festival attendee', 'https://via.placeholder.com/672x323.png?text=Attendee+98');
INSERT INTO attendee (attendee_id, attendee_name, age, contact_info, attendee_address, city, country, descr, img) VALUES (27, 'Daniel Jenkins', 55, 'kochchelsea@example.net', '780 Julie Camp', 'New Elizabethmouth', 'Czech Republic', 'Festival attendee', 'https://via.placeholder.com/444x394.png?text=Attendee+82');
INSERT INTO attendee (attendee_id, attendee_name, age, contact_info, attendee_address, city, country, descr, img) VALUES (28, 'Thomas Shelton', 24, 'bretthawkins@example.com', '21495 Brandt Brook Apt. 614', 'Lake Julia', 'Guatemala', 'Festival attendee', 'https://via.placeholder.com/461x318.png?text=Attendee+95');
INSERT INTO attendee (attendee_id, attendee_name, age, contact_info, attendee_address, city, country, descr, img) VALUES (29, 'Justin Ross', 38, 'michaelhill@example.org', '5205 Miller Lane Apt. 209', 'New Harold', 'Vietnam', 'Festival attendee', 'https://via.placeholder.com/409x507.png?text=Attendee+7');
INSERT INTO attendee (attendee_id, attendee_name, age, contact_info, attendee_address, city, country, descr, img) VALUES (30, 'Lisa Richardson', 21, 'lyoung@example.net', '7871 Bowers Isle', 'West Tammy', 'Bulgaria', 'Festival attendee', 'https://via.placeholder.com/609x317.png?text=Attendee+5');
INSERT INTO attendee (attendee_id, attendee_name, age, contact_info, attendee_address, city, country, descr, img) VALUES (31, 'Deborah Smith', 25, 'andrewthomas@example.net', '339 Joseph Throughway Apt. 237', 'Port Bradleyburgh', 'Central African Republic', 'Festival attendee', 'https://via.placeholder.com/455x566.png?text=Attendee+3');
INSERT INTO attendee (attendee_id, attendee_name, age, contact_info, attendee_address, city, country, descr, img) VALUES (32, 'Jordan Martin', 42, 'hillbrian@example.org', '2170 Watson Neck', 'West Stanleybury', 'Wallis and Futuna', 'Festival attendee', 'https://via.placeholder.com/789x597.png?text=Attendee+59');
INSERT INTO attendee (attendee_id, attendee_name, age, contact_info, attendee_address, city, country, descr, img) VALUES (33, 'Jason Jefferson', 26, 'perrymeredith@example.org', '457 Patricia Estate', 'Lake Kristina', 'Saint Lucia', 'Festival attendee', 'https://via.placeholder.com/687x364.png?text=Attendee+7');
INSERT INTO attendee (attendee_id, attendee_name, age, contact_info, attendee_address, city, country, descr, img) VALUES (34, 'April Sullivan', 37, 'goodmangail@example.org', '016 Cherry Islands', 'Antonioland', 'Namibia', 'Festival attendee', 'https://via.placeholder.com/767x375.png?text=Attendee+93');
INSERT INTO attendee (attendee_id, attendee_name, age, contact_info, attendee_address, city, country, descr, img) VALUES (35, 'Johnny Ortiz', 43, 'valdezeric@example.net', '774 Wendy Forge Suite 136', 'Port Kim', 'Thailand', 'Festival attendee', 'https://via.placeholder.com/764x306.png?text=Attendee+61');
INSERT INTO attendee (attendee_id, attendee_name, age, contact_info, attendee_address, city, country, descr, img) VALUES (36, 'Matthew Jackson', 44, 'paulmyers@example.org', '36291 Omar Station Suite 423', 'North Dustin', 'Yemen', 'Festival attendee', 'https://via.placeholder.com/696x458.png?text=Attendee+51');
INSERT INTO attendee (attendee_id, attendee_name, age, contact_info, attendee_address, city, country, descr, img) VALUES (37, 'Tiffany Taylor', 37, 'sullivankathleen@example.net', '86922 Hawkins Place Suite 361', 'Lawrenceville', 'Ghana', 'Festival attendee', 'https://via.placeholder.com/774x424.png?text=Attendee+98');
INSERT INTO attendee (attendee_id, attendee_name, age, contact_info, attendee_address, city, country, descr, img) VALUES (38, 'Nicholas Campbell', 40, 'forddaniel@example.com', '2578 Lance Shoals Suite 888', 'South Christina', 'Uzbekistan', 'Festival attendee', 'https://via.placeholder.com/570x419.png?text=Attendee+32');
INSERT INTO attendee (attendee_id, attendee_name, age, contact_info, attendee_address, city, country, descr, img) VALUES (39, 'Kimberly Rhodes', 42, 'nlucas@example.com', '120 Yvette Cliff Apt. 179', 'South Johnville', 'Aruba', 'Festival attendee', 'https://via.placeholder.com/653x466.png?text=Attendee+27');
INSERT INTO attendee (attendee_id, attendee_name, age, contact_info, attendee_address, city, country, descr, img) VALUES (40, 'Sarah Evans', 16, 'xtorres@example.net', '06371 Ariel Ferry Apt. 710', 'Sandersbury', 'Brunei Darussalam', 'Festival attendee', 'https://via.placeholder.com/555x439.png?text=Attendee+81');
INSERT INTO attendee (attendee_id, attendee_name, age, contact_info, attendee_address, city, country, descr, img) VALUES (41, 'Christine Atkinson', 66, 'moralesjuan@example.net', '32085 Steve Motorway Apt. 583', 'Terrybury', 'Korea', 'Festival attendee', 'https://via.placeholder.com/587x531.png?text=Attendee+83');
INSERT INTO attendee (attendee_id, attendee_name, age, contact_info, attendee_address, city, country, descr, img) VALUES (42, 'Melissa Murphy', 39, 'michaeldavidson@example.net', '698 Heather Vista Suite 962', 'Port Angela', 'Qatar', 'Festival attendee', 'https://via.placeholder.com/527x403.png?text=Attendee+92');
INSERT INTO attendee (attendee_id, attendee_name, age, contact_info, attendee_address, city, country, descr, img) VALUES (43, 'Allison Gomez', 59, 'stephanie02@example.net', '33450 Maria Land', 'South Kimberlyborough', 'Mexico', 'Festival attendee', 'https://via.placeholder.com/709x466.png?text=Attendee+22');
INSERT INTO attendee (attendee_id, attendee_name, age, contact_info, attendee_address, city, country, descr, img) VALUES (44, 'Michael Anderson', 60, 'gphillips@example.com', '365 Nicole Stream Apt. 164', 'East Travisburgh', 'Barbados', 'Festival attendee', 'https://via.placeholder.com/615x584.png?text=Attendee+48');
INSERT INTO attendee (attendee_id, attendee_name, age, contact_info, attendee_address, city, country, descr, img) VALUES (45, 'Mary Hensley', 69, 'wendy53@example.org', '751 Leah Forks Apt. 022', 'Scotttown', 'Cyprus', 'Festival attendee', 'https://via.placeholder.com/407x545.png?text=Attendee+10');
INSERT INTO attendee (attendee_id, attendee_name, age, contact_info, attendee_address, city, country, descr, img) VALUES (46, 'Philip Thomas', 19, 'stephen24@example.net', '93765 Bryant Squares Apt. 981', 'Christopherberg', 'Saint Helena', 'Festival attendee', 'https://via.placeholder.com/758x395.png?text=Attendee+91');
INSERT INTO attendee (attendee_id, attendee_name, age, contact_info, attendee_address, city, country, descr, img) VALUES (47, 'Donna Young', 32, 'stacey70@example.com', '7331 Hill Ford', 'East Erin', 'Guam', 'Festival attendee', 'https://via.placeholder.com/483x548.png?text=Attendee+7');
INSERT INTO attendee (attendee_id, attendee_name, age, contact_info, attendee_address, city, country, descr, img) VALUES (48, 'Kimberly Green', 18, 'joshua28@example.net', '561 Rodriguez Club', 'Perezside', 'Singapore', 'Festival attendee', 'https://via.placeholder.com/644x517.png?text=Attendee+73');
INSERT INTO attendee (attendee_id, attendee_name, age, contact_info, attendee_address, city, country, descr, img) VALUES (49, 'Jonathan Turner', 57, 'jreese@example.com', '8784 Valenzuela Drive Suite 931', 'Lake Connieborough', 'North Macedonia', 'Festival attendee', 'https://via.placeholder.com/412x487.png?text=Attendee+52');
INSERT INTO attendee (attendee_id, attendee_name, age, contact_info, attendee_address, city, country, descr, img) VALUES (50, 'Chase Elliott', 24, 'hayesrobert@example.net', '780 Wilson Loaf Suite 490', 'Port Monicabury', 'Ireland', 'Festival attendee', 'https://via.placeholder.com/747x347.png?text=Attendee+83');
INSERT INTO attendee (attendee_id, attendee_name, age, contact_info, attendee_address, city, country, descr, img) VALUES (51, 'Scott Rivera', 33, 'sfields@example.net', '464 Kim Flats Apt. 335', 'Sarahton', 'Christmas Island', 'Festival attendee', 'https://via.placeholder.com/651x351.png?text=Attendee+60');
INSERT INTO attendee (attendee_id, attendee_name, age, contact_info, attendee_address, city, country, descr, img) VALUES (52, 'Rebekah Gonzalez', 22, 'ashleycarter@example.com', '8871 Ruiz Branch Suite 862', 'Port Calvinburgh', 'Saint Barthelemy', 'Festival attendee', 'https://via.placeholder.com/759x597.png?text=Attendee+95');
INSERT INTO attendee (attendee_id, attendee_name, age, contact_info, attendee_address, city, country, descr, img) VALUES (53, 'Tanya Martinez', 59, 'michael01@example.com', '60955 Julie Expressway', 'Devonfurt', 'Lesotho', 'Festival attendee', 'https://via.placeholder.com/684x437.png?text=Attendee+87');
INSERT INTO attendee (attendee_id, attendee_name, age, contact_info, attendee_address, city, country, descr, img) VALUES (54, 'Patrick Bishop', 54, 'garrettsteven@example.org', '271 Wendy Court Suite 631', 'Lopezport', 'Grenada', 'Festival attendee', 'https://via.placeholder.com/618x314.png?text=Attendee+93');
INSERT INTO attendee (attendee_id, attendee_name, age, contact_info, attendee_address, city, country, descr, img) VALUES (55, 'Jamie Nolan', 41, 'kfisher@example.com', '7959 Brandon Villages', 'Fordmouth', 'Gibraltar', 'Festival attendee', 'https://via.placeholder.com/435x341.png?text=Attendee+23');
INSERT INTO attendee (attendee_id, attendee_name, age, contact_info, attendee_address, city, country, descr, img) VALUES (56, 'Steven Hudson', 46, 'mooreerik@example.com', '158 Leslie Road', 'Johnsonshire', 'Maldives', 'Festival attendee', 'https://via.placeholder.com/546x414.png?text=Attendee+66');
INSERT INTO attendee (attendee_id, attendee_name, age, contact_info, attendee_address, city, country, descr, img) VALUES (57, 'Paul Garcia', 39, 'williamssteven@example.net', '994 Hamilton Highway', 'Yvetteland', 'Norway', 'Festival attendee', 'https://via.placeholder.com/671x450.png?text=Attendee+1');
INSERT INTO attendee (attendee_id, attendee_name, age, contact_info, attendee_address, city, country, descr, img) VALUES (58, 'Randy Scott', 53, 'sheila25@example.org', '7572 Laura Ranch Suite 641', 'New Rachelville', 'Syrian Arab Republic', 'Festival attendee', 'https://via.placeholder.com/716x390.png?text=Attendee+13');
INSERT INTO attendee (attendee_id, attendee_name, age, contact_info, attendee_address, city, country, descr, img) VALUES (59, 'Linda Martinez', 52, 'millskendra@example.com', '33135 Rebecca Valley', 'North Jennifer', 'United States of America', 'Festival attendee', 'https://via.placeholder.com/495x539.png?text=Attendee+41');
INSERT INTO attendee (attendee_id, attendee_name, age, contact_info, attendee_address, city, country, descr, img) VALUES (60, 'Sonya Petty', 37, 'briangray@example.org', '4593 Flores Orchard', 'Kristiebury', 'Reunion', 'Festival attendee', 'https://via.placeholder.com/664x508.png?text=Attendee+11');
INSERT INTO attendee (attendee_id, attendee_name, age, contact_info, attendee_address, city, country, descr, img) VALUES (61, 'Bryan Shields', 21, 'shunter@example.net', '99954 Martinez Burgs Apt. 809', 'Michaelview', 'Guernsey', 'Festival attendee', 'https://via.placeholder.com/519x317.png?text=Attendee+83');
INSERT INTO attendee (attendee_id, attendee_name, age, contact_info, attendee_address, city, country, descr, img) VALUES (62, 'Kyle Olsen', 36, 'stephanie78@example.com', '8020 Lane Brook', 'Port Paul', 'Korea', 'Festival attendee', 'https://via.placeholder.com/733x432.png?text=Attendee+24');
INSERT INTO attendee (attendee_id, attendee_name, age, contact_info, attendee_address, city, country, descr, img) VALUES (63, 'Karl Johnson', 57, 'smithjohnathan@example.net', '52556 Blair Canyon', 'Crystalton', 'Iraq', 'Festival attendee', 'https://via.placeholder.com/573x309.png?text=Attendee+57');
INSERT INTO attendee (attendee_id, attendee_name, age, contact_info, attendee_address, city, country, descr, img) VALUES (64, 'Heidi Lucero', 66, 'melissa80@example.org', '98980 Herrera Mill', 'Gregoryside', 'Taiwan', 'Festival attendee', 'https://via.placeholder.com/567x422.png?text=Attendee+15');
INSERT INTO attendee (attendee_id, attendee_name, age, contact_info, attendee_address, city, country, descr, img) VALUES (65, 'Stephanie Suarez', 47, 'estrickland@example.net', '718 Corey Alley Apt. 200', 'Marychester', 'Chile', 'Festival attendee', 'https://via.placeholder.com/515x580.png?text=Attendee+44');
INSERT INTO attendee (attendee_id, attendee_name, age, contact_info, attendee_address, city, country, descr, img) VALUES (66, 'Dana Griffin', 36, 'ibullock@example.com', '877 Danielle Oval Apt. 512', 'West Lindsey', 'Faroe Islands', 'Festival attendee', 'https://via.placeholder.com/622x303.png?text=Attendee+79');
INSERT INTO attendee (attendee_id, attendee_name, age, contact_info, attendee_address, city, country, descr, img) VALUES (67, 'Elizabeth Bennett', 53, 'markbass@example.com', '420 Lisa Trafficway', 'Port Blakemouth', 'Gibraltar', 'Festival attendee', 'https://via.placeholder.com/664x339.png?text=Attendee+31');
INSERT INTO attendee (attendee_id, attendee_name, age, contact_info, attendee_address, city, country, descr, img) VALUES (68, 'Karen Lopez', 39, 'angelaturner@example.net', '417 Adrian Rapid Suite 297', 'Robertsfort', 'Guinea-Bissau', 'Festival attendee', 'https://via.placeholder.com/472x477.png?text=Attendee+45');
INSERT INTO attendee (attendee_id, attendee_name, age, contact_info, attendee_address, city, country, descr, img) VALUES (69, 'Gary Tucker', 55, 'rebecca99@example.net', '35703 Victoria Tunnel', 'Piercechester', 'Sri Lanka', 'Festival attendee', 'https://via.placeholder.com/435x304.png?text=Attendee+53');
INSERT INTO attendee (attendee_id, attendee_name, age, contact_info, attendee_address, city, country, descr, img) VALUES (70, 'Johnny Stewart', 52, 'adamsdesiree@example.org', '783 Ingram Run Suite 423', 'Hillside', 'Niger', 'Festival attendee', 'https://via.placeholder.com/626x358.png?text=Attendee+37');
INSERT INTO attendee (attendee_id, attendee_name, age, contact_info, attendee_address, city, country, descr, img) VALUES (71, 'Brad Atkinson', 59, 'ashleycampbell@example.org', '734 Sullivan Harbors Suite 972', 'Stewartburgh', 'Rwanda', 'Festival attendee', 'https://via.placeholder.com/748x376.png?text=Attendee+93');
INSERT INTO attendee (attendee_id, attendee_name, age, contact_info, attendee_address, city, country, descr, img) VALUES (72, 'Jeffrey Johns', 59, 'denise56@example.org', '793 Adams Crest Suite 779', 'Douglasshire', 'El Salvador', 'Festival attendee', 'https://via.placeholder.com/745x520.png?text=Attendee+45');
INSERT INTO attendee (attendee_id, attendee_name, age, contact_info, attendee_address, city, country, descr, img) VALUES (73, 'Robert Gonzales', 67, 'kenneth53@example.net', '6434 Ross Ramp', 'Westfort', 'Dominican Republic', 'Festival attendee', 'https://via.placeholder.com/523x567.png?text=Attendee+45');
INSERT INTO attendee (attendee_id, attendee_name, age, contact_info, attendee_address, city, country, descr, img) VALUES (74, 'Belinda Morton', 44, 'middletonpeggy@example.org', '26658 Joshua Points Suite 035', 'Lake Randyland', 'Honduras', 'Festival attendee', 'https://via.placeholder.com/653x362.png?text=Attendee+15');
INSERT INTO attendee (attendee_id, attendee_name, age, contact_info, attendee_address, city, country, descr, img) VALUES (75, 'Kyle Cox', 23, 'harrischeryl@example.net', '6972 Estrada Corner', 'Phillipstown', 'United States Virgin Islands', 'Festival attendee', 'https://via.placeholder.com/557x439.png?text=Attendee+22');
INSERT INTO attendee (attendee_id, attendee_name, age, contact_info, attendee_address, city, country, descr, img) VALUES (76, 'Kelly Soto', 40, 'rita13@example.net', '58174 Moore Rapids Apt. 480', 'Campbellside', 'Lithuania', 'Festival attendee', 'https://via.placeholder.com/444x437.png?text=Attendee+91');
INSERT INTO attendee (attendee_id, attendee_name, age, contact_info, attendee_address, city, country, descr, img) VALUES (77, 'Lucas Johnson', 30, 'tgallagher@example.com', '213 Campbell Mountains Suite 199', 'Sullivanland', 'Svalbard & Jan Mayen Islands', 'Festival attendee', 'https://via.placeholder.com/684x360.png?text=Attendee+26');
INSERT INTO attendee (attendee_id, attendee_name, age, contact_info, attendee_address, city, country, descr, img) VALUES (78, 'Michael Harper', 68, 'tvasquez@example.org', '95465 Brian Radial Apt. 530', 'West Brittanymouth', 'Kenya', 'Festival attendee', 'https://via.placeholder.com/460x552.png?text=Attendee+36');
INSERT INTO attendee (attendee_id, attendee_name, age, contact_info, attendee_address, city, country, descr, img) VALUES (79, 'Joseph Camacho', 37, 'joel66@example.org', '66497 Flores Junctions', 'Sharonside', 'Romania', 'Festival attendee', 'https://via.placeholder.com/577x553.png?text=Attendee+11');
INSERT INTO attendee (attendee_id, attendee_name, age, contact_info, attendee_address, city, country, descr, img) VALUES (80, 'Danny Bauer', 57, 'melissa70@example.net', '7282 Christina Alley', 'Kimberlyton', 'Equatorial Guinea', 'Festival attendee', 'https://via.placeholder.com/717x324.png?text=Attendee+6');
INSERT INTO attendee (attendee_id, attendee_name, age, contact_info, attendee_address, city, country, descr, img) VALUES (81, 'Jesse Sparks', 56, 'tbrady@example.com', '872 Rebecca Row', 'Garzaborough', 'Madagascar', 'Festival attendee', 'https://via.placeholder.com/469x520.png?text=Attendee+59');
INSERT INTO attendee (attendee_id, attendee_name, age, contact_info, attendee_address, city, country, descr, img) VALUES (82, 'David Ramirez', 60, 'samantha18@example.org', '0282 Tina Roads Suite 774', 'South Joan', 'Holy See (Vatican City State)', 'Festival attendee', 'https://via.placeholder.com/490x540.png?text=Attendee+44');
INSERT INTO attendee (attendee_id, attendee_name, age, contact_info, attendee_address, city, country, descr, img) VALUES (83, 'Emily Cardenas', 40, 'etaylor@example.org', '78719 Alejandro Way', 'Jamesburgh', 'Malta', 'Festival attendee', 'https://via.placeholder.com/472x304.png?text=Attendee+72');
INSERT INTO attendee (attendee_id, attendee_name, age, contact_info, attendee_address, city, country, descr, img) VALUES (84, 'Ian Diaz', 43, 'brandongonzalez@example.net', '94332 Grace Camp Apt. 838', 'East Jeanettemouth', 'Anguilla', 'Festival attendee', 'https://via.placeholder.com/568x465.png?text=Attendee+5');
INSERT INTO attendee (attendee_id, attendee_name, age, contact_info, attendee_address, city, country, descr, img) VALUES (85, 'Kenneth Dickson', 67, 'cynthia15@example.com', '42221 Morrison Glens Suite 482', 'Petersonberg', 'Western Sahara', 'Festival attendee', 'https://via.placeholder.com/514x341.png?text=Attendee+63');
INSERT INTO attendee (attendee_id, attendee_name, age, contact_info, attendee_address, city, country, descr, img) VALUES (86, 'Terry Morgan', 46, 'fergusonemily@example.com', '34981 Jacqueline Plain', 'Josephstad', 'Falkland Islands (Malvinas)', 'Festival attendee', 'https://via.placeholder.com/717x384.png?text=Attendee+19');
INSERT INTO attendee (attendee_id, attendee_name, age, contact_info, attendee_address, city, country, descr, img) VALUES (87, 'Lindsay Cook', 70, 'carla34@example.com', '341 Scott Square', 'Sarahborough', 'Afghanistan', 'Festival attendee', 'https://via.placeholder.com/410x411.png?text=Attendee+51');
INSERT INTO attendee (attendee_id, attendee_name, age, contact_info, attendee_address, city, country, descr, img) VALUES (88, 'Antonio Duffy', 61, 'christopher78@example.net', '475 Erica Lane Apt. 070', 'Justinbury', 'Hungary', 'Festival attendee', 'https://via.placeholder.com/717x473.png?text=Attendee+62');
INSERT INTO attendee (attendee_id, attendee_name, age, contact_info, attendee_address, city, country, descr, img) VALUES (89, 'Patrick Thomas', 55, 'janetbrewer@example.net', '426 Castillo Plains', 'Chadton', 'Somalia', 'Festival attendee', 'https://via.placeholder.com/798x429.png?text=Attendee+11');
INSERT INTO attendee (attendee_id, attendee_name, age, contact_info, attendee_address, city, country, descr, img) VALUES (90, 'Timothy Murphy', 49, 'reedjoyce@example.org', '9827 Benjamin Hill', 'East Rodney', 'Qatar', 'Festival attendee', 'https://via.placeholder.com/698x406.png?text=Attendee+32');
INSERT INTO attendee (attendee_id, attendee_name, age, contact_info, attendee_address, city, country, descr, img) VALUES (91, 'Adrian Wilson', 26, 'karl80@example.com', '271 Medina Fall Apt. 496', 'Cynthiaville', 'Timor-Leste', 'Festival attendee', 'https://via.placeholder.com/705x423.png?text=Attendee+29');
INSERT INTO attendee (attendee_id, attendee_name, age, contact_info, attendee_address, city, country, descr, img) VALUES (92, 'David Harris', 24, 'robertolson@example.com', '6542 Hill Isle', 'Michaelport', 'United States Minor Outlying Islands', 'Festival attendee', 'https://via.placeholder.com/504x476.png?text=Attendee+51');
INSERT INTO attendee (attendee_id, attendee_name, age, contact_info, attendee_address, city, country, descr, img) VALUES (93, 'Cody Velez', 47, 'doughertymichael@example.org', '58588 Brown Glens', 'Welchstad', 'Bosnia and Herzegovina', 'Festival attendee', 'https://via.placeholder.com/437x435.png?text=Attendee+94');
INSERT INTO attendee (attendee_id, attendee_name, age, contact_info, attendee_address, city, country, descr, img) VALUES (94, 'Mark Payne', 30, 'upalmer@example.com', '27395 Chris Ville', 'New Kimberly', 'Malawi', 'Festival attendee', 'https://via.placeholder.com/595x453.png?text=Attendee+27');
INSERT INTO attendee (attendee_id, attendee_name, age, contact_info, attendee_address, city, country, descr, img) VALUES (95, 'Keith Peterson', 37, 'krystal17@example.com', '7394 Morris Mountains Suite 060', 'Troyhaven', 'Solomon Islands', 'Festival attendee', 'https://via.placeholder.com/521x437.png?text=Attendee+97');
INSERT INTO attendee (attendee_id, attendee_name, age, contact_info, attendee_address, city, country, descr, img) VALUES (96, 'William Newman', 65, 'brandon14@example.net', '42203 Johnson Plains Apt. 859', 'Josephton', 'Andorra', 'Festival attendee', 'https://via.placeholder.com/532x427.png?text=Attendee+96');
INSERT INTO attendee (attendee_id, attendee_name, age, contact_info, attendee_address, city, country, descr, img) VALUES (97, 'Katrina Leon', 69, 'kevinryan@example.net', '59666 Morrison Prairie Apt. 892', 'New Stephenborough', 'Congo', 'Festival attendee', 'https://via.placeholder.com/729x523.png?text=Attendee+62');
INSERT INTO attendee (attendee_id, attendee_name, age, contact_info, attendee_address, city, country, descr, img) VALUES (98, 'Haley Jackson', 52, 'cassidybailey@example.net', '01263 White Rest Suite 067', 'Port Sabrina', 'Antigua and Barbuda', 'Festival attendee', 'https://via.placeholder.com/732x430.png?text=Attendee+45');
INSERT INTO attendee (attendee_id, attendee_name, age, contact_info, attendee_address, city, country, descr, img) VALUES (99, 'Haley Olson', 18, 'ilynch@example.org', '39897 Devin Shores Suite 209', 'South Heather', 'Turks and Caicos Islands', 'Festival attendee', 'https://via.placeholder.com/493x532.png?text=Attendee+47');
INSERT INTO attendee (attendee_id, attendee_name, age, contact_info, attendee_address, city, country, descr, img) VALUES (100, 'Jamie Stein', 25, 'baldwinjimmy@example.net', '061 Jose Loop', 'East Sabrinaburgh', 'Liberia', 'Festival attendee', 'https://via.placeholder.com/613x472.png?text=Attendee+14');
INSERT INTO attendee (attendee_id, attendee_name, age, contact_info, attendee_address, city, country, descr, img) VALUES (101, 'Lisa Evans', 30, 'margaret45@example.com', '8581 Walters Island Apt. 421', 'Ryanchester', 'Macao', 'Festival attendee', 'https://via.placeholder.com/774x331.png?text=Attendee+43');
INSERT INTO attendee (attendee_id, attendee_name, age, contact_info, attendee_address, city, country, descr, img) VALUES (102, 'Donna Wade', 62, 'jodimorris@example.net', '957 Kenneth Port', 'South Tammy', 'Jamaica', 'Festival attendee', 'https://via.placeholder.com/458x421.png?text=Attendee+34');
INSERT INTO attendee (attendee_id, attendee_name, age, contact_info, attendee_address, city, country, descr, img) VALUES (103, 'David White', 33, 'murphykaren@example.net', '409 Brown Cape', 'Lake Paulshire', 'Guatemala', 'Festival attendee', 'https://via.placeholder.com/606x403.png?text=Attendee+95');
INSERT INTO attendee (attendee_id, attendee_name, age, contact_info, attendee_address, city, country, descr, img) VALUES (104, 'David Tucker', 63, 'braunsuzanne@example.org', '762 King Way Suite 378', 'Scottstad', 'Falkland Islands (Malvinas)', 'Festival attendee', 'https://via.placeholder.com/611x579.png?text=Attendee+85');
INSERT INTO attendee (attendee_id, attendee_name, age, contact_info, attendee_address, city, country, descr, img) VALUES (105, 'Melissa Adams', 18, 'xdouglas@example.org', '0423 Smith Estate Apt. 326', 'Dennisville', 'Cote d''Ivoire', 'Festival attendee', 'https://via.placeholder.com/783x575.png?text=Attendee+16');
INSERT INTO attendee (attendee_id, attendee_name, age, contact_info, attendee_address, city, country, descr, img) VALUES (106, 'Sharon Weaver', 41, 'qtaylor@example.org', '705 Erika Summit Suite 282', 'Hollandberg', 'Northern Mariana Islands', 'Festival attendee', 'https://via.placeholder.com/780x332.png?text=Attendee+28');
INSERT INTO attendee (attendee_id, attendee_name, age, contact_info, attendee_address, city, country, descr, img) VALUES (107, 'Joshua King', 21, 'christophermorgan@example.net', '75542 Walter Port', 'Lisaville', 'Sao Tome and Principe', 'Festival attendee', 'https://via.placeholder.com/456x589.png?text=Attendee+47');
INSERT INTO attendee (attendee_id, attendee_name, age, contact_info, attendee_address, city, country, descr, img) VALUES (108, 'Kimberly Brown', 59, 'codytorres@example.com', '85772 Christina Spur', 'South Randy', 'Gambia', 'Festival attendee', 'https://via.placeholder.com/762x342.png?text=Attendee+10');
INSERT INTO attendee (attendee_id, attendee_name, age, contact_info, attendee_address, city, country, descr, img) VALUES (109, 'Jasmine Dominguez', 65, 'anthonyjackson@example.org', '178 Anita Wells', 'Tylerfurt', 'Saint Lucia', 'Festival attendee', 'https://via.placeholder.com/735x570.png?text=Attendee+27');
INSERT INTO attendee (attendee_id, attendee_name, age, contact_info, attendee_address, city, country, descr, img) VALUES (110, 'Sandra Buchanan', 39, 'matthewjackson@example.com', '2846 Garcia Street Suite 870', 'New Rick', 'Portugal', 'Festival attendee', 'https://via.placeholder.com/457x379.png?text=Attendee+52');
INSERT INTO attendee (attendee_id, attendee_name, age, contact_info, attendee_address, city, country, descr, img) VALUES (111, 'Amy Paul', 54, 'nelsonryan@example.org', '2761 Anthony Junction Suite 991', 'Phillipsshire', 'British Virgin Islands', 'Festival attendee', 'https://via.placeholder.com/630x375.png?text=Attendee+91');
INSERT INTO attendee (attendee_id, attendee_name, age, contact_info, attendee_address, city, country, descr, img) VALUES (112, 'Elijah Jones', 20, 'mwoods@example.com', '931 Leah Park', 'South Tanyaport', 'United States Virgin Islands', 'Festival attendee', 'https://via.placeholder.com/500x303.png?text=Attendee+39');
INSERT INTO attendee (attendee_id, attendee_name, age, contact_info, attendee_address, city, country, descr, img) VALUES (113, 'Brian Sullivan', 53, 'brandon16@example.org', '14804 Kathy Track Apt. 603', 'Ryanmouth', 'Barbados', 'Festival attendee', 'https://via.placeholder.com/556x563.png?text=Attendee+84');
INSERT INTO attendee (attendee_id, attendee_name, age, contact_info, attendee_address, city, country, descr, img) VALUES (114, 'Jesus Watson', 28, 'fbright@example.com', '79624 Tate Squares Suite 223', 'Port Daniel', 'Macao', 'Festival attendee', 'https://via.placeholder.com/579x556.png?text=Attendee+46');
INSERT INTO attendee (attendee_id, attendee_name, age, contact_info, attendee_address, city, country, descr, img) VALUES (115, 'Jared Bailey', 70, 'hardydana@example.com', '935 Brady Curve', 'West Susanstad', 'Ireland', 'Festival attendee', 'https://via.placeholder.com/577x503.png?text=Attendee+36');
INSERT INTO attendee (attendee_id, attendee_name, age, contact_info, attendee_address, city, country, descr, img) VALUES (116, 'Lori Sanders DVM', 45, 'tranandrew@example.com', '94688 Garrett Junction Apt. 886', 'Kennedybury', 'Bhutan', 'Festival attendee', 'https://via.placeholder.com/611x478.png?text=Attendee+37');
INSERT INTO attendee (attendee_id, attendee_name, age, contact_info, attendee_address, city, country, descr, img) VALUES (117, 'Courtney Bell MD', 51, 'shawngarcia@example.net', '662 Gonzalez Harbors', 'Williamsport', 'Uganda', 'Festival attendee', 'https://via.placeholder.com/428x579.png?text=Attendee+70');
INSERT INTO attendee (attendee_id, attendee_name, age, contact_info, attendee_address, city, country, descr, img) VALUES (118, 'Autumn Mendoza', 33, 'daltonsalas@example.org', '730 Martin Corner', 'Port Jason', 'Swaziland', 'Festival attendee', 'https://via.placeholder.com/664x318.png?text=Attendee+68');
INSERT INTO attendee (attendee_id, attendee_name, age, contact_info, attendee_address, city, country, descr, img) VALUES (119, 'Frank Hale', 64, 'russellrobin@example.org', '868 Ford Mills', 'West Dennisborough', 'Singapore', 'Festival attendee', 'https://via.placeholder.com/645x568.png?text=Attendee+98');
INSERT INTO attendee (attendee_id, attendee_name, age, contact_info, attendee_address, city, country, descr, img) VALUES (120, 'Juan Nguyen', 18, 'landerson@example.net', '46617 Linda Path', 'West Ronaldfort', 'Chile', 'Festival attendee', 'https://via.placeholder.com/513x504.png?text=Attendee+77');
INSERT INTO attendee (attendee_id, attendee_name, age, contact_info, attendee_address, city, country, descr, img) VALUES (121, 'Mary Rodriguez', 31, 'lopezjeffrey@example.org', '46104 Lisa Valleys', 'South Annetteville', 'Morocco', 'Festival attendee', 'https://via.placeholder.com/655x484.png?text=Attendee+68');
INSERT INTO attendee (attendee_id, attendee_name, age, contact_info, attendee_address, city, country, descr, img) VALUES (122, 'Katherine Fowler', 60, 'ericmartin@example.com', '075 Victoria Terrace Suite 210', 'Taylorfurt', 'Tokelau', 'Festival attendee', 'https://via.placeholder.com/604x316.png?text=Attendee+80');
INSERT INTO attendee (attendee_id, attendee_name, age, contact_info, attendee_address, city, country, descr, img) VALUES (123, 'Denise Jenkins', 17, 'elizabeth81@example.org', '514 Brittany Knoll Apt. 809', 'New James', 'Monaco', 'Festival attendee', 'https://via.placeholder.com/583x518.png?text=Attendee+17');
INSERT INTO attendee (attendee_id, attendee_name, age, contact_info, attendee_address, city, country, descr, img) VALUES (124, 'Kenneth Mitchell', 24, 'angelajackson@example.com', '2151 Flores Shoal', 'Port Davidtown', 'China', 'Festival attendee', 'https://via.placeholder.com/777x411.png?text=Attendee+39');
INSERT INTO attendee (attendee_id, attendee_name, age, contact_info, attendee_address, city, country, descr, img) VALUES (125, 'Tina Young', 40, 'uperkins@example.com', '391 Johnathan Mountains', 'South Garyview', 'Sri Lanka', 'Festival attendee', 'https://via.placeholder.com/750x395.png?text=Attendee+18');
INSERT INTO attendee (attendee_id, attendee_name, age, contact_info, attendee_address, city, country, descr, img) VALUES (126, 'Cheryl Lamb', 29, 'melissa13@example.org', '4771 Joseph Pine Suite 366', 'Roseburgh', 'Zimbabwe', 'Festival attendee', 'https://via.placeholder.com/633x368.png?text=Attendee+83');
INSERT INTO attendee (attendee_id, attendee_name, age, contact_info, attendee_address, city, country, descr, img) VALUES (127, 'Cynthia Taylor DDS', 52, 'rmcconnell@example.net', '40356 Miller Mountain Apt. 850', 'Sanchezborough', 'Barbados', 'Festival attendee', 'https://via.placeholder.com/516x579.png?text=Attendee+74');
INSERT INTO attendee (attendee_id, attendee_name, age, contact_info, attendee_address, city, country, descr, img) VALUES (128, 'Aaron Stevens', 33, 'ahamilton@example.org', '24034 Moreno Cliff', 'South Amanda', 'Brunei Darussalam', 'Festival attendee', 'https://via.placeholder.com/464x481.png?text=Attendee+19');
INSERT INTO attendee (attendee_id, attendee_name, age, contact_info, attendee_address, city, country, descr, img) VALUES (129, 'Dan Williams', 26, 'brianbarton@example.org', '31029 Tracy Prairie', 'Port Mike', 'Hong Kong', 'Festival attendee', 'https://via.placeholder.com/703x574.png?text=Attendee+20');
INSERT INTO attendee (attendee_id, attendee_name, age, contact_info, attendee_address, city, country, descr, img) VALUES (130, 'Jessica White', 49, 'kimhale@example.org', '404 Dennis Crescent Apt. 632', 'Obrienland', 'Solomon Islands', 'Festival attendee', 'https://via.placeholder.com/646x494.png?text=Attendee+90');
INSERT INTO attendee (attendee_id, attendee_name, age, contact_info, attendee_address, city, country, descr, img) VALUES (131, 'Richard Miles', 41, 'rodriguezheather@example.net', '5578 Deborah Estates', 'Austinmouth', 'Faroe Islands', 'Festival attendee', 'https://via.placeholder.com/677x391.png?text=Attendee+50');
INSERT INTO attendee (attendee_id, attendee_name, age, contact_info, attendee_address, city, country, descr, img) VALUES (132, 'Paul Watkins DDS', 46, 'zpowell@example.net', '93971 Montgomery Ridge', 'Williamsonland', 'Saudi Arabia', 'Festival attendee', 'https://via.placeholder.com/547x336.png?text=Attendee+56');
INSERT INTO attendee (attendee_id, attendee_name, age, contact_info, attendee_address, city, country, descr, img) VALUES (133, 'Corey Parsons', 48, 'woodsdalton@example.org', '41170 Moreno Roads Suite 301', 'Lake Kenneth', 'Swaziland', 'Festival attendee', 'https://via.placeholder.com/605x478.png?text=Attendee+75');
INSERT INTO attendee (attendee_id, attendee_name, age, contact_info, attendee_address, city, country, descr, img) VALUES (134, 'Teresa Rodriguez', 20, 'blakekayla@example.org', '314 Dale Rue Apt. 494', 'West Billfurt', 'Netherlands Antilles', 'Festival attendee', 'https://via.placeholder.com/485x383.png?text=Attendee+49');
INSERT INTO attendee (attendee_id, attendee_name, age, contact_info, attendee_address, city, country, descr, img) VALUES (135, 'Christine Gay', 30, 'woodwardmichael@example.com', '543 Wood Fort', 'East Paulview', 'Zimbabwe', 'Festival attendee', 'https://via.placeholder.com/543x586.png?text=Attendee+29');
INSERT INTO attendee (attendee_id, attendee_name, age, contact_info, attendee_address, city, country, descr, img) VALUES (136, 'Deborah Donovan', 52, 'williamstara@example.com', '44713 Jimmy Road Apt. 527', 'Brownberg', 'American Samoa', 'Festival attendee', 'https://via.placeholder.com/792x526.png?text=Attendee+24');
INSERT INTO attendee (attendee_id, attendee_name, age, contact_info, attendee_address, city, country, descr, img) VALUES (137, 'Mark Turner', 22, 'zacharydean@example.com', '5161 Pitts Harbors Suite 162', 'Fergusonborough', 'United States of America', 'Festival attendee', 'https://via.placeholder.com/767x574.png?text=Attendee+86');
INSERT INTO attendee (attendee_id, attendee_name, age, contact_info, attendee_address, city, country, descr, img) VALUES (138, 'Scott Adams', 44, 'ortizjessica@example.org', '76793 Simon Walks Suite 993', 'Amyton', 'Jamaica', 'Festival attendee', 'https://via.placeholder.com/565x544.png?text=Attendee+94');
INSERT INTO attendee (attendee_id, attendee_name, age, contact_info, attendee_address, city, country, descr, img) VALUES (139, 'Craig Mejia', 20, 'johnsondouglas@example.org', '156 Frank Fields Suite 818', 'New Johnberg', 'Malta', 'Festival attendee', 'https://via.placeholder.com/448x364.png?text=Attendee+98');
INSERT INTO attendee (attendee_id, attendee_name, age, contact_info, attendee_address, city, country, descr, img) VALUES (140, 'Lauren Knight', 66, 'carlosanderson@example.com', '4357 Sarah Forks', 'Matthewmouth', 'Faroe Islands', 'Festival attendee', 'https://via.placeholder.com/785x306.png?text=Attendee+96');
INSERT INTO attendee (attendee_id, attendee_name, age, contact_info, attendee_address, city, country, descr, img) VALUES (141, 'Kristen Martin', 53, 'catherinegray@example.net', '57365 Salas Shoal', 'Leeberg', 'Tonga', 'Festival attendee', 'https://via.placeholder.com/661x588.png?text=Attendee+33');
INSERT INTO attendee (attendee_id, attendee_name, age, contact_info, attendee_address, city, country, descr, img) VALUES (142, 'Carolyn Olson', 27, 'nicholas48@example.net', '2065 David Fork Apt. 827', 'New Ian', 'Belize', 'Festival attendee', 'https://via.placeholder.com/574x493.png?text=Attendee+57');
INSERT INTO attendee (attendee_id, attendee_name, age, contact_info, attendee_address, city, country, descr, img) VALUES (143, 'Bryan Cox', 31, 'williamsangela@example.com', '605 Smith Way', 'Lake Jennifer', 'Montenegro', 'Festival attendee', 'https://via.placeholder.com/705x318.png?text=Attendee+96');
INSERT INTO attendee (attendee_id, attendee_name, age, contact_info, attendee_address, city, country, descr, img) VALUES (144, 'John Moore', 64, 'campbelldavid@example.net', '470 Paula Glens', 'Timothyborough', 'Sao Tome and Principe', 'Festival attendee', 'https://via.placeholder.com/416x362.png?text=Attendee+73');
INSERT INTO attendee (attendee_id, attendee_name, age, contact_info, attendee_address, city, country, descr, img) VALUES (145, 'Frederick Wolfe', 27, 'molinajennifer@example.org', '27709 Jones Camp', 'South Cynthiatown', 'Bangladesh', 'Festival attendee', 'https://via.placeholder.com/735x541.png?text=Attendee+34');
INSERT INTO attendee (attendee_id, attendee_name, age, contact_info, attendee_address, city, country, descr, img) VALUES (146, 'Emily Hall', 30, 'gsims@example.com', '535 Bishop Corner', 'Ayersfort', 'Korea', 'Festival attendee', 'https://via.placeholder.com/724x328.png?text=Attendee+83');
INSERT INTO attendee (attendee_id, attendee_name, age, contact_info, attendee_address, city, country, descr, img) VALUES (147, 'David Torres', 24, 'emilyhammond@example.com', '764 Davis Rest', 'Port Rebecca', 'Congo', 'Festival attendee', 'https://via.placeholder.com/436x472.png?text=Attendee+85');
INSERT INTO attendee (attendee_id, attendee_name, age, contact_info, attendee_address, city, country, descr, img) VALUES (148, 'Jackson Flores', 60, 'ywilliams@example.com', '280 Cole Flats Apt. 745', 'Coleland', 'Bahamas', 'Festival attendee', 'https://via.placeholder.com/795x307.png?text=Attendee+94');
INSERT INTO attendee (attendee_id, attendee_name, age, contact_info, attendee_address, city, country, descr, img) VALUES (149, 'Brandon Gallagher', 64, 'ian01@example.org', '83017 Melanie Mountains', 'Henryberg', 'Cook Islands', 'Festival attendee', 'https://via.placeholder.com/766x537.png?text=Attendee+61');
INSERT INTO attendee (attendee_id, attendee_name, age, contact_info, attendee_address, city, country, descr, img) VALUES (150, 'Amanda Nguyen', 36, 'robert83@example.org', '7834 Jason Landing', 'South Garymouth', 'Anguilla', 'Festival attendee', 'https://via.placeholder.com/605x372.png?text=Attendee+39');

-- ticket --
INSERT INTO ticket (IAN_number, event_info, owner_info, event_id, attendee_id, ticket_type, purchase_date, purchase_method, cost, activated, resale_available, img, descr) VALUES ('9886136609536', 'Ticket for Event ID 73', 'Attendee ID 24', 73, 24, 'VIP', '2025-05-06', 'credit card', 131.80, FALSE, TRUE, 'https://via.placeholder.com/417x358.png?text=Ticket+15', 'Vip ticket');
INSERT INTO ticket (IAN_number, event_info, owner_info, event_id, attendee_id, ticket_type, purchase_date, purchase_method, cost, activated, resale_available, img, descr) VALUES ('3658516307868', 'Ticket for Event ID 88', 'Attendee ID 58', 88, 58, 'VIP', '2025-05-06', 'bank deposit', 156.55, FALSE, FALSE, 'https://via.placeholder.com/751x387.png?text=Ticket+89', 'Vip ticket');
INSERT INTO ticket (IAN_number, event_info, owner_info, event_id, attendee_id, ticket_type, purchase_date, purchase_method, cost, activated, resale_available, img, descr) VALUES ('4153433389485', 'Ticket for Event ID 95', 'Attendee ID 107', 95, 107, 'backstage', '2025-05-06', 'bank deposit', 214.63, TRUE, FALSE, 'https://via.placeholder.com/712x511.png?text=Ticket+19', 'Backstage ticket');
INSERT INTO ticket (IAN_number, event_info, owner_info, event_id, attendee_id, ticket_type, purchase_date, purchase_method, cost, activated, resale_available, img, descr) VALUES ('8433035950649', 'Ticket for Event ID 2', 'Attendee ID 2', 2, 2, 'VIP', '2025-05-06', 'bank deposit', 152.35, TRUE, FALSE, 'https://via.placeholder.com/461x330.png?text=Ticket+53', 'Vip ticket');
INSERT INTO ticket (IAN_number, event_info, owner_info, event_id, attendee_id, ticket_type, purchase_date, purchase_method, cost, activated, resale_available, img, descr) VALUES ('3543415476268', 'Ticket for Event ID 80', 'Attendee ID 37', 80, 37, 'general admission', '2025-05-06', 'bank deposit', 55.46, FALSE, TRUE, 'https://via.placeholder.com/623x356.png?text=Ticket+82', 'General admission ticket');
INSERT INTO ticket (IAN_number, event_info, owner_info, event_id, attendee_id, ticket_type, purchase_date, purchase_method, cost, activated, resale_available, img, descr) VALUES ('8500302868766', 'Ticket for Event ID 48', 'Attendee ID 111', 48, 111, 'backstage', '2025-05-06', 'debit card', 154.48, TRUE, FALSE, 'https://via.placeholder.com/603x352.png?text=Ticket+25', 'Backstage ticket');
INSERT INTO ticket (IAN_number, event_info, owner_info, event_id, attendee_id, ticket_type, purchase_date, purchase_method, cost, activated, resale_available, img, descr) VALUES ('0253791180252', 'Ticket for Event ID 82', 'Attendee ID 55', 82, 55, 'backstage', '2025-05-06', 'debit card', 58.28, TRUE, FALSE, 'https://via.placeholder.com/713x495.png?text=Ticket+70', 'Backstage ticket');
INSERT INTO ticket (IAN_number, event_info, owner_info, event_id, attendee_id, ticket_type, purchase_date, purchase_method, cost, activated, resale_available, img, descr) VALUES ('1758106201406', 'Ticket for Event ID 22', 'Attendee ID 61', 22, 61, 'general admission', '2025-05-06', 'debit card', 85.22, FALSE, TRUE, 'https://via.placeholder.com/766x319.png?text=Ticket+70', 'General admission ticket');
INSERT INTO ticket (IAN_number, event_info, owner_info, event_id, attendee_id, ticket_type, purchase_date, purchase_method, cost, activated, resale_available, img, descr) VALUES ('2158804379140', 'Ticket for Event ID 65', 'Attendee ID 67', 65, 67, 'general admission', '2025-05-06', 'credit card', 40.10, FALSE, FALSE, 'https://via.placeholder.com/457x388.png?text=Ticket+84', 'General admission ticket');
INSERT INTO ticket (IAN_number, event_info, owner_info, event_id, attendee_id, ticket_type, purchase_date, purchase_method, cost, activated, resale_available, img, descr) VALUES ('9275214484372', 'Ticket for Event ID 94', 'Attendee ID 1', 94, 1, 'backstage', '2025-05-06', 'debit card', 96.24, TRUE, FALSE, 'https://via.placeholder.com/544x462.png?text=Ticket+79', 'Backstage ticket');
INSERT INTO ticket (IAN_number, event_info, owner_info, event_id, attendee_id, ticket_type, purchase_date, purchase_method, cost, activated, resale_available, img, descr) VALUES ('2251006814995', 'Ticket for Event ID 29', 'Attendee ID 120', 29, 120, 'general admission', '2025-05-06', 'debit card', 47.96, TRUE, FALSE, 'https://via.placeholder.com/454x312.png?text=Ticket+95', 'General admission ticket');
INSERT INTO ticket (IAN_number, event_info, owner_info, event_id, attendee_id, ticket_type, purchase_date, purchase_method, cost, activated, resale_available, img, descr) VALUES ('3241081534595', 'Ticket for Event ID 56', 'Attendee ID 32', 56, 32, 'backstage', '2025-05-06', 'debit card', 194.22, FALSE, FALSE, 'https://via.placeholder.com/742x578.png?text=Ticket+99', 'Backstage ticket');
INSERT INTO ticket (IAN_number, event_info, owner_info, event_id, attendee_id, ticket_type, purchase_date, purchase_method, cost, activated, resale_available, img, descr) VALUES ('5188606588588', 'Ticket for Event ID 4', 'Attendee ID 123', 4, 123, 'backstage', '2025-05-06', 'debit card', 97.79, FALSE, FALSE, 'https://via.placeholder.com/796x598.png?text=Ticket+71', 'Backstage ticket');
INSERT INTO ticket (IAN_number, event_info, owner_info, event_id, attendee_id, ticket_type, purchase_date, purchase_method, cost, activated, resale_available, img, descr) VALUES ('9067097213413', 'Ticket for Event ID 79', 'Attendee ID 43', 79, 43, 'general admission', '2025-05-06', 'credit card', 137.78, TRUE, FALSE, 'https://via.placeholder.com/785x400.png?text=Ticket+10', 'General admission ticket');
INSERT INTO ticket (IAN_number, event_info, owner_info, event_id, attendee_id, ticket_type, purchase_date, purchase_method, cost, activated, resale_available, img, descr) VALUES ('3772511660127', 'Ticket for Event ID 65', 'Attendee ID 82', 65, 82, 'general admission', '2025-05-06', 'credit card', 112.38, TRUE, FALSE, 'https://via.placeholder.com/762x381.png?text=Ticket+84', 'General admission ticket');
INSERT INTO ticket (IAN_number, event_info, owner_info, event_id, attendee_id, ticket_type, purchase_date, purchase_method, cost, activated, resale_available, img, descr) VALUES ('3720870978058', 'Ticket for Event ID 50', 'Attendee ID 140', 50, 140, 'VIP', '2025-05-06', 'debit card', 154.08, TRUE, FALSE, 'https://via.placeholder.com/615x425.png?text=Ticket+87', 'Vip ticket');
INSERT INTO ticket (IAN_number, event_info, owner_info, event_id, attendee_id, ticket_type, purchase_date, purchase_method, cost, activated, resale_available, img, descr) VALUES ('7930457267927', 'Ticket for Event ID 37', 'Attendee ID 134', 37, 134, 'backstage', '2025-05-06', 'bank deposit', 234.26, FALSE, FALSE, 'https://via.placeholder.com/579x376.png?text=Ticket+84', 'Backstage ticket');
INSERT INTO ticket (IAN_number, event_info, owner_info, event_id, attendee_id, ticket_type, purchase_date, purchase_method, cost, activated, resale_available, img, descr) VALUES ('1106441970010', 'Ticket for Event ID 32', 'Attendee ID 69', 32, 69, 'general admission', '2025-05-06', 'credit card', 110.89, TRUE, FALSE, 'https://via.placeholder.com/437x440.png?text=Ticket+39', 'General admission ticket');
INSERT INTO ticket (IAN_number, event_info, owner_info, event_id, attendee_id, ticket_type, purchase_date, purchase_method, cost, activated, resale_available, img, descr) VALUES ('1062117595123', 'Ticket for Event ID 27', 'Attendee ID 13', 27, 13, 'VIP', '2025-05-06', 'credit card', 209.14, TRUE, FALSE, 'https://via.placeholder.com/433x484.png?text=Ticket+46', 'Vip ticket');
INSERT INTO ticket (IAN_number, event_info, owner_info, event_id, attendee_id, ticket_type, purchase_date, purchase_method, cost, activated, resale_available, img, descr) VALUES ('7892807950154', 'Ticket for Event ID 12', 'Attendee ID 141', 12, 141, 'VIP', '2025-05-06', 'bank deposit', 217.98, TRUE, FALSE, 'https://via.placeholder.com/511x585.png?text=Ticket+95', 'Vip ticket');
INSERT INTO ticket (IAN_number, event_info, owner_info, event_id, attendee_id, ticket_type, purchase_date, purchase_method, cost, activated, resale_available, img, descr) VALUES ('3684274017783', 'Ticket for Event ID 65', 'Attendee ID 43', 65, 43, 'backstage', '2025-05-06', 'bank deposit', 208.68, FALSE, TRUE, 'https://via.placeholder.com/690x442.png?text=Ticket+28', 'Backstage ticket');
INSERT INTO ticket (IAN_number, event_info, owner_info, event_id, attendee_id, ticket_type, purchase_date, purchase_method, cost, activated, resale_available, img, descr) VALUES ('8545019644136', 'Ticket for Event ID 75', 'Attendee ID 34', 75, 34, 'general admission', '2025-05-06', 'debit card', 60.92, TRUE, FALSE, 'https://via.placeholder.com/689x376.png?text=Ticket+60', 'General admission ticket');
INSERT INTO ticket (IAN_number, event_info, owner_info, event_id, attendee_id, ticket_type, purchase_date, purchase_method, cost, activated, resale_available, img, descr) VALUES ('0239865963624', 'Ticket for Event ID 13', 'Attendee ID 39', 13, 39, 'general admission', '2025-05-06', 'bank deposit', 116.96, TRUE, FALSE, 'https://via.placeholder.com/743x443.png?text=Ticket+7', 'General admission ticket');
INSERT INTO ticket (IAN_number, event_info, owner_info, event_id, attendee_id, ticket_type, purchase_date, purchase_method, cost, activated, resale_available, img, descr) VALUES ('7954726667109', 'Ticket for Event ID 64', 'Attendee ID 107', 64, 107, 'general admission', '2025-05-06', 'debit card', 35.65, FALSE, TRUE, 'https://via.placeholder.com/588x416.png?text=Ticket+90', 'General admission ticket');
INSERT INTO ticket (IAN_number, event_info, owner_info, event_id, attendee_id, ticket_type, purchase_date, purchase_method, cost, activated, resale_available, img, descr) VALUES ('3546047708446', 'Ticket for Event ID 13', 'Attendee ID 125', 13, 125, 'backstage', '2025-05-06', 'bank deposit', 296.32, FALSE, TRUE, 'https://via.placeholder.com/551x588.png?text=Ticket+51', 'Backstage ticket');
INSERT INTO ticket (IAN_number, event_info, owner_info, event_id, attendee_id, ticket_type, purchase_date, purchase_method, cost, activated, resale_available, img, descr) VALUES ('3221428450611', 'Ticket for Event ID 6', 'Attendee ID 135', 6, 135, 'general admission', '2025-05-06', 'bank deposit', 47.25, TRUE, FALSE, 'https://via.placeholder.com/491x575.png?text=Ticket+47', 'General admission ticket');
INSERT INTO ticket (IAN_number, event_info, owner_info, event_id, attendee_id, ticket_type, purchase_date, purchase_method, cost, activated, resale_available, img, descr) VALUES ('1857285756877', 'Ticket for Event ID 94', 'Attendee ID 127', 94, 127, 'backstage', '2025-05-06', 'credit card', 214.59, TRUE, FALSE, 'https://via.placeholder.com/699x575.png?text=Ticket+55', 'Backstage ticket');
INSERT INTO ticket (IAN_number, event_info, owner_info, event_id, attendee_id, ticket_type, purchase_date, purchase_method, cost, activated, resale_available, img, descr) VALUES ('7743106917171', 'Ticket for Event ID 18', 'Attendee ID 55', 18, 55, 'general admission', '2025-05-06', 'bank deposit', 135.34, TRUE, FALSE, 'https://via.placeholder.com/520x537.png?text=Ticket+8', 'General admission ticket');
INSERT INTO ticket (IAN_number, event_info, owner_info, event_id, attendee_id, ticket_type, purchase_date, purchase_method, cost, activated, resale_available, img, descr) VALUES ('6395775583986', 'Ticket for Event ID 97', 'Attendee ID 78', 97, 78, 'VIP', '2025-05-06', 'credit card', 35.82, TRUE, FALSE, 'https://via.placeholder.com/650x448.png?text=Ticket+64', 'Vip ticket');
INSERT INTO ticket (IAN_number, event_info, owner_info, event_id, attendee_id, ticket_type, purchase_date, purchase_method, cost, activated, resale_available, img, descr) VALUES ('1763291200488', 'Ticket for Event ID 76', 'Attendee ID 15', 76, 15, 'VIP', '2025-05-06', 'credit card', 51.01, TRUE, FALSE, 'https://via.placeholder.com/551x451.png?text=Ticket+64', 'Vip ticket');
INSERT INTO ticket (IAN_number, event_info, owner_info, event_id, attendee_id, ticket_type, purchase_date, purchase_method, cost, activated, resale_available, img, descr) VALUES ('6910565973521', 'Ticket for Event ID 79', 'Attendee ID 96', 79, 96, 'VIP', '2025-05-06', 'debit card', 180.83, TRUE, FALSE, 'https://via.placeholder.com/762x420.png?text=Ticket+50', 'Vip ticket');
INSERT INTO ticket (IAN_number, event_info, owner_info, event_id, attendee_id, ticket_type, purchase_date, purchase_method, cost, activated, resale_available, img, descr) VALUES ('5634506428357', 'Ticket for Event ID 3', 'Attendee ID 110', 3, 110, 'VIP', '2025-05-06', 'debit card', 85.11, TRUE, FALSE, 'https://via.placeholder.com/617x465.png?text=Ticket+41', 'Vip ticket');
INSERT INTO ticket (IAN_number, event_info, owner_info, event_id, attendee_id, ticket_type, purchase_date, purchase_method, cost, activated, resale_available, img, descr) VALUES ('1979995948740', 'Ticket for Event ID 2', 'Attendee ID 34', 2, 34, 'general admission', '2025-05-06', 'bank deposit', 144.81, FALSE, FALSE, 'https://via.placeholder.com/661x440.png?text=Ticket+29', 'General admission ticket');
INSERT INTO ticket (IAN_number, event_info, owner_info, event_id, attendee_id, ticket_type, purchase_date, purchase_method, cost, activated, resale_available, img, descr) VALUES ('5886254035800', 'Ticket for Event ID 34', 'Attendee ID 25', 34, 25, 'general admission', '2025-05-06', 'bank deposit', 44.40, FALSE, FALSE, 'https://via.placeholder.com/776x577.png?text=Ticket+13', 'General admission ticket');
INSERT INTO ticket (IAN_number, event_info, owner_info, event_id, attendee_id, ticket_type, purchase_date, purchase_method, cost, activated, resale_available, img, descr) VALUES ('8437097758651', 'Ticket for Event ID 98', 'Attendee ID 69', 98, 69, 'VIP', '2025-05-06', 'debit card', 122.65, FALSE, TRUE, 'https://via.placeholder.com/498x452.png?text=Ticket+86', 'Vip ticket');
INSERT INTO ticket (IAN_number, event_info, owner_info, event_id, attendee_id, ticket_type, purchase_date, purchase_method, cost, activated, resale_available, img, descr) VALUES ('4191867689022', 'Ticket for Event ID 36', 'Attendee ID 43', 36, 43, 'VIP', '2025-05-06', 'debit card', 176.45, TRUE, FALSE, 'https://via.placeholder.com/686x591.png?text=Ticket+39', 'Vip ticket');
INSERT INTO ticket (IAN_number, event_info, owner_info, event_id, attendee_id, ticket_type, purchase_date, purchase_method, cost, activated, resale_available, img, descr) VALUES ('9820159516309', 'Ticket for Event ID 54', 'Attendee ID 105', 54, 105, 'backstage', '2025-05-06', 'credit card', 207.19, TRUE, FALSE, 'https://via.placeholder.com/602x532.png?text=Ticket+52', 'Backstage ticket');
INSERT INTO ticket (IAN_number, event_info, owner_info, event_id, attendee_id, ticket_type, purchase_date, purchase_method, cost, activated, resale_available, img, descr) VALUES ('1691302713465', 'Ticket for Event ID 46', 'Attendee ID 20', 46, 20, 'backstage', '2025-05-06', 'bank deposit', 97.76, FALSE, TRUE, 'https://via.placeholder.com/515x511.png?text=Ticket+47', 'Backstage ticket');
INSERT INTO ticket (IAN_number, event_info, owner_info, event_id, attendee_id, ticket_type, purchase_date, purchase_method, cost, activated, resale_available, img, descr) VALUES ('7031840777993', 'Ticket for Event ID 9', 'Attendee ID 107', 9, 107, 'VIP', '2025-05-06', 'bank deposit', 128.92, TRUE, FALSE, 'https://via.placeholder.com/419x578.png?text=Ticket+15', 'Vip ticket');
INSERT INTO ticket (IAN_number, event_info, owner_info, event_id, attendee_id, ticket_type, purchase_date, purchase_method, cost, activated, resale_available, img, descr) VALUES ('4620207911906', 'Ticket for Event ID 67', 'Attendee ID 24', 67, 24, 'VIP', '2025-05-06', 'debit card', 85.29, TRUE, FALSE, 'https://via.placeholder.com/623x540.png?text=Ticket+54', 'Vip ticket');
INSERT INTO ticket (IAN_number, event_info, owner_info, event_id, attendee_id, ticket_type, purchase_date, purchase_method, cost, activated, resale_available, img, descr) VALUES ('2278480137056', 'Ticket for Event ID 85', 'Attendee ID 138', 85, 138, 'VIP', '2025-05-06', 'bank deposit', 61.96, TRUE, FALSE, 'https://via.placeholder.com/570x345.png?text=Ticket+59', 'Vip ticket');
INSERT INTO ticket (IAN_number, event_info, owner_info, event_id, attendee_id, ticket_type, purchase_date, purchase_method, cost, activated, resale_available, img, descr) VALUES ('4496675041159', 'Ticket for Event ID 60', 'Attendee ID 139', 60, 139, 'general admission', '2025-05-06', 'credit card', 24.16, TRUE, FALSE, 'https://via.placeholder.com/719x451.png?text=Ticket+83', 'General admission ticket');
INSERT INTO ticket (IAN_number, event_info, owner_info, event_id, attendee_id, ticket_type, purchase_date, purchase_method, cost, activated, resale_available, img, descr) VALUES ('2339776145857', 'Ticket for Event ID 31', 'Attendee ID 94', 31, 94, 'VIP', '2025-05-06', 'credit card', 69.14, TRUE, FALSE, 'https://via.placeholder.com/412x392.png?text=Ticket+59', 'Vip ticket');
INSERT INTO ticket (IAN_number, event_info, owner_info, event_id, attendee_id, ticket_type, purchase_date, purchase_method, cost, activated, resale_available, img, descr) VALUES ('1126215540127', 'Ticket for Event ID 41', 'Attendee ID 10', 41, 10, 'VIP', '2025-05-06', 'debit card', 136.14, TRUE, FALSE, 'https://via.placeholder.com/476x337.png?text=Ticket+19', 'Vip ticket');
INSERT INTO ticket (IAN_number, event_info, owner_info, event_id, attendee_id, ticket_type, purchase_date, purchase_method, cost, activated, resale_available, img, descr) VALUES ('5326263252532', 'Ticket for Event ID 11', 'Attendee ID 132', 11, 132, 'backstage', '2025-05-06', 'bank deposit', 192.19, TRUE, FALSE, 'https://via.placeholder.com/559x430.png?text=Ticket+95', 'Backstage ticket');
INSERT INTO ticket (IAN_number, event_info, owner_info, event_id, attendee_id, ticket_type, purchase_date, purchase_method, cost, activated, resale_available, img, descr) VALUES ('6498011973452', 'Ticket for Event ID 27', 'Attendee ID 72', 27, 72, 'general admission', '2025-05-06', 'bank deposit', 145.99, TRUE, FALSE, 'https://via.placeholder.com/580x525.png?text=Ticket+54', 'General admission ticket');
INSERT INTO ticket (IAN_number, event_info, owner_info, event_id, attendee_id, ticket_type, purchase_date, purchase_method, cost, activated, resale_available, img, descr) VALUES ('3333606543887', 'Ticket for Event ID 86', 'Attendee ID 78', 86, 78, 'backstage', '2025-05-06', 'credit card', 71.17, TRUE, FALSE, 'https://via.placeholder.com/657x398.png?text=Ticket+56', 'Backstage ticket');
INSERT INTO ticket (IAN_number, event_info, owner_info, event_id, attendee_id, ticket_type, purchase_date, purchase_method, cost, activated, resale_available, img, descr) VALUES ('4990224215179', 'Ticket for Event ID 3', 'Attendee ID 85', 3, 85, 'VIP', '2025-05-06', 'bank deposit', 100.11, TRUE, FALSE, 'https://via.placeholder.com/508x431.png?text=Ticket+35', 'Vip ticket');
INSERT INTO ticket (IAN_number, event_info, owner_info, event_id, attendee_id, ticket_type, purchase_date, purchase_method, cost, activated, resale_available, img, descr) VALUES ('2275031849530', 'Ticket for Event ID 45', 'Attendee ID 16', 45, 16, 'general admission', '2025-05-06', 'credit card', 78.46, FALSE, TRUE, 'https://via.placeholder.com/757x454.png?text=Ticket+63', 'General admission ticket');
INSERT INTO ticket (IAN_number, event_info, owner_info, event_id, attendee_id, ticket_type, purchase_date, purchase_method, cost, activated, resale_available, img, descr) VALUES ('2158004021590', 'Ticket for Event ID 90', 'Attendee ID 116', 90, 116, 'VIP', '2025-05-06', 'credit card', 168.99, FALSE, FALSE, 'https://via.placeholder.com/767x321.png?text=Ticket+65', 'Vip ticket');
INSERT INTO ticket (IAN_number, event_info, owner_info, event_id, attendee_id, ticket_type, purchase_date, purchase_method, cost, activated, resale_available, img, descr) VALUES ('7218551180756', 'Ticket for Event ID 44', 'Attendee ID 32', 44, 32, 'general admission', '2025-05-06', 'credit card', 74.65, TRUE, FALSE, 'https://via.placeholder.com/632x517.png?text=Ticket+89', 'General admission ticket');
INSERT INTO ticket (IAN_number, event_info, owner_info, event_id, attendee_id, ticket_type, purchase_date, purchase_method, cost, activated, resale_available, img, descr) VALUES ('1343279089974', 'Ticket for Event ID 27', 'Attendee ID 88', 27, 88, 'VIP', '2025-05-06', 'debit card', 60.38, TRUE, FALSE, 'https://via.placeholder.com/476x453.png?text=Ticket+3', 'Vip ticket');
INSERT INTO ticket (IAN_number, event_info, owner_info, event_id, attendee_id, ticket_type, purchase_date, purchase_method, cost, activated, resale_available, img, descr) VALUES ('9664691741909', 'Ticket for Event ID 13', 'Attendee ID 111', 13, 111, 'VIP', '2025-05-06', 'debit card', 131.11, FALSE, FALSE, 'https://via.placeholder.com/486x422.png?text=Ticket+42', 'Vip ticket');
INSERT INTO ticket (IAN_number, event_info, owner_info, event_id, attendee_id, ticket_type, purchase_date, purchase_method, cost, activated, resale_available, img, descr) VALUES ('9367899463426', 'Ticket for Event ID 53', 'Attendee ID 88', 53, 88, 'backstage', '2025-05-06', 'debit card', 60.37, FALSE, FALSE, 'https://via.placeholder.com/763x456.png?text=Ticket+48', 'Backstage ticket');
INSERT INTO ticket (IAN_number, event_info, owner_info, event_id, attendee_id, ticket_type, purchase_date, purchase_method, cost, activated, resale_available, img, descr) VALUES ('2687167418352', 'Ticket for Event ID 84', 'Attendee ID 105', 84, 105, 'VIP', '2025-05-06', 'credit card', 115.07, TRUE, FALSE, 'https://via.placeholder.com/501x441.png?text=Ticket+15', 'Vip ticket');
INSERT INTO ticket (IAN_number, event_info, owner_info, event_id, attendee_id, ticket_type, purchase_date, purchase_method, cost, activated, resale_available, img, descr) VALUES ('5127181577495', 'Ticket for Event ID 24', 'Attendee ID 93', 24, 93, 'VIP', '2025-05-06', 'credit card', 69.78, FALSE, FALSE, 'https://via.placeholder.com/463x554.png?text=Ticket+1', 'Vip ticket');
INSERT INTO ticket (IAN_number, event_info, owner_info, event_id, attendee_id, ticket_type, purchase_date, purchase_method, cost, activated, resale_available, img, descr) VALUES ('7532860404503', 'Ticket for Event ID 75', 'Attendee ID 19', 75, 19, 'general admission', '2025-05-06', 'credit card', 117.29, FALSE, FALSE, 'https://via.placeholder.com/657x371.png?text=Ticket+14', 'General admission ticket');
INSERT INTO ticket (IAN_number, event_info, owner_info, event_id, attendee_id, ticket_type, purchase_date, purchase_method, cost, activated, resale_available, img, descr) VALUES ('1317951143157', 'Ticket for Event ID 11', 'Attendee ID 63', 11, 63, 'VIP', '2025-05-06', 'credit card', 66.61, FALSE, FALSE, 'https://via.placeholder.com/757x514.png?text=Ticket+5', 'Vip ticket');
INSERT INTO ticket (IAN_number, event_info, owner_info, event_id, attendee_id, ticket_type, purchase_date, purchase_method, cost, activated, resale_available, img, descr) VALUES ('1750131392207', 'Ticket for Event ID 64', 'Attendee ID 125', 64, 125, 'VIP', '2025-05-06', 'credit card', 201.35, FALSE, TRUE, 'https://via.placeholder.com/463x490.png?text=Ticket+74', 'Vip ticket');
INSERT INTO ticket (IAN_number, event_info, owner_info, event_id, attendee_id, ticket_type, purchase_date, purchase_method, cost, activated, resale_available, img, descr) VALUES ('9233906447348', 'Ticket for Event ID 17', 'Attendee ID 5', 17, 5, 'general admission', '2025-05-06', 'bank deposit', 114.52, FALSE, TRUE, 'https://via.placeholder.com/463x549.png?text=Ticket+5', 'General admission ticket');
INSERT INTO ticket (IAN_number, event_info, owner_info, event_id, attendee_id, ticket_type, purchase_date, purchase_method, cost, activated, resale_available, img, descr) VALUES ('7641000302838', 'Ticket for Event ID 65', 'Attendee ID 99', 65, 99, 'VIP', '2025-05-06', 'debit card', 55.55, TRUE, FALSE, 'https://via.placeholder.com/638x488.png?text=Ticket+94', 'Vip ticket');
INSERT INTO ticket (IAN_number, event_info, owner_info, event_id, attendee_id, ticket_type, purchase_date, purchase_method, cost, activated, resale_available, img, descr) VALUES ('2242247320830', 'Ticket for Event ID 30', 'Attendee ID 139', 30, 139, 'general admission', '2025-05-06', 'credit card', 27.32, TRUE, FALSE, 'https://via.placeholder.com/486x596.png?text=Ticket+56', 'General admission ticket');
INSERT INTO ticket (IAN_number, event_info, owner_info, event_id, attendee_id, ticket_type, purchase_date, purchase_method, cost, activated, resale_available, img, descr) VALUES ('4253121331379', 'Ticket for Event ID 38', 'Attendee ID 34', 38, 34, 'VIP', '2025-05-06', 'credit card', 90.24, TRUE, FALSE, 'https://via.placeholder.com/785x510.png?text=Ticket+8', 'Vip ticket');
INSERT INTO ticket (IAN_number, event_info, owner_info, event_id, attendee_id, ticket_type, purchase_date, purchase_method, cost, activated, resale_available, img, descr) VALUES ('6032407723323', 'Ticket for Event ID 94', 'Attendee ID 67', 94, 67, 'general admission', '2025-05-06', 'debit card', 23.94, FALSE, FALSE, 'https://via.placeholder.com/712x557.png?text=Ticket+37', 'General admission ticket');
INSERT INTO ticket (IAN_number, event_info, owner_info, event_id, attendee_id, ticket_type, purchase_date, purchase_method, cost, activated, resale_available, img, descr) VALUES ('2613998773488', 'Ticket for Event ID 54', 'Attendee ID 110', 54, 110, 'general admission', '2025-05-06', 'debit card', 39.44, FALSE, FALSE, 'https://via.placeholder.com/458x417.png?text=Ticket+38', 'General admission ticket');
INSERT INTO ticket (IAN_number, event_info, owner_info, event_id, attendee_id, ticket_type, purchase_date, purchase_method, cost, activated, resale_available, img, descr) VALUES ('8381673534167', 'Ticket for Event ID 91', 'Attendee ID 138', 91, 138, 'general admission', '2025-05-06', 'bank deposit', 22.75, TRUE, FALSE, 'https://via.placeholder.com/465x363.png?text=Ticket+83', 'General admission ticket');
INSERT INTO ticket (IAN_number, event_info, owner_info, event_id, attendee_id, ticket_type, purchase_date, purchase_method, cost, activated, resale_available, img, descr) VALUES ('3090062575834', 'Ticket for Event ID 76', 'Attendee ID 21', 76, 21, 'VIP', '2025-05-06', 'bank deposit', 218.90, FALSE, TRUE, 'https://via.placeholder.com/522x328.png?text=Ticket+44', 'Vip ticket');
INSERT INTO ticket (IAN_number, event_info, owner_info, event_id, attendee_id, ticket_type, purchase_date, purchase_method, cost, activated, resale_available, img, descr) VALUES ('4474894073582', 'Ticket for Event ID 25', 'Attendee ID 63', 25, 63, 'VIP', '2025-05-06', 'debit card', 60.22, TRUE, FALSE, 'https://via.placeholder.com/717x446.png?text=Ticket+9', 'Vip ticket');
INSERT INTO ticket (IAN_number, event_info, owner_info, event_id, attendee_id, ticket_type, purchase_date, purchase_method, cost, activated, resale_available, img, descr) VALUES ('6929764230440', 'Ticket for Event ID 51', 'Attendee ID 5', 51, 5, 'VIP', '2025-05-06', 'credit card', 40.55, TRUE, FALSE, 'https://via.placeholder.com/674x423.png?text=Ticket+63', 'Vip ticket');
INSERT INTO ticket (IAN_number, event_info, owner_info, event_id, attendee_id, ticket_type, purchase_date, purchase_method, cost, activated, resale_available, img, descr) VALUES ('2647770318380', 'Ticket for Event ID 56', 'Attendee ID 121', 56, 121, 'backstage', '2025-05-06', 'credit card', 177.68, FALSE, TRUE, 'https://via.placeholder.com/461x510.png?text=Ticket+92', 'Backstage ticket');
INSERT INTO ticket (IAN_number, event_info, owner_info, event_id, attendee_id, ticket_type, purchase_date, purchase_method, cost, activated, resale_available, img, descr) VALUES ('7632268460608', 'Ticket for Event ID 35', 'Attendee ID 99', 35, 99, 'backstage', '2025-05-06', 'credit card', 80.76, FALSE, FALSE, 'https://via.placeholder.com/588x453.png?text=Ticket+50', 'Backstage ticket');
INSERT INTO ticket (IAN_number, event_info, owner_info, event_id, attendee_id, ticket_type, purchase_date, purchase_method, cost, activated, resale_available, img, descr) VALUES ('8405787236515', 'Ticket for Event ID 62', 'Attendee ID 39', 62, 39, 'VIP', '2025-05-06', 'debit card', 46.36, FALSE, FALSE, 'https://via.placeholder.com/717x516.png?text=Ticket+10', 'Vip ticket');
INSERT INTO ticket (IAN_number, event_info, owner_info, event_id, attendee_id, ticket_type, purchase_date, purchase_method, cost, activated, resale_available, img, descr) VALUES ('1604484403204', 'Ticket for Event ID 38', 'Attendee ID 56', 38, 56, 'backstage', '2025-05-06', 'debit card', 297.29, FALSE, TRUE, 'https://via.placeholder.com/519x511.png?text=Ticket+45', 'Backstage ticket');
INSERT INTO ticket (IAN_number, event_info, owner_info, event_id, attendee_id, ticket_type, purchase_date, purchase_method, cost, activated, resale_available, img, descr) VALUES ('7086923427450', 'Ticket for Event ID 48', 'Attendee ID 98', 48, 98, 'backstage', '2025-05-06', 'bank deposit', 183.31, TRUE, FALSE, 'https://via.placeholder.com/411x518.png?text=Ticket+83', 'Backstage ticket');
INSERT INTO ticket (IAN_number, event_info, owner_info, event_id, attendee_id, ticket_type, purchase_date, purchase_method, cost, activated, resale_available, img, descr) VALUES ('8828706267322', 'Ticket for Event ID 57', 'Attendee ID 131', 57, 131, 'backstage', '2025-05-06', 'bank deposit', 79.59, TRUE, FALSE, 'https://via.placeholder.com/467x409.png?text=Ticket+32', 'Backstage ticket');
INSERT INTO ticket (IAN_number, event_info, owner_info, event_id, attendee_id, ticket_type, purchase_date, purchase_method, cost, activated, resale_available, img, descr) VALUES ('1279775998403', 'Ticket for Event ID 15', 'Attendee ID 116', 15, 116, 'VIP', '2025-05-06', 'credit card', 206.62, TRUE, FALSE, 'https://via.placeholder.com/564x302.png?text=Ticket+28', 'Vip ticket');
INSERT INTO ticket (IAN_number, event_info, owner_info, event_id, attendee_id, ticket_type, purchase_date, purchase_method, cost, activated, resale_available, img, descr) VALUES ('3298463666511', 'Ticket for Event ID 58', 'Attendee ID 103', 58, 103, 'general admission', '2025-05-06', 'bank deposit', 43.79, TRUE, FALSE, 'https://via.placeholder.com/647x539.png?text=Ticket+47', 'General admission ticket');
INSERT INTO ticket (IAN_number, event_info, owner_info, event_id, attendee_id, ticket_type, purchase_date, purchase_method, cost, activated, resale_available, img, descr) VALUES ('2791219933425', 'Ticket for Event ID 3', 'Attendee ID 87', 3, 87, 'VIP', '2025-05-06', 'bank deposit', 82.87, TRUE, FALSE, 'https://via.placeholder.com/428x521.png?text=Ticket+19', 'Vip ticket');
INSERT INTO ticket (IAN_number, event_info, owner_info, event_id, attendee_id, ticket_type, purchase_date, purchase_method, cost, activated, resale_available, img, descr) VALUES ('7886714570299', 'Ticket for Event ID 38', 'Attendee ID 58', 38, 58, 'backstage', '2025-05-06', 'bank deposit', 60.00, TRUE, FALSE, 'https://via.placeholder.com/430x485.png?text=Ticket+85', 'Backstage ticket');
INSERT INTO ticket (IAN_number, event_info, owner_info, event_id, attendee_id, ticket_type, purchase_date, purchase_method, cost, activated, resale_available, img, descr) VALUES ('7114084162397', 'Ticket for Event ID 63', 'Attendee ID 45', 63, 45, 'backstage', '2025-05-06', 'credit card', 127.46, TRUE, FALSE, 'https://via.placeholder.com/423x403.png?text=Ticket+84', 'Backstage ticket');
INSERT INTO ticket (IAN_number, event_info, owner_info, event_id, attendee_id, ticket_type, purchase_date, purchase_method, cost, activated, resale_available, img, descr) VALUES ('9249079464241', 'Ticket for Event ID 68', 'Attendee ID 58', 68, 58, 'general admission', '2025-05-06', 'bank deposit', 93.19, TRUE, FALSE, 'https://via.placeholder.com/584x526.png?text=Ticket+39', 'General admission ticket');
INSERT INTO ticket (IAN_number, event_info, owner_info, event_id, attendee_id, ticket_type, purchase_date, purchase_method, cost, activated, resale_available, img, descr) VALUES ('9081057892604', 'Ticket for Event ID 63', 'Attendee ID 8', 63, 8, 'backstage', '2025-05-06', 'bank deposit', 72.17, FALSE, TRUE, 'https://via.placeholder.com/523x334.png?text=Ticket+31', 'Backstage ticket');
INSERT INTO ticket (IAN_number, event_info, owner_info, event_id, attendee_id, ticket_type, purchase_date, purchase_method, cost, activated, resale_available, img, descr) VALUES ('4621790215899', 'Ticket for Event ID 49', 'Attendee ID 44', 49, 44, 'VIP', '2025-05-06', 'debit card', 211.18, TRUE, FALSE, 'https://via.placeholder.com/597x460.png?text=Ticket+19', 'Vip ticket');
INSERT INTO ticket (IAN_number, event_info, owner_info, event_id, attendee_id, ticket_type, purchase_date, purchase_method, cost, activated, resale_available, img, descr) VALUES ('2827823149486', 'Ticket for Event ID 14', 'Attendee ID 43', 14, 43, 'VIP', '2025-05-06', 'bank deposit', 98.16, TRUE, FALSE, 'https://via.placeholder.com/686x492.png?text=Ticket+39', 'Vip ticket');
INSERT INTO ticket (IAN_number, event_info, owner_info, event_id, attendee_id, ticket_type, purchase_date, purchase_method, cost, activated, resale_available, img, descr) VALUES ('6482412020887', 'Ticket for Event ID 44', 'Attendee ID 107', 44, 107, 'backstage', '2025-05-06', 'debit card', 135.94, FALSE, TRUE, 'https://via.placeholder.com/696x561.png?text=Ticket+61', 'Backstage ticket');
INSERT INTO ticket (IAN_number, event_info, owner_info, event_id, attendee_id, ticket_type, purchase_date, purchase_method, cost, activated, resale_available, img, descr) VALUES ('8286449460817', 'Ticket for Event ID 99', 'Attendee ID 20', 99, 20, 'VIP', '2025-05-06', 'debit card', 45.63, FALSE, TRUE, 'https://via.placeholder.com/428x494.png?text=Ticket+82', 'Vip ticket');
INSERT INTO ticket (IAN_number, event_info, owner_info, event_id, attendee_id, ticket_type, purchase_date, purchase_method, cost, activated, resale_available, img, descr) VALUES ('3080787768064', 'Ticket for Event ID 46', 'Attendee ID 98', 46, 98, 'general admission', '2025-05-06', 'debit card', 88.52, TRUE, FALSE, 'https://via.placeholder.com/447x302.png?text=Ticket+11', 'General admission ticket');
INSERT INTO ticket (IAN_number, event_info, owner_info, event_id, attendee_id, ticket_type, purchase_date, purchase_method, cost, activated, resale_available, img, descr) VALUES ('6742778708537', 'Ticket for Event ID 57', 'Attendee ID 15', 57, 15, 'backstage', '2025-05-06', 'credit card', 130.58, TRUE, FALSE, 'https://via.placeholder.com/653x399.png?text=Ticket+7', 'Backstage ticket');
INSERT INTO ticket (IAN_number, event_info, owner_info, event_id, attendee_id, ticket_type, purchase_date, purchase_method, cost, activated, resale_available, img, descr) VALUES ('8175208363907', 'Ticket for Event ID 85', 'Attendee ID 30', 85, 30, 'general admission', '2025-05-06', 'credit card', 39.19, FALSE, FALSE, 'https://via.placeholder.com/588x462.png?text=Ticket+48', 'General admission ticket');
INSERT INTO ticket (IAN_number, event_info, owner_info, event_id, attendee_id, ticket_type, purchase_date, purchase_method, cost, activated, resale_available, img, descr) VALUES ('6295213870187', 'Ticket for Event ID 30', 'Attendee ID 136', 30, 136, 'general admission', '2025-05-06', 'credit card', 36.68, FALSE, TRUE, 'https://via.placeholder.com/774x440.png?text=Ticket+8', 'General admission ticket');
INSERT INTO ticket (IAN_number, event_info, owner_info, event_id, attendee_id, ticket_type, purchase_date, purchase_method, cost, activated, resale_available, img, descr) VALUES ('1146524578700', 'Ticket for Event ID 88', 'Attendee ID 97', 88, 97, 'general admission', '2025-05-06', 'credit card', 30.71, TRUE, FALSE, 'https://via.placeholder.com/439x445.png?text=Ticket+88', 'General admission ticket');
INSERT INTO ticket (IAN_number, event_info, owner_info, event_id, attendee_id, ticket_type, purchase_date, purchase_method, cost, activated, resale_available, img, descr) VALUES ('4344871358724', 'Ticket for Event ID 86', 'Attendee ID 72', 86, 72, 'general admission', '2025-05-06', 'bank deposit', 104.08, FALSE, FALSE, 'https://via.placeholder.com/427x461.png?text=Ticket+77', 'General admission ticket');
INSERT INTO ticket (IAN_number, event_info, owner_info, event_id, attendee_id, ticket_type, purchase_date, purchase_method, cost, activated, resale_available, img, descr) VALUES ('7896327643794', 'Ticket for Event ID 53', 'Attendee ID 22', 53, 22, 'backstage', '2025-05-06', 'credit card', 211.94, TRUE, FALSE, 'https://via.placeholder.com/632x362.png?text=Ticket+48', 'Backstage ticket');
INSERT INTO ticket (IAN_number, event_info, owner_info, event_id, attendee_id, ticket_type, purchase_date, purchase_method, cost, activated, resale_available, img, descr) VALUES ('1648225415250', 'Ticket for Event ID 84', 'Attendee ID 86', 84, 86, 'VIP', '2025-05-06', 'credit card', 197.12, FALSE, FALSE, 'https://via.placeholder.com/705x326.png?text=Ticket+52', 'Vip ticket');
INSERT INTO ticket (IAN_number, event_info, owner_info, event_id, attendee_id, ticket_type, purchase_date, purchase_method, cost, activated, resale_available, img, descr) VALUES ('5475806396729', 'Ticket for Event ID 36', 'Attendee ID 89', 36, 89, 'general admission', '2025-05-06', 'debit card', 146.88, FALSE, FALSE, 'https://via.placeholder.com/432x389.png?text=Ticket+33', 'General admission ticket');
INSERT INTO ticket (IAN_number, event_info, owner_info, event_id, attendee_id, ticket_type, purchase_date, purchase_method, cost, activated, resale_available, img, descr) VALUES ('5175449163503', 'Ticket for Event ID 84', 'Attendee ID 142', 84, 142, 'VIP', '2025-05-06', 'credit card', 155.20, FALSE, FALSE, 'https://via.placeholder.com/583x425.png?text=Ticket+93', 'Vip ticket');
INSERT INTO ticket (IAN_number, event_info, owner_info, event_id, attendee_id, ticket_type, purchase_date, purchase_method, cost, activated, resale_available, img, descr) VALUES ('8320305822252', 'Ticket for Event ID 15', 'Attendee ID 106', 15, 106, 'general admission', '2025-05-06', 'debit card', 87.91, TRUE, FALSE, 'https://via.placeholder.com/516x462.png?text=Ticket+57', 'General admission ticket');
INSERT INTO ticket (IAN_number, event_info, owner_info, event_id, attendee_id, ticket_type, purchase_date, purchase_method, cost, activated, resale_available, img, descr) VALUES ('6608931436176', 'Ticket for Event ID 9', 'Attendee ID 72', 9, 72, 'backstage', '2025-05-06', 'credit card', 186.19, FALSE, TRUE, 'https://via.placeholder.com/495x476.png?text=Ticket+86', 'Backstage ticket');
INSERT INTO ticket (IAN_number, event_info, owner_info, event_id, attendee_id, ticket_type, purchase_date, purchase_method, cost, activated, resale_available, img, descr) VALUES ('3485506251377', 'Ticket for Event ID 16', 'Attendee ID 24', 16, 24, 'backstage', '2025-05-06', 'debit card', 254.35, TRUE, FALSE, 'https://via.placeholder.com/422x468.png?text=Ticket+24', 'Backstage ticket');
INSERT INTO ticket (IAN_number, event_info, owner_info, event_id, attendee_id, ticket_type, purchase_date, purchase_method, cost, activated, resale_available, img, descr) VALUES ('3673353691496', 'Ticket for Event ID 52', 'Attendee ID 42', 52, 42, 'general admission', '2025-05-06', 'bank deposit', 85.89, TRUE, FALSE, 'https://via.placeholder.com/645x320.png?text=Ticket+21', 'General admission ticket');
INSERT INTO ticket (IAN_number, event_info, owner_info, event_id, attendee_id, ticket_type, purchase_date, purchase_method, cost, activated, resale_available, img, descr) VALUES ('1482772884266', 'Ticket for Event ID 36', 'Attendee ID 67', 36, 67, 'VIP', '2025-05-06', 'credit card', 150.68, TRUE, FALSE, 'https://via.placeholder.com/606x459.png?text=Ticket+15', 'Vip ticket');
INSERT INTO ticket (IAN_number, event_info, owner_info, event_id, attendee_id, ticket_type, purchase_date, purchase_method, cost, activated, resale_available, img, descr) VALUES ('0195156098602', 'Ticket for Event ID 98', 'Attendee ID 57', 98, 57, 'general admission', '2025-05-06', 'bank deposit', 56.66, TRUE, FALSE, 'https://via.placeholder.com/527x327.png?text=Ticket+9', 'General admission ticket');
INSERT INTO ticket (IAN_number, event_info, owner_info, event_id, attendee_id, ticket_type, purchase_date, purchase_method, cost, activated, resale_available, img, descr) VALUES ('4125333706726', 'Ticket for Event ID 20', 'Attendee ID 92', 20, 92, 'VIP', '2025-05-06', 'credit card', 219.67, FALSE, FALSE, 'https://via.placeholder.com/555x303.png?text=Ticket+13', 'Vip ticket');
INSERT INTO ticket (IAN_number, event_info, owner_info, event_id, attendee_id, ticket_type, purchase_date, purchase_method, cost, activated, resale_available, img, descr) VALUES ('6831289925066', 'Ticket for Event ID 31', 'Attendee ID 45', 31, 45, 'backstage', '2025-05-06', 'bank deposit', 170.40, TRUE, FALSE, 'https://via.placeholder.com/752x434.png?text=Ticket+40', 'Backstage ticket');
INSERT INTO ticket (IAN_number, event_info, owner_info, event_id, attendee_id, ticket_type, purchase_date, purchase_method, cost, activated, resale_available, img, descr) VALUES ('7301875455595', 'Ticket for Event ID 12', 'Attendee ID 115', 12, 115, 'VIP', '2025-05-06', 'credit card', 34.98, FALSE, FALSE, 'https://via.placeholder.com/443x326.png?text=Ticket+52', 'Vip ticket');
INSERT INTO ticket (IAN_number, event_info, owner_info, event_id, attendee_id, ticket_type, purchase_date, purchase_method, cost, activated, resale_available, img, descr) VALUES ('0388860061758', 'Ticket for Event ID 48', 'Attendee ID 52', 48, 52, 'backstage', '2025-05-06', 'bank deposit', 287.22, FALSE, FALSE, 'https://via.placeholder.com/431x547.png?text=Ticket+25', 'Backstage ticket');
INSERT INTO ticket (IAN_number, event_info, owner_info, event_id, attendee_id, ticket_type, purchase_date, purchase_method, cost, activated, resale_available, img, descr) VALUES ('2816705505625', 'Ticket for Event ID 42', 'Attendee ID 126', 42, 126, 'general admission', '2025-05-06', 'bank deposit', 115.18, FALSE, TRUE, 'https://via.placeholder.com/602x356.png?text=Ticket+38', 'General admission ticket');
INSERT INTO ticket (IAN_number, event_info, owner_info, event_id, attendee_id, ticket_type, purchase_date, purchase_method, cost, activated, resale_available, img, descr) VALUES ('8042381593740', 'Ticket for Event ID 72', 'Attendee ID 95', 72, 95, 'general admission', '2025-05-06', 'debit card', 91.33, TRUE, FALSE, 'https://via.placeholder.com/782x469.png?text=Ticket+19', 'General admission ticket');
INSERT INTO ticket (IAN_number, event_info, owner_info, event_id, attendee_id, ticket_type, purchase_date, purchase_method, cost, activated, resale_available, img, descr) VALUES ('3361494532788', 'Ticket for Event ID 89', 'Attendee ID 42', 89, 42, 'VIP', '2025-05-06', 'debit card', 206.44, TRUE, FALSE, 'https://via.placeholder.com/474x579.png?text=Ticket+71', 'Vip ticket');
INSERT INTO ticket (IAN_number, event_info, owner_info, event_id, attendee_id, ticket_type, purchase_date, purchase_method, cost, activated, resale_available, img, descr) VALUES ('7707112557739', 'Ticket for Event ID 48', 'Attendee ID 28', 48, 28, 'backstage', '2025-05-06', 'bank deposit', 286.02, TRUE, FALSE, 'https://via.placeholder.com/437x424.png?text=Ticket+100', 'Backstage ticket');
INSERT INTO ticket (IAN_number, event_info, owner_info, event_id, attendee_id, ticket_type, purchase_date, purchase_method, cost, activated, resale_available, img, descr) VALUES ('2963630943222', 'Ticket for Event ID 15', 'Attendee ID 75', 15, 75, 'backstage', '2025-05-06', 'debit card', 189.95, FALSE, FALSE, 'https://via.placeholder.com/556x483.png?text=Ticket+79', 'Backstage ticket');
INSERT INTO ticket (IAN_number, event_info, owner_info, event_id, attendee_id, ticket_type, purchase_date, purchase_method, cost, activated, resale_available, img, descr) VALUES ('6076257973988', 'Ticket for Event ID 92', 'Attendee ID 93', 92, 93, 'backstage', '2025-05-06', 'bank deposit', 94.18, TRUE, FALSE, 'https://via.placeholder.com/588x359.png?text=Ticket+87', 'Backstage ticket');
INSERT INTO ticket (IAN_number, event_info, owner_info, event_id, attendee_id, ticket_type, purchase_date, purchase_method, cost, activated, resale_available, img, descr) VALUES ('0348810974507', 'Ticket for Event ID 76', 'Attendee ID 132', 76, 132, 'general admission', '2025-05-06', 'debit card', 94.91, TRUE, FALSE, 'https://via.placeholder.com/630x420.png?text=Ticket+25', 'General admission ticket');
INSERT INTO ticket (IAN_number, event_info, owner_info, event_id, attendee_id, ticket_type, purchase_date, purchase_method, cost, activated, resale_available, img, descr) VALUES ('4548840681879', 'Ticket for Event ID 6', 'Attendee ID 6', 6, 6, 'VIP', '2025-05-06', 'bank deposit', 48.39, TRUE, FALSE, 'https://via.placeholder.com/754x363.png?text=Ticket+98', 'Vip ticket');
INSERT INTO ticket (IAN_number, event_info, owner_info, event_id, attendee_id, ticket_type, purchase_date, purchase_method, cost, activated, resale_available, img, descr) VALUES ('1550057924001', 'Ticket for Event ID 10', 'Attendee ID 50', 10, 50, 'general admission', '2025-05-06', 'bank deposit', 48.38, TRUE, FALSE, 'https://via.placeholder.com/739x473.png?text=Ticket+19', 'General admission ticket');
INSERT INTO ticket (IAN_number, event_info, owner_info, event_id, attendee_id, ticket_type, purchase_date, purchase_method, cost, activated, resale_available, img, descr) VALUES ('0859363304299', 'Ticket for Event ID 77', 'Attendee ID 128', 77, 128, 'backstage', '2025-05-06', 'credit card', 194.56, FALSE, TRUE, 'https://via.placeholder.com/795x588.png?text=Ticket+23', 'Backstage ticket');
INSERT INTO ticket (IAN_number, event_info, owner_info, event_id, attendee_id, ticket_type, purchase_date, purchase_method, cost, activated, resale_available, img, descr) VALUES ('2155919037380', 'Ticket for Event ID 60', 'Attendee ID 79', 60, 79, 'general admission', '2025-05-06', 'credit card', 118.54, TRUE, FALSE, 'https://via.placeholder.com/689x448.png?text=Ticket+17', 'General admission ticket');
INSERT INTO ticket (IAN_number, event_info, owner_info, event_id, attendee_id, ticket_type, purchase_date, purchase_method, cost, activated, resale_available, img, descr) VALUES ('5900778145471', 'Ticket for Event ID 96', 'Attendee ID 36', 96, 36, 'general admission', '2025-05-06', 'debit card', 52.05, TRUE, FALSE, 'https://via.placeholder.com/485x574.png?text=Ticket+22', 'General admission ticket');
INSERT INTO ticket (IAN_number, event_info, owner_info, event_id, attendee_id, ticket_type, purchase_date, purchase_method, cost, activated, resale_available, img, descr) VALUES ('1164746932709', 'Ticket for Event ID 40', 'Attendee ID 97', 40, 97, 'general admission', '2025-05-06', 'credit card', 80.84, TRUE, FALSE, 'https://via.placeholder.com/637x307.png?text=Ticket+22', 'General admission ticket');
INSERT INTO ticket (IAN_number, event_info, owner_info, event_id, attendee_id, ticket_type, purchase_date, purchase_method, cost, activated, resale_available, img, descr) VALUES ('5419093317365', 'Ticket for Event ID 41', 'Attendee ID 64', 41, 64, 'general admission', '2025-05-06', 'credit card', 68.03, TRUE, FALSE, 'https://via.placeholder.com/502x309.png?text=Ticket+88', 'General admission ticket');
INSERT INTO ticket (IAN_number, event_info, owner_info, event_id, attendee_id, ticket_type, purchase_date, purchase_method, cost, activated, resale_available, img, descr) VALUES ('7001147184911', 'Ticket for Event ID 47', 'Attendee ID 119', 47, 119, 'VIP', '2025-05-06', 'debit card', 178.37, TRUE, FALSE, 'https://via.placeholder.com/682x530.png?text=Ticket+32', 'Vip ticket');
INSERT INTO ticket (IAN_number, event_info, owner_info, event_id, attendee_id, ticket_type, purchase_date, purchase_method, cost, activated, resale_available, img, descr) VALUES ('5989695374323', 'Ticket for Event ID 15', 'Attendee ID 67', 15, 67, 'backstage', '2025-05-06', 'credit card', 128.34, TRUE, FALSE, 'https://via.placeholder.com/462x438.png?text=Ticket+77', 'Backstage ticket');
INSERT INTO ticket (IAN_number, event_info, owner_info, event_id, attendee_id, ticket_type, purchase_date, purchase_method, cost, activated, resale_available, img, descr) VALUES ('0109387237897', 'Ticket for Event ID 62', 'Attendee ID 20', 62, 20, 'VIP', '2025-05-06', 'debit card', 204.90, TRUE, FALSE, 'https://via.placeholder.com/527x522.png?text=Ticket+57', 'Vip ticket');
INSERT INTO ticket (IAN_number, event_info, owner_info, event_id, attendee_id, ticket_type, purchase_date, purchase_method, cost, activated, resale_available, img, descr) VALUES ('6463760735289', 'Ticket for Event ID 45', 'Attendee ID 133', 45, 133, 'backstage', '2025-05-06', 'credit card', 167.24, FALSE, TRUE, 'https://via.placeholder.com/597x431.png?text=Ticket+54', 'Backstage ticket');
INSERT INTO ticket (IAN_number, event_info, owner_info, event_id, attendee_id, ticket_type, purchase_date, purchase_method, cost, activated, resale_available, img, descr) VALUES ('4289582293871', 'Ticket for Event ID 56', 'Attendee ID 124', 56, 124, 'VIP', '2025-05-06', 'debit card', 203.77, TRUE, FALSE, 'https://via.placeholder.com/501x549.png?text=Ticket+29', 'Vip ticket');
INSERT INTO ticket (IAN_number, event_info, owner_info, event_id, attendee_id, ticket_type, purchase_date, purchase_method, cost, activated, resale_available, img, descr) VALUES ('4350200180818', 'Ticket for Event ID 55', 'Attendee ID 39', 55, 39, 'general admission', '2025-05-06', 'debit card', 81.34, FALSE, TRUE, 'https://via.placeholder.com/742x564.png?text=Ticket+9', 'General admission ticket');
INSERT INTO ticket (IAN_number, event_info, owner_info, event_id, attendee_id, ticket_type, purchase_date, purchase_method, cost, activated, resale_available, img, descr) VALUES ('4584829558725', 'Ticket for Event ID 5', 'Attendee ID 85', 5, 85, 'general admission', '2025-05-06', 'credit card', 106.13, FALSE, TRUE, 'https://via.placeholder.com/658x594.png?text=Ticket+3', 'General admission ticket');
INSERT INTO ticket (IAN_number, event_info, owner_info, event_id, attendee_id, ticket_type, purchase_date, purchase_method, cost, activated, resale_available, img, descr) VALUES ('1520267680410', 'Ticket for Event ID 20', 'Attendee ID 56', 20, 56, 'VIP', '2025-05-06', 'debit card', 146.11, TRUE, FALSE, 'https://via.placeholder.com/782x402.png?text=Ticket+33', 'Vip ticket');
INSERT INTO ticket (IAN_number, event_info, owner_info, event_id, attendee_id, ticket_type, purchase_date, purchase_method, cost, activated, resale_available, img, descr) VALUES ('3756173588306', 'Ticket for Event ID 85', 'Attendee ID 137', 85, 137, 'general admission', '2025-05-06', 'debit card', 122.46, FALSE, FALSE, 'https://via.placeholder.com/533x586.png?text=Ticket+100', 'General admission ticket');
INSERT INTO ticket (IAN_number, event_info, owner_info, event_id, attendee_id, ticket_type, purchase_date, purchase_method, cost, activated, resale_available, img, descr) VALUES ('4685241351242', 'Ticket for Event ID 51', 'Attendee ID 142', 51, 142, 'backstage', '2025-05-06', 'debit card', 126.44, TRUE, FALSE, 'https://via.placeholder.com/718x520.png?text=Ticket+19', 'Backstage ticket');
INSERT INTO ticket (IAN_number, event_info, owner_info, event_id, attendee_id, ticket_type, purchase_date, purchase_method, cost, activated, resale_available, img, descr) VALUES ('6605110117512', 'Ticket for Event ID 92', 'Attendee ID 11', 92, 11, 'backstage', '2025-05-06', 'credit card', 48.44, FALSE, TRUE, 'https://via.placeholder.com/412x462.png?text=Ticket+39', 'Backstage ticket');
INSERT INTO ticket (IAN_number, event_info, owner_info, event_id, attendee_id, ticket_type, purchase_date, purchase_method, cost, activated, resale_available, img, descr) VALUES ('1752233811386', 'Ticket for Event ID 99', 'Attendee ID 1', 99, 1, 'VIP', '2025-05-06', 'credit card', 81.64, TRUE, FALSE, 'https://via.placeholder.com/653x578.png?text=Ticket+74', 'Vip ticket');
INSERT INTO ticket (IAN_number, event_info, owner_info, event_id, attendee_id, ticket_type, purchase_date, purchase_method, cost, activated, resale_available, img, descr) VALUES ('0886320282670', 'Ticket for Event ID 19', 'Attendee ID 100', 19, 100, 'general admission', '2025-05-06', 'bank deposit', 112.79, TRUE, FALSE, 'https://via.placeholder.com/729x511.png?text=Ticket+45', 'General admission ticket');
INSERT INTO ticket (IAN_number, event_info, owner_info, event_id, attendee_id, ticket_type, purchase_date, purchase_method, cost, activated, resale_available, img, descr) VALUES ('1712451501078', 'Ticket for Event ID 95', 'Attendee ID 15', 95, 15, 'VIP', '2025-05-06', 'credit card', 160.68, FALSE, TRUE, 'https://via.placeholder.com/630x455.png?text=Ticket+41', 'Vip ticket');
INSERT INTO ticket (IAN_number, event_info, owner_info, event_id, attendee_id, ticket_type, purchase_date, purchase_method, cost, activated, resale_available, img, descr) VALUES ('5734663563339', 'Ticket for Event ID 31', 'Attendee ID 105', 31, 105, 'general admission', '2025-05-06', 'bank deposit', 114.74, FALSE, TRUE, 'https://via.placeholder.com/470x575.png?text=Ticket+60', 'General admission ticket');
INSERT INTO ticket (IAN_number, event_info, owner_info, event_id, attendee_id, ticket_type, purchase_date, purchase_method, cost, activated, resale_available, img, descr) VALUES ('2133826965418', 'Ticket for Event ID 13', 'Attendee ID 19', 13, 19, 'VIP', '2025-05-06', 'bank deposit', 174.07, TRUE, FALSE, 'https://via.placeholder.com/641x483.png?text=Ticket+14', 'Vip ticket');
INSERT INTO ticket (IAN_number, event_info, owner_info, event_id, attendee_id, ticket_type, purchase_date, purchase_method, cost, activated, resale_available, img, descr) VALUES ('7910901384885', 'Ticket for Event ID 54', 'Attendee ID 138', 54, 138, 'backstage', '2025-05-06', 'bank deposit', 125.53, TRUE, FALSE, 'https://via.placeholder.com/500x580.png?text=Ticket+36', 'Backstage ticket');
INSERT INTO ticket (IAN_number, event_info, owner_info, event_id, attendee_id, ticket_type, purchase_date, purchase_method, cost, activated, resale_available, img, descr) VALUES ('5796121028136', 'Ticket for Event ID 36', 'Attendee ID 28', 36, 28, 'VIP', '2025-05-06', 'bank deposit', 125.24, TRUE, FALSE, 'https://via.placeholder.com/579x318.png?text=Ticket+11', 'Vip ticket');
INSERT INTO ticket (IAN_number, event_info, owner_info, event_id, attendee_id, ticket_type, purchase_date, purchase_method, cost, activated, resale_available, img, descr) VALUES ('1914252782976', 'Ticket for Event ID 21', 'Attendee ID 146', 21, 146, 'backstage', '2025-05-06', 'bank deposit', 280.28, TRUE, FALSE, 'https://via.placeholder.com/415x505.png?text=Ticket+31', 'Backstage ticket');
INSERT INTO ticket (IAN_number, event_info, owner_info, event_id, attendee_id, ticket_type, purchase_date, purchase_method, cost, activated, resale_available, img, descr) VALUES ('9763974568691', 'Ticket for Event ID 39', 'Attendee ID 94', 39, 94, 'general admission', '2025-05-06', 'bank deposit', 44.06, TRUE, FALSE, 'https://via.placeholder.com/612x554.png?text=Ticket+33', 'General admission ticket');
INSERT INTO ticket (IAN_number, event_info, owner_info, event_id, attendee_id, ticket_type, purchase_date, purchase_method, cost, activated, resale_available, img, descr) VALUES ('1767765623423', 'Ticket for Event ID 34', 'Attendee ID 70', 34, 70, 'backstage', '2025-05-06', 'bank deposit', 290.91, TRUE, FALSE, 'https://via.placeholder.com/666x435.png?text=Ticket+24', 'Backstage ticket');
INSERT INTO ticket (IAN_number, event_info, owner_info, event_id, attendee_id, ticket_type, purchase_date, purchase_method, cost, activated, resale_available, img, descr) VALUES ('7980172461112', 'Ticket for Event ID 88', 'Attendee ID 91', 88, 91, 'general admission', '2025-05-06', 'credit card', 70.05, TRUE, FALSE, 'https://via.placeholder.com/630x486.png?text=Ticket+25', 'General admission ticket');
INSERT INTO ticket (IAN_number, event_info, owner_info, event_id, attendee_id, ticket_type, purchase_date, purchase_method, cost, activated, resale_available, img, descr) VALUES ('4767314347495', 'Ticket for Event ID 68', 'Attendee ID 134', 68, 134, 'backstage', '2025-05-06', 'bank deposit', 203.96, TRUE, FALSE, 'https://via.placeholder.com/541x314.png?text=Ticket+66', 'Backstage ticket');
INSERT INTO ticket (IAN_number, event_info, owner_info, event_id, attendee_id, ticket_type, purchase_date, purchase_method, cost, activated, resale_available, img, descr) VALUES ('6640640264427', 'Ticket for Event ID 79', 'Attendee ID 85', 79, 85, 'VIP', '2025-05-06', 'bank deposit', 193.94, FALSE, FALSE, 'https://via.placeholder.com/664x535.png?text=Ticket+23', 'Vip ticket');
INSERT INTO ticket (IAN_number, event_info, owner_info, event_id, attendee_id, ticket_type, purchase_date, purchase_method, cost, activated, resale_available, img, descr) VALUES ('9781623913424', 'Ticket for Event ID 22', 'Attendee ID 147', 22, 147, 'VIP', '2025-05-06', 'bank deposit', 96.90, FALSE, TRUE, 'https://via.placeholder.com/406x428.png?text=Ticket+72', 'Vip ticket');
INSERT INTO ticket (IAN_number, event_info, owner_info, event_id, attendee_id, ticket_type, purchase_date, purchase_method, cost, activated, resale_available, img, descr) VALUES ('1140137010618', 'Ticket for Event ID 16', 'Attendee ID 28', 16, 28, 'backstage', '2025-05-06', 'debit card', 134.41, FALSE, FALSE, 'https://via.placeholder.com/580x493.png?text=Ticket+15', 'Backstage ticket');
INSERT INTO ticket (IAN_number, event_info, owner_info, event_id, attendee_id, ticket_type, purchase_date, purchase_method, cost, activated, resale_available, img, descr) VALUES ('9130066787127', 'Ticket for Event ID 53', 'Attendee ID 116', 53, 116, 'backstage', '2025-05-06', 'credit card', 112.74, FALSE, FALSE, 'https://via.placeholder.com/722x581.png?text=Ticket+53', 'Backstage ticket');
INSERT INTO ticket (IAN_number, event_info, owner_info, event_id, attendee_id, ticket_type, purchase_date, purchase_method, cost, activated, resale_available, img, descr) VALUES ('9078300301132', 'Ticket for Event ID 35', 'Attendee ID 42', 35, 42, 'general admission', '2025-05-06', 'debit card', 48.87, TRUE, FALSE, 'https://via.placeholder.com/554x562.png?text=Ticket+11', 'General admission ticket');
INSERT INTO ticket (IAN_number, event_info, owner_info, event_id, attendee_id, ticket_type, purchase_date, purchase_method, cost, activated, resale_available, img, descr) VALUES ('5460495661122', 'Ticket for Event ID 56', 'Attendee ID 87', 56, 87, 'backstage', '2025-05-06', 'bank deposit', 113.73, TRUE, FALSE, 'https://via.placeholder.com/520x333.png?text=Ticket+10', 'Backstage ticket');
INSERT INTO ticket (IAN_number, event_info, owner_info, event_id, attendee_id, ticket_type, purchase_date, purchase_method, cost, activated, resale_available, img, descr) VALUES ('5619179483956', 'Ticket for Event ID 68', 'Attendee ID 24', 68, 24, 'backstage', '2025-05-06', 'debit card', 77.09, TRUE, FALSE, 'https://via.placeholder.com/724x378.png?text=Ticket+51', 'Backstage ticket');
INSERT INTO ticket (IAN_number, event_info, owner_info, event_id, attendee_id, ticket_type, purchase_date, purchase_method, cost, activated, resale_available, img, descr) VALUES ('2819932166033', 'Ticket for Event ID 74', 'Attendee ID 86', 74, 86, 'VIP', '2025-05-06', 'debit card', 215.58, TRUE, FALSE, 'https://via.placeholder.com/519x311.png?text=Ticket+60', 'Vip ticket');
INSERT INTO ticket (IAN_number, event_info, owner_info, event_id, attendee_id, ticket_type, purchase_date, purchase_method, cost, activated, resale_available, img, descr) VALUES ('1748906195174', 'Ticket for Event ID 11', 'Attendee ID 104', 11, 104, 'backstage', '2025-05-06', 'credit card', 50.35, TRUE, FALSE, 'https://via.placeholder.com/751x491.png?text=Ticket+68', 'Backstage ticket');
INSERT INTO ticket (IAN_number, event_info, owner_info, event_id, attendee_id, ticket_type, purchase_date, purchase_method, cost, activated, resale_available, img, descr) VALUES ('2804055227721', 'Ticket for Event ID 71', 'Attendee ID 93', 71, 93, 'VIP', '2025-05-06', 'bank deposit', 189.28, TRUE, FALSE, 'https://via.placeholder.com/619x570.png?text=Ticket+62', 'Vip ticket');
INSERT INTO ticket (IAN_number, event_info, owner_info, event_id, attendee_id, ticket_type, purchase_date, purchase_method, cost, activated, resale_available, img, descr) VALUES ('2850873139687', 'Ticket for Event ID 85', 'Attendee ID 136', 85, 136, 'backstage', '2025-05-06', 'bank deposit', 175.84, TRUE, FALSE, 'https://via.placeholder.com/487x411.png?text=Ticket+76', 'Backstage ticket');
INSERT INTO ticket (IAN_number, event_info, owner_info, event_id, attendee_id, ticket_type, purchase_date, purchase_method, cost, activated, resale_available, img, descr) VALUES ('4433473414760', 'Ticket for Event ID 25', 'Attendee ID 136', 25, 136, 'general admission', '2025-05-06', 'credit card', 34.30, TRUE, FALSE, 'https://via.placeholder.com/569x509.png?text=Ticket+25', 'General admission ticket');
INSERT INTO ticket (IAN_number, event_info, owner_info, event_id, attendee_id, ticket_type, purchase_date, purchase_method, cost, activated, resale_available, img, descr) VALUES ('4413006867965', 'Ticket for Event ID 3', 'Attendee ID 126', 3, 126, 'VIP', '2025-05-06', 'bank deposit', 133.98, FALSE, FALSE, 'https://via.placeholder.com/774x565.png?text=Ticket+18', 'Vip ticket');
INSERT INTO ticket (IAN_number, event_info, owner_info, event_id, attendee_id, ticket_type, purchase_date, purchase_method, cost, activated, resale_available, img, descr) VALUES ('2349486343257', 'Ticket for Event ID 43', 'Attendee ID 69', 43, 69, 'VIP', '2025-05-06', 'bank deposit', 212.06, TRUE, FALSE, 'https://via.placeholder.com/401x326.png?text=Ticket+12', 'Vip ticket');
INSERT INTO ticket (IAN_number, event_info, owner_info, event_id, attendee_id, ticket_type, purchase_date, purchase_method, cost, activated, resale_available, img, descr) VALUES ('9461046192632', 'Ticket for Event ID 35', 'Attendee ID 41', 35, 41, 'VIP', '2025-05-06', 'credit card', 171.13, TRUE, FALSE, 'https://via.placeholder.com/466x465.png?text=Ticket+80', 'Vip ticket');
INSERT INTO ticket (IAN_number, event_info, owner_info, event_id, attendee_id, ticket_type, purchase_date, purchase_method, cost, activated, resale_available, img, descr) VALUES ('6204428925582', 'Ticket for Event ID 91', 'Attendee ID 143', 91, 143, 'general admission', '2025-05-06', 'debit card', 93.90, TRUE, FALSE, 'https://via.placeholder.com/770x330.png?text=Ticket+83', 'General admission ticket');
INSERT INTO ticket (IAN_number, event_info, owner_info, event_id, attendee_id, ticket_type, purchase_date, purchase_method, cost, activated, resale_available, img, descr) VALUES ('3754579684300', 'Ticket for Event ID 55', 'Attendee ID 143', 55, 143, 'general admission', '2025-05-06', 'credit card', 79.56, TRUE, FALSE, 'https://via.placeholder.com/540x574.png?text=Ticket+43', 'General admission ticket');
INSERT INTO ticket (IAN_number, event_info, owner_info, event_id, attendee_id, ticket_type, purchase_date, purchase_method, cost, activated, resale_available, img, descr) VALUES ('6788093477144', 'Ticket for Event ID 93', 'Attendee ID 111', 93, 111, 'VIP', '2025-05-06', 'credit card', 191.78, TRUE, FALSE, 'https://via.placeholder.com/437x467.png?text=Ticket+3', 'Vip ticket');
INSERT INTO ticket (IAN_number, event_info, owner_info, event_id, attendee_id, ticket_type, purchase_date, purchase_method, cost, activated, resale_available, img, descr) VALUES ('3349501318008', 'Ticket for Event ID 84', 'Attendee ID 84', 84, 84, 'backstage', '2025-05-06', 'bank deposit', 99.71, TRUE, FALSE, 'https://via.placeholder.com/418x575.png?text=Ticket+55', 'Backstage ticket');
INSERT INTO ticket (IAN_number, event_info, owner_info, event_id, attendee_id, ticket_type, purchase_date, purchase_method, cost, activated, resale_available, img, descr) VALUES ('2095171281919', 'Ticket for Event ID 43', 'Attendee ID 25', 43, 25, 'VIP', '2025-05-06', 'debit card', 198.41, TRUE, FALSE, 'https://via.placeholder.com/611x315.png?text=Ticket+67', 'Vip ticket');
INSERT INTO ticket (IAN_number, event_info, owner_info, event_id, attendee_id, ticket_type, purchase_date, purchase_method, cost, activated, resale_available, img, descr) VALUES ('1489169933570', 'Ticket for Event ID 64', 'Attendee ID 103', 64, 103, 'general admission', '2025-05-06', 'bank deposit', 68.54, TRUE, FALSE, 'https://via.placeholder.com/464x573.png?text=Ticket+25', 'General admission ticket');
INSERT INTO ticket (IAN_number, event_info, owner_info, event_id, attendee_id, ticket_type, purchase_date, purchase_method, cost, activated, resale_available, img, descr) VALUES ('2788782168685', 'Ticket for Event ID 8', 'Attendee ID 97', 8, 97, 'backstage', '2025-05-06', 'debit card', 130.88, FALSE, TRUE, 'https://via.placeholder.com/750x391.png?text=Ticket+49', 'Backstage ticket');
INSERT INTO ticket (IAN_number, event_info, owner_info, event_id, attendee_id, ticket_type, purchase_date, purchase_method, cost, activated, resale_available, img, descr) VALUES ('6038331094509', 'Ticket for Event ID 84', 'Attendee ID 118', 84, 118, 'VIP', '2025-05-06', 'bank deposit', 163.61, FALSE, FALSE, 'https://via.placeholder.com/419x597.png?text=Ticket+61', 'Vip ticket');
INSERT INTO ticket (IAN_number, event_info, owner_info, event_id, attendee_id, ticket_type, purchase_date, purchase_method, cost, activated, resale_available, img, descr) VALUES ('9633131163288', 'Ticket for Event ID 15', 'Attendee ID 77', 15, 77, 'general admission', '2025-05-06', 'bank deposit', 120.86, TRUE, FALSE, 'https://via.placeholder.com/800x314.png?text=Ticket+36', 'General admission ticket');
INSERT INTO ticket (IAN_number, event_info, owner_info, event_id, attendee_id, ticket_type, purchase_date, purchase_method, cost, activated, resale_available, img, descr) VALUES ('7415905630827', 'Ticket for Event ID 54', 'Attendee ID 69', 54, 69, 'backstage', '2025-05-06', 'bank deposit', 51.21, TRUE, FALSE, 'https://via.placeholder.com/413x404.png?text=Ticket+34', 'Backstage ticket');
INSERT INTO ticket (IAN_number, event_info, owner_info, event_id, attendee_id, ticket_type, purchase_date, purchase_method, cost, activated, resale_available, img, descr) VALUES ('9022653494362', 'Ticket for Event ID 76', 'Attendee ID 150', 76, 150, 'VIP', '2025-05-06', 'credit card', 63.75, FALSE, TRUE, 'https://via.placeholder.com/632x441.png?text=Ticket+60', 'Vip ticket');
INSERT INTO ticket (IAN_number, event_info, owner_info, event_id, attendee_id, ticket_type, purchase_date, purchase_method, cost, activated, resale_available, img, descr) VALUES ('6192002212043', 'Ticket for Event ID 33', 'Attendee ID 97', 33, 97, 'backstage', '2025-05-06', 'debit card', 151.75, FALSE, FALSE, 'https://via.placeholder.com/414x490.png?text=Ticket+47', 'Backstage ticket');
INSERT INTO ticket (IAN_number, event_info, owner_info, event_id, attendee_id, ticket_type, purchase_date, purchase_method, cost, activated, resale_available, img, descr) VALUES ('0036031177776', 'Ticket for Event ID 87', 'Attendee ID 98', 87, 98, 'VIP', '2025-05-06', 'credit card', 221.36, TRUE, FALSE, 'https://via.placeholder.com/740x421.png?text=Ticket+95', 'Vip ticket');
INSERT INTO ticket (IAN_number, event_info, owner_info, event_id, attendee_id, ticket_type, purchase_date, purchase_method, cost, activated, resale_available, img, descr) VALUES ('2292149669272', 'Ticket for Event ID 80', 'Attendee ID 4', 80, 4, 'backstage', '2025-05-06', 'bank deposit', 276.38, FALSE, FALSE, 'https://via.placeholder.com/547x326.png?text=Ticket+71', 'Backstage ticket');
INSERT INTO ticket (IAN_number, event_info, owner_info, event_id, attendee_id, ticket_type, purchase_date, purchase_method, cost, activated, resale_available, img, descr) VALUES ('7441707018603', 'Ticket for Event ID 69', 'Attendee ID 148', 69, 148, 'general admission', '2025-05-06', 'debit card', 91.32, TRUE, FALSE, 'https://via.placeholder.com/478x489.png?text=Ticket+8', 'General admission ticket');
INSERT INTO ticket (IAN_number, event_info, owner_info, event_id, attendee_id, ticket_type, purchase_date, purchase_method, cost, activated, resale_available, img, descr) VALUES ('4647239694169', 'Ticket for Event ID 93', 'Attendee ID 134', 93, 134, 'general admission', '2025-05-06', 'bank deposit', 34.66, TRUE, FALSE, 'https://via.placeholder.com/542x409.png?text=Ticket+96', 'General admission ticket');
INSERT INTO ticket (IAN_number, event_info, owner_info, event_id, attendee_id, ticket_type, purchase_date, purchase_method, cost, activated, resale_available, img, descr) VALUES ('3785918210233', 'Ticket for Event ID 39', 'Attendee ID 6', 39, 6, 'general admission', '2025-05-06', 'credit card', 99.73, FALSE, FALSE, 'https://via.placeholder.com/466x327.png?text=Ticket+31', 'General admission ticket');
INSERT INTO ticket (IAN_number, event_info, owner_info, event_id, attendee_id, ticket_type, purchase_date, purchase_method, cost, activated, resale_available, img, descr) VALUES ('6333960026595', 'Ticket for Event ID 51', 'Attendee ID 53', 51, 53, 'VIP', '2025-05-06', 'debit card', 58.52, FALSE, FALSE, 'https://via.placeholder.com/430x548.png?text=Ticket+58', 'Vip ticket');
INSERT INTO ticket (IAN_number, event_info, owner_info, event_id, attendee_id, ticket_type, purchase_date, purchase_method, cost, activated, resale_available, img, descr) VALUES ('4090807391077', 'Ticket for Event ID 18', 'Attendee ID 62', 18, 62, 'VIP', '2025-05-06', 'bank deposit', 114.68, TRUE, FALSE, 'https://via.placeholder.com/777x351.png?text=Ticket+4', 'Vip ticket');
INSERT INTO ticket (IAN_number, event_info, owner_info, event_id, attendee_id, ticket_type, purchase_date, purchase_method, cost, activated, resale_available, img, descr) VALUES ('3352972754773', 'Ticket for Event ID 94', 'Attendee ID 37', 94, 37, 'VIP', '2025-05-06', 'credit card', 152.21, TRUE, FALSE, 'https://via.placeholder.com/686x383.png?text=Ticket+67', 'Vip ticket');
INSERT INTO ticket (IAN_number, event_info, owner_info, event_id, attendee_id, ticket_type, purchase_date, purchase_method, cost, activated, resale_available, img, descr) VALUES ('0155554719634', 'Ticket for Event ID 29', 'Attendee ID 43', 29, 43, 'backstage', '2025-05-06', 'debit card', 212.48, FALSE, FALSE, 'https://via.placeholder.com/476x500.png?text=Ticket+55', 'Backstage ticket');
INSERT INTO ticket (IAN_number, event_info, owner_info, event_id, attendee_id, ticket_type, purchase_date, purchase_method, cost, activated, resale_available, img, descr) VALUES ('2118522052927', 'Ticket for Event ID 58', 'Attendee ID 44', 58, 44, 'backstage', '2025-05-06', 'credit card', 129.60, TRUE, FALSE, 'https://via.placeholder.com/768x382.png?text=Ticket+17', 'Backstage ticket');
INSERT INTO ticket (IAN_number, event_info, owner_info, event_id, attendee_id, ticket_type, purchase_date, purchase_method, cost, activated, resale_available, img, descr) VALUES ('6680924427756', 'Ticket for Event ID 51', 'Attendee ID 141', 51, 141, 'VIP', '2025-05-06', 'credit card', 33.00, FALSE, TRUE, 'https://via.placeholder.com/720x520.png?text=Ticket+4', 'Vip ticket');
INSERT INTO ticket (IAN_number, event_info, owner_info, event_id, attendee_id, ticket_type, purchase_date, purchase_method, cost, activated, resale_available, img, descr) VALUES ('7360473054805', 'Ticket for Event ID 22', 'Attendee ID 140', 22, 140, 'VIP', '2025-05-06', 'debit card', 80.34, FALSE, TRUE, 'https://via.placeholder.com/551x511.png?text=Ticket+32', 'Vip ticket');
INSERT INTO ticket (IAN_number, event_info, owner_info, event_id, attendee_id, ticket_type, purchase_date, purchase_method, cost, activated, resale_available, img, descr) VALUES ('5041683201171', 'Ticket for Event ID 58', 'Attendee ID 101', 58, 101, 'VIP', '2025-05-06', 'debit card', 86.42, TRUE, FALSE, 'https://via.placeholder.com/710x411.png?text=Ticket+41', 'Vip ticket');
INSERT INTO ticket (IAN_number, event_info, owner_info, event_id, attendee_id, ticket_type, purchase_date, purchase_method, cost, activated, resale_available, img, descr) VALUES ('5126975100061', 'Ticket for Event ID 9', 'Attendee ID 94', 9, 94, 'backstage', '2025-05-06', 'credit card', 236.47, FALSE, TRUE, 'https://via.placeholder.com/685x517.png?text=Ticket+2', 'Backstage ticket');
INSERT INTO ticket (IAN_number, event_info, owner_info, event_id, attendee_id, ticket_type, purchase_date, purchase_method, cost, activated, resale_available, img, descr) VALUES ('8620509097886', 'Ticket for Event ID 62', 'Attendee ID 18', 62, 18, 'general admission', '2025-05-06', 'debit card', 65.19, TRUE, FALSE, 'https://via.placeholder.com/784x578.png?text=Ticket+70', 'General admission ticket');
INSERT INTO ticket (IAN_number, event_info, owner_info, event_id, attendee_id, ticket_type, purchase_date, purchase_method, cost, activated, resale_available, img, descr) VALUES ('6520767203071', 'Ticket for Event ID 93', 'Attendee ID 64', 93, 64, 'general admission', '2025-05-06', 'credit card', 108.72, TRUE, FALSE, 'https://via.placeholder.com/659x525.png?text=Ticket+93', 'General admission ticket');
INSERT INTO ticket (IAN_number, event_info, owner_info, event_id, attendee_id, ticket_type, purchase_date, purchase_method, cost, activated, resale_available, img, descr) VALUES ('3494845934234', 'Ticket for Event ID 24', 'Attendee ID 130', 24, 130, 'backstage', '2025-05-06', 'credit card', 181.49, FALSE, TRUE, 'https://via.placeholder.com/752x516.png?text=Ticket+40', 'Backstage ticket');
INSERT INTO ticket (IAN_number, event_info, owner_info, event_id, attendee_id, ticket_type, purchase_date, purchase_method, cost, activated, resale_available, img, descr) VALUES ('5336893371188', 'Ticket for Event ID 32', 'Attendee ID 35', 32, 35, 'general admission', '2025-05-06', 'debit card', 65.75, TRUE, FALSE, 'https://via.placeholder.com/799x525.png?text=Ticket+50', 'General admission ticket');
INSERT INTO ticket (IAN_number, event_info, owner_info, event_id, attendee_id, ticket_type, purchase_date, purchase_method, cost, activated, resale_available, img, descr) VALUES ('8676007201109', 'Ticket for Event ID 9', 'Attendee ID 9', 9, 9, 'VIP', '2025-05-06', 'debit card', 98.99, TRUE, FALSE, 'https://via.placeholder.com/508x438.png?text=Ticket+5', 'Vip ticket');
INSERT INTO ticket (IAN_number, event_info, owner_info, event_id, attendee_id, ticket_type, purchase_date, purchase_method, cost, activated, resale_available, img, descr) VALUES ('8556642129047', 'Ticket for Event ID 86', 'Attendee ID 146', 86, 146, 'VIP', '2025-05-06', 'credit card', 202.21, FALSE, FALSE, 'https://via.placeholder.com/576x507.png?text=Ticket+87', 'Vip ticket');
INSERT INTO ticket (IAN_number, event_info, owner_info, event_id, attendee_id, ticket_type, purchase_date, purchase_method, cost, activated, resale_available, img, descr) VALUES ('3075220902484', 'Ticket for Event ID 44', 'Attendee ID 94', 44, 94, 'VIP', '2025-05-06', 'debit card', 56.97, FALSE, FALSE, 'https://via.placeholder.com/515x471.png?text=Ticket+49', 'Vip ticket');
INSERT INTO ticket (IAN_number, event_info, owner_info, event_id, attendee_id, ticket_type, purchase_date, purchase_method, cost, activated, resale_available, img, descr) VALUES ('8895896113746', 'Ticket for Event ID 16', 'Attendee ID 91', 16, 91, 'general admission', '2025-05-06', 'debit card', 134.38, FALSE, FALSE, 'https://via.placeholder.com/436x527.png?text=Ticket+3', 'General admission ticket');
INSERT INTO ticket (IAN_number, event_info, owner_info, event_id, attendee_id, ticket_type, purchase_date, purchase_method, cost, activated, resale_available, img, descr) VALUES ('1451691612094', 'Ticket for Event ID 99', 'Attendee ID 117', 99, 117, 'general admission', '2025-05-06', 'bank deposit', 53.88, TRUE, FALSE, 'https://via.placeholder.com/509x549.png?text=Ticket+70', 'General admission ticket');
INSERT INTO ticket (IAN_number, event_info, owner_info, event_id, attendee_id, ticket_type, purchase_date, purchase_method, cost, activated, resale_available, img, descr) VALUES ('1111727984997', 'Ticket for Event ID 59', 'Attendee ID 12', 59, 12, 'general admission', '2025-05-06', 'credit card', 62.92, TRUE, FALSE, 'https://via.placeholder.com/680x566.png?text=Ticket+41', 'General admission ticket');
INSERT INTO ticket (IAN_number, event_info, owner_info, event_id, attendee_id, ticket_type, purchase_date, purchase_method, cost, activated, resale_available, img, descr) VALUES ('4510903151391', 'Ticket for Event ID 14', 'Attendee ID 67', 14, 67, 'backstage', '2025-05-06', 'credit card', 87.47, TRUE, FALSE, 'https://via.placeholder.com/527x544.png?text=Ticket+75', 'Backstage ticket');
INSERT INTO ticket (IAN_number, event_info, owner_info, event_id, attendee_id, ticket_type, purchase_date, purchase_method, cost, activated, resale_available, img, descr) VALUES ('5086536476964', 'Ticket for Event ID 64', 'Attendee ID 45', 64, 45, 'backstage', '2025-05-06', 'credit card', 239.58, FALSE, TRUE, 'https://via.placeholder.com/530x425.png?text=Ticket+78', 'Backstage ticket');
INSERT INTO ticket (IAN_number, event_info, owner_info, event_id, attendee_id, ticket_type, purchase_date, purchase_method, cost, activated, resale_available, img, descr) VALUES ('8582896999920', 'Ticket for Event ID 66', 'Attendee ID 62', 66, 62, 'general admission', '2025-05-06', 'credit card', 144.26, FALSE, FALSE, 'https://via.placeholder.com/676x482.png?text=Ticket+75', 'General admission ticket');
INSERT INTO ticket (IAN_number, event_info, owner_info, event_id, attendee_id, ticket_type, purchase_date, purchase_method, cost, activated, resale_available, img, descr) VALUES ('7547750422685', 'Ticket for Event ID 31', 'Attendee ID 75', 31, 75, 'general admission', '2025-05-06', 'debit card', 76.30, TRUE, FALSE, 'https://via.placeholder.com/402x502.png?text=Ticket+20', 'General admission ticket');
INSERT INTO ticket (IAN_number, event_info, owner_info, event_id, attendee_id, ticket_type, purchase_date, purchase_method, cost, activated, resale_available, img, descr) VALUES ('4650679065380', 'Ticket for Event ID 72', 'Attendee ID 143', 72, 143, 'VIP', '2025-05-06', 'bank deposit', 141.16, TRUE, FALSE, 'https://via.placeholder.com/479x569.png?text=Ticket+32', 'Vip ticket');
INSERT INTO ticket (IAN_number, event_info, owner_info, event_id, attendee_id, ticket_type, purchase_date, purchase_method, cost, activated, resale_available, img, descr) VALUES ('7477293288528', 'Ticket for Event ID 35', 'Attendee ID 94', 35, 94, 'backstage', '2025-05-06', 'credit card', 86.65, FALSE, FALSE, 'https://via.placeholder.com/536x372.png?text=Ticket+21', 'Backstage ticket');

-- rating (New Schema with IAN_number) --
INSERT INTO rating (IAN_number, performance_id, artist_performance, stage_presence, setup, sound_and_lighting, overall_impression, descr, img) VALUES ('0109387237897', 122, 3, 5, 2, 3, 1, 'Modern leave check model find institution system main wonder.', 'https://via.placeholder.com/666x392.png?text=Rating+98');
INSERT INTO rating (IAN_number, performance_id, artist_performance, stage_presence, setup, sound_and_lighting, overall_impression, descr, img) VALUES ('9249079464241', 133, 3, 4, 5, 2, 4, 'Him car upon simply baby size more speech better face player.', 'https://via.placeholder.com/719x554.png?text=Rating+31');
INSERT INTO rating (IAN_number, performance_id, artist_performance, stage_presence, setup, sound_and_lighting, overall_impression, descr, img) VALUES ('6929764230440', 92, 3, 5, 2, 4, 3, 'Pass heavy executive area know might put.', 'https://via.placeholder.com/713x506.png?text=Rating+4');
INSERT INTO rating (IAN_number, performance_id, artist_performance, stage_presence, setup, sound_and_lighting, overall_impression, descr, img) VALUES ('0195156098602', 183, 1, 3, 1, 4, 4, 'Happy style success he decision where.', 'https://via.placeholder.com/670x323.png?text=Rating+45');
INSERT INTO rating (IAN_number, performance_id, artist_performance, stage_presence, setup, sound_and_lighting, overall_impression, descr, img) VALUES ('8433035950649', 3, 3, 4, 1, 1, 2, 'Eight campaign voice throughout family central crime.', 'https://via.placeholder.com/575x507.png?text=Rating+44');
INSERT INTO rating (IAN_number, performance_id, artist_performance, stage_presence, setup, sound_and_lighting, overall_impression, descr, img) VALUES ('2278480137056', 165, 3, 3, 1, 1, 3, 'Much later benefit floor over church between.', 'https://via.placeholder.com/631x450.png?text=Rating+88');
INSERT INTO rating (IAN_number, performance_id, artist_performance, stage_presence, setup, sound_and_lighting, overall_impression, descr, img) VALUES ('9249079464241', 134, 3, 5, 2, 2, 3, 'Forget skill form loss mouth sound four.', 'https://via.placeholder.com/534x563.png?text=Rating+69');
INSERT INTO rating (IAN_number, performance_id, artist_performance, stage_presence, setup, sound_and_lighting, overall_impression, descr, img) VALUES ('1489169933570', 126, 1, 4, 5, 3, 5, 'Tax relationship get challenge operation purpose trouble likely story arrive into.', 'https://via.placeholder.com/661x494.png?text=Rating+52');
INSERT INTO rating (IAN_number, performance_id, artist_performance, stage_presence, setup, sound_and_lighting, overall_impression, descr, img) VALUES ('0886320282670', 34, 4, 5, 5, 3, 1, 'Enough we improve campaign.', 'https://via.placeholder.com/678x368.png?text=Rating+63');
INSERT INTO rating (IAN_number, performance_id, artist_performance, stage_presence, setup, sound_and_lighting, overall_impression, descr, img) VALUES ('6395775583986', 182, 4, 1, 5, 5, 3, 'Administration growth daughter information police American.', 'https://via.placeholder.com/532x591.png?text=Rating+14');
INSERT INTO rating (IAN_number, performance_id, artist_performance, stage_presence, setup, sound_and_lighting, overall_impression, descr, img) VALUES ('5336893371188', 56, 3, 4, 5, 1, 5, 'Mrs contain some space prevent sure American water.', 'https://via.placeholder.com/511x521.png?text=Rating+35');
INSERT INTO rating (IAN_number, performance_id, artist_performance, stage_presence, setup, sound_and_lighting, overall_impression, descr, img) VALUES ('3080787768064', 85, 5, 5, 2, 4, 5, 'Over whole create brother matter current stay important.', 'https://via.placeholder.com/654x432.png?text=Rating+7');
INSERT INTO rating (IAN_number, performance_id, artist_performance, stage_presence, setup, sound_and_lighting, overall_impression, descr, img) VALUES ('8828706267322', 110, 2, 5, 3, 1, 1, 'Group win visit performance.', 'https://via.placeholder.com/772x505.png?text=Rating+95');
INSERT INTO rating (IAN_number, performance_id, artist_performance, stage_presence, setup, sound_and_lighting, overall_impression, descr, img) VALUES ('3080787768064', 84, 4, 3, 3, 5, 5, 'West machine huge just treatment information away choice six.', 'https://via.placeholder.com/699x561.png?text=Rating+80');
INSERT INTO rating (IAN_number, performance_id, artist_performance, stage_presence, setup, sound_and_lighting, overall_impression, descr, img) VALUES ('5619179483956', 133, 5, 3, 1, 3, 3, 'How indeed few fact.', 'https://via.placeholder.com/742x523.png?text=Rating+41');
INSERT INTO rating (IAN_number, performance_id, artist_performance, stage_presence, setup, sound_and_lighting, overall_impression, descr, img) VALUES ('4647239694169', 177, 4, 1, 5, 2, 5, 'Mr magazine meet water health yard respond.', 'https://via.placeholder.com/587x530.png?text=Rating+59');
INSERT INTO rating (IAN_number, performance_id, artist_performance, stage_presence, setup, sound_and_lighting, overall_impression, descr, img) VALUES ('8620509097886', 122, 5, 4, 2, 3, 4, 'Forget adult while race campaign tend former my body.', 'https://via.placeholder.com/766x310.png?text=Rating+87');
INSERT INTO rating (IAN_number, performance_id, artist_performance, stage_presence, setup, sound_and_lighting, overall_impression, descr, img) VALUES ('5419093317365', 72, 1, 4, 2, 3, 1, 'Left key fund read.', 'https://via.placeholder.com/780x552.png?text=Rating+96');
INSERT INTO rating (IAN_number, performance_id, artist_performance, stage_presence, setup, sound_and_lighting, overall_impression, descr, img) VALUES ('0036031177776', 168, 5, 1, 3, 4, 5, 'Woman nearly high generation.', 'https://via.placeholder.com/528x380.png?text=Rating+70');
INSERT INTO rating (IAN_number, performance_id, artist_performance, stage_presence, setup, sound_and_lighting, overall_impression, descr, img) VALUES ('8042381593740', 140, 4, 5, 1, 5, 2, 'Meet because trade nothing media hair check purpose marriage bill degree significant.', 'https://via.placeholder.com/486x339.png?text=Rating+1');
INSERT INTO rating (IAN_number, performance_id, artist_performance, stage_presence, setup, sound_and_lighting, overall_impression, descr, img) VALUES ('4496675041159', 117, 3, 2, 4, 2, 4, 'Home chance television movie everybody kitchen prepare green.', 'https://via.placeholder.com/466x332.png?text=Rating+19');
INSERT INTO rating (IAN_number, performance_id, artist_performance, stage_presence, setup, sound_and_lighting, overall_impression, descr, img) VALUES ('3754579684300', 104, 2, 1, 1, 3, 5, 'Expert provide wish morning.', 'https://via.placeholder.com/416x358.png?text=Rating+27');
INSERT INTO rating (IAN_number, performance_id, artist_performance, stage_presence, setup, sound_and_lighting, overall_impression, descr, img) VALUES ('8676007201109', 16, 1, 4, 2, 2, 4, 'Time reality drug begin budget.', 'https://via.placeholder.com/430x599.png?text=Rating+7');
INSERT INTO rating (IAN_number, performance_id, artist_performance, stage_presence, setup, sound_and_lighting, overall_impression, descr, img) VALUES ('8676007201109', 15, 2, 3, 5, 2, 3, 'End carry game series impact help himself edge.', 'https://via.placeholder.com/578x327.png?text=Rating+91');
INSERT INTO rating (IAN_number, performance_id, artist_performance, stage_presence, setup, sound_and_lighting, overall_impression, descr, img) VALUES ('2118522052927', 112, 3, 3, 2, 1, 1, 'Find camera collection usually ago lead can knowledge.', 'https://via.placeholder.com/562x509.png?text=Rating+26');
INSERT INTO rating (IAN_number, performance_id, artist_performance, stage_presence, setup, sound_and_lighting, overall_impression, descr, img) VALUES ('8828706267322', 109, 1, 4, 3, 4, 1, 'Top phone reason cause.', 'https://via.placeholder.com/579x513.png?text=Rating+6');
INSERT INTO rating (IAN_number, performance_id, artist_performance, stage_presence, setup, sound_and_lighting, overall_impression, descr, img) VALUES ('1763291200488', 145, 2, 4, 2, 1, 1, 'Agree our thousand gas.', 'https://via.placeholder.com/495x373.png?text=Rating+62');
INSERT INTO rating (IAN_number, performance_id, artist_performance, stage_presence, setup, sound_and_lighting, overall_impression, descr, img) VALUES ('7707112557739', 87, 3, 3, 3, 1, 1, 'Attention someone along husband memory right control.', 'https://via.placeholder.com/641x381.png?text=Rating+53');
INSERT INTO rating (IAN_number, performance_id, artist_performance, stage_presence, setup, sound_and_lighting, overall_impression, descr, img) VALUES ('5460495661122', 107, 5, 1, 3, 1, 1, 'Top drive year building however exactly author.', 'https://via.placeholder.com/465x559.png?text=Rating+78');
INSERT INTO rating (IAN_number, performance_id, artist_performance, stage_presence, setup, sound_and_lighting, overall_impression, descr, img) VALUES ('9067097213413', 152, 1, 1, 4, 3, 3, 'Pretty interesting cell although hold only trade space.', 'https://via.placeholder.com/590x487.png?text=Rating+76');
INSERT INTO rating (IAN_number, performance_id, artist_performance, stage_presence, setup, sound_and_lighting, overall_impression, descr, img) VALUES ('3485506251377', 30, 5, 1, 2, 1, 5, 'Eye wind visit religious policy back call could.', 'https://via.placeholder.com/584x506.png?text=Rating+56');
INSERT INTO rating (IAN_number, performance_id, artist_performance, stage_presence, setup, sound_and_lighting, overall_impression, descr, img) VALUES ('4685241351242', 93, 5, 4, 2, 4, 3, 'Thank civil science bill easy partner city end much tough bit management.', 'https://via.placeholder.com/485x365.png?text=Rating+99');
INSERT INTO rating (IAN_number, performance_id, artist_performance, stage_presence, setup, sound_and_lighting, overall_impression, descr, img) VALUES ('5796121028136', 63, 4, 3, 5, 5, 2, 'Stage ready defense throughout end best use our war policy part.', 'https://via.placeholder.com/520x372.png?text=Rating+57');
INSERT INTO rating (IAN_number, performance_id, artist_performance, stage_presence, setup, sound_and_lighting, overall_impression, descr, img) VALUES ('2095171281919', 77, 1, 1, 3, 3, 2, 'Any high price feel send last as beat.', 'https://via.placeholder.com/587x407.png?text=Rating+72');
INSERT INTO rating (IAN_number, performance_id, artist_performance, stage_presence, setup, sound_and_lighting, overall_impression, descr, img) VALUES ('2133826965418', 24, 2, 5, 2, 5, 2, 'Throw guy soon billion smile hand.', 'https://via.placeholder.com/800x304.png?text=Rating+17');
INSERT INTO rating (IAN_number, performance_id, artist_performance, stage_presence, setup, sound_and_lighting, overall_impression, descr, img) VALUES ('1126215540127', 71, 1, 2, 2, 5, 3, 'Participant amount action life religious difference despite nature.', 'https://via.placeholder.com/535x343.png?text=Rating+42');
INSERT INTO rating (IAN_number, performance_id, artist_performance, stage_presence, setup, sound_and_lighting, overall_impression, descr, img) VALUES ('1343279089974', 45, 5, 1, 3, 5, 5, 'Anyone various night wind part similar.', 'https://via.placeholder.com/426x564.png?text=Rating+70');
INSERT INTO rating (IAN_number, performance_id, artist_performance, stage_presence, setup, sound_and_lighting, overall_impression, descr, img) VALUES ('2155919037380', 118, 1, 1, 1, 2, 5, 'For should reduce close not owner beautiful son TV peace foreign PM.', 'https://via.placeholder.com/636x524.png?text=Rating+30');
INSERT INTO rating (IAN_number, performance_id, artist_performance, stage_presence, setup, sound_and_lighting, overall_impression, descr, img) VALUES ('5041683201171', 112, 4, 5, 4, 5, 1, 'Town side power leave parent beyond wait yard record.', 'https://via.placeholder.com/535x416.png?text=Rating+82');
INSERT INTO rating (IAN_number, performance_id, artist_performance, stage_presence, setup, sound_and_lighting, overall_impression, descr, img) VALUES ('4433473414760', 42, 1, 2, 3, 4, 5, 'Drive every respond certainly marriage happy hard specific able operation opportunity answer organization.', 'https://via.placeholder.com/555x304.png?text=Rating+82');
INSERT INTO rating (IAN_number, performance_id, artist_performance, stage_presence, setup, sound_and_lighting, overall_impression, descr, img) VALUES ('0109387237897', 121, 2, 1, 2, 3, 3, 'Such soon simply nation example rock best.', 'https://via.placeholder.com/770x382.png?text=Rating+44');
INSERT INTO rating (IAN_number, performance_id, artist_performance, stage_presence, setup, sound_and_lighting, overall_impression, descr, img) VALUES ('4496675041159', 116, 3, 3, 4, 5, 2, 'Close church suddenly loss.', 'https://via.placeholder.com/511x528.png?text=Rating+57');
INSERT INTO rating (IAN_number, performance_id, artist_performance, stage_presence, setup, sound_and_lighting, overall_impression, descr, img) VALUES ('6395775583986', 181, 3, 5, 1, 5, 1, 'Prepare indeed stop.', 'https://via.placeholder.com/572x405.png?text=Rating+57');
INSERT INTO rating (IAN_number, performance_id, artist_performance, stage_presence, setup, sound_and_lighting, overall_impression, descr, img) VALUES ('3361494532788', 171, 2, 1, 4, 4, 1, 'Sound other church fall issue sea participant.', 'https://via.placeholder.com/502x549.png?text=Rating+97');
INSERT INTO rating (IAN_number, performance_id, artist_performance, stage_presence, setup, sound_and_lighting, overall_impression, descr, img) VALUES ('7547750422685', 53, 3, 3, 3, 2, 4, 'Simply house city economic big lay discover center president art show investment opportunity paper.', 'https://via.placeholder.com/623x435.png?text=Rating+80');
INSERT INTO rating (IAN_number, performance_id, artist_performance, stage_presence, setup, sound_and_lighting, overall_impression, descr, img) VALUES ('3298463666511', 113, 2, 2, 1, 3, 3, 'Read address week then maybe where force weight beautiful religious fly.', 'https://via.placeholder.com/576x331.png?text=Rating+20');
INSERT INTO rating (IAN_number, performance_id, artist_performance, stage_presence, setup, sound_and_lighting, overall_impression, descr, img) VALUES ('1126215540127', 72, 4, 1, 2, 1, 1, 'Agreement happen decade late cost financial soon.', 'https://via.placeholder.com/679x497.png?text=Rating+21');
INSERT INTO rating (IAN_number, performance_id, artist_performance, stage_presence, setup, sound_and_lighting, overall_impression, descr, img) VALUES ('1451691612094', 184, 4, 4, 5, 2, 4, 'Never fear federal example strategy apply.', 'https://via.placeholder.com/456x459.png?text=Rating+78');
INSERT INTO rating (IAN_number, performance_id, artist_performance, stage_presence, setup, sound_and_lighting, overall_impression, descr, img) VALUES ('4510903151391', 25, 5, 3, 1, 1, 3, 'Service successful more travel industry return water area system floor people.', 'https://via.placeholder.com/680x450.png?text=Rating+52');
INSERT INTO rating (IAN_number, performance_id, artist_performance, stage_presence, setup, sound_and_lighting, overall_impression, descr, img) VALUES ('2118522052927', 111, 1, 1, 2, 1, 5, 'Appear bring bag very board contain bank position material policy Mr discover than.', 'https://via.placeholder.com/601x336.png?text=Rating+83');
INSERT INTO rating (IAN_number, performance_id, artist_performance, stage_presence, setup, sound_and_lighting, overall_impression, descr, img) VALUES ('1482772884266', 63, 4, 4, 2, 5, 2, 'Cold enter business fund factor huge poor best prevent fall like enough little those reveal.', 'https://via.placeholder.com/534x447.png?text=Rating+76');
INSERT INTO rating (IAN_number, performance_id, artist_performance, stage_presence, setup, sound_and_lighting, overall_impression, descr, img) VALUES ('6520767203071', 177, 1, 1, 2, 4, 5, 'Model each spring others hundred value doctor crime less should could at and seem factor.', 'https://via.placeholder.com/443x426.png?text=Rating+19');
INSERT INTO rating (IAN_number, performance_id, artist_performance, stage_presence, setup, sound_and_lighting, overall_impression, descr, img) VALUES ('8500302868766', 87, 1, 3, 1, 5, 2, 'Police half mother middle seek call seven two billion loss which.', 'https://via.placeholder.com/578x479.png?text=Rating+89');
INSERT INTO rating (IAN_number, performance_id, artist_performance, stage_presence, setup, sound_and_lighting, overall_impression, descr, img) VALUES ('1106441970010', 56, 5, 1, 1, 1, 2, 'Crime choose hit into age cost voice seat.', 'https://via.placeholder.com/477x569.png?text=Rating+37');
INSERT INTO rating (IAN_number, performance_id, artist_performance, stage_presence, setup, sound_and_lighting, overall_impression, descr, img) VALUES ('6831289925066', 55, 5, 4, 3, 4, 3, 'We way choose environment recognize party world our office into section.', 'https://via.placeholder.com/418x553.png?text=Rating+64');
INSERT INTO rating (IAN_number, performance_id, artist_performance, stage_presence, setup, sound_and_lighting, overall_impression, descr, img) VALUES ('2687167418352', 162, 3, 1, 2, 3, 2, 'Single well water international national your while which small general.', 'https://via.placeholder.com/732x463.png?text=Rating+28');
INSERT INTO rating (IAN_number, performance_id, artist_performance, stage_presence, setup, sound_and_lighting, overall_impression, descr, img) VALUES ('1748906195174', 21, 2, 4, 3, 1, 5, 'Try fall ball writer different party world rather.', 'https://via.placeholder.com/792x350.png?text=Rating+67');
INSERT INTO rating (IAN_number, performance_id, artist_performance, stage_presence, setup, sound_and_lighting, overall_impression, descr, img) VALUES ('1111727984997', 115, 2, 2, 3, 2, 4, 'Reach rise pay couple family.', 'https://via.placeholder.com/467x302.png?text=Rating+93');
INSERT INTO rating (IAN_number, performance_id, artist_performance, stage_presence, setup, sound_and_lighting, overall_impression, descr, img) VALUES ('4548840681879', 10, 4, 2, 5, 2, 3, 'Develop simple herself list mother sometimes.', 'https://via.placeholder.com/482x360.png?text=Rating+35');
INSERT INTO rating (IAN_number, performance_id, artist_performance, stage_presence, setup, sound_and_lighting, overall_impression, descr, img) VALUES ('7910901384885', 100, 5, 1, 5, 1, 2, 'Front best still nothing gun suddenly much law remember.', 'https://via.placeholder.com/564x326.png?text=Rating+40');
INSERT INTO rating (IAN_number, performance_id, artist_performance, stage_presence, setup, sound_and_lighting, overall_impression, descr, img) VALUES ('3352972754773', 178, 5, 4, 3, 4, 1, 'Rate two decade likely argue much.', 'https://via.placeholder.com/582x326.png?text=Rating+75');
INSERT INTO rating (IAN_number, performance_id, artist_performance, stage_presence, setup, sound_and_lighting, overall_impression, descr, img) VALUES ('2804055227721', 138, 5, 1, 4, 3, 3, 'Reason real bag end customer almost mother.', 'https://via.placeholder.com/739x469.png?text=Rating+73');
INSERT INTO rating (IAN_number, performance_id, artist_performance, stage_presence, setup, sound_and_lighting, overall_impression, descr, img) VALUES ('3349501318008', 162, 1, 3, 1, 3, 4, 'They west see window box now PM however relate baby north.', 'https://via.placeholder.com/633x367.png?text=Rating+66');
INSERT INTO rating (IAN_number, performance_id, artist_performance, stage_presence, setup, sound_and_lighting, overall_impression, descr, img) VALUES ('5619179483956', 132, 2, 4, 5, 2, 5, 'Simply indicate think to.', 'https://via.placeholder.com/448x438.png?text=Rating+25');
INSERT INTO rating (IAN_number, performance_id, artist_performance, stage_presence, setup, sound_and_lighting, overall_impression, descr, img) VALUES ('7001147184911', 86, 3, 4, 3, 5, 5, 'Too rise although although.', 'https://via.placeholder.com/500x451.png?text=Rating+79');
INSERT INTO rating (IAN_number, performance_id, artist_performance, stage_presence, setup, sound_and_lighting, overall_impression, descr, img) VALUES ('1550057924001', 18, 1, 5, 4, 2, 4, 'Heart others relationship thing hospital evening certain next.', 'https://via.placeholder.com/470x371.png?text=Rating+32');
INSERT INTO rating (IAN_number, performance_id, artist_performance, stage_presence, setup, sound_and_lighting, overall_impression, descr, img) VALUES ('6929764230440', 93, 2, 1, 4, 1, 2, 'Design there he skin within will what worker your specific.', 'https://via.placeholder.com/626x591.png?text=Rating+21');
INSERT INTO rating (IAN_number, performance_id, artist_performance, stage_presence, setup, sound_and_lighting, overall_impression, descr, img) VALUES ('1146524578700', 169, 4, 5, 1, 4, 5, 'Child truth garden myself soldier security western.', 'https://via.placeholder.com/627x447.png?text=Rating+96');
INSERT INTO rating (IAN_number, performance_id, artist_performance, stage_presence, setup, sound_and_lighting, overall_impression, descr, img) VALUES ('0253791180252', 158, 3, 5, 4, 3, 1, 'Tax too owner father throughout.', 'https://via.placeholder.com/471x356.png?text=Rating+58');
INSERT INTO rating (IAN_number, performance_id, artist_performance, stage_presence, setup, sound_and_lighting, overall_impression, descr, img) VALUES ('5900778145471', 180, 3, 2, 4, 5, 3, 'Find history quickly bed.', 'https://via.placeholder.com/746x542.png?text=Rating+25');
INSERT INTO rating (IAN_number, performance_id, artist_performance, stage_presence, setup, sound_and_lighting, overall_impression, descr, img) VALUES ('4767314347495', 133, 2, 4, 1, 5, 3, 'Too cup billion social upon big opportunity down take claim fast employee.', 'https://via.placeholder.com/750x331.png?text=Rating+51');
INSERT INTO rating (IAN_number, performance_id, artist_performance, stage_presence, setup, sound_and_lighting, overall_impression, descr, img) VALUES ('3485506251377', 31, 5, 2, 1, 3, 2, 'Enough tend ability so check real.', 'https://via.placeholder.com/748x578.png?text=Rating+3');
INSERT INTO rating (IAN_number, performance_id, artist_performance, stage_presence, setup, sound_and_lighting, overall_impression, descr, img) VALUES ('1752233811386', 184, 3, 5, 4, 5, 5, 'Science truth mean institution sound poor wife call investment building.', 'https://via.placeholder.com/671x534.png?text=Rating+62');
INSERT INTO rating (IAN_number, performance_id, artist_performance, stage_presence, setup, sound_and_lighting, overall_impression, descr, img) VALUES ('3772511660127', 128, 4, 4, 4, 4, 2, 'Sense area share black.', 'https://via.placeholder.com/677x356.png?text=Rating+4');
INSERT INTO rating (IAN_number, performance_id, artist_performance, stage_presence, setup, sound_and_lighting, overall_impression, descr, img) VALUES ('6831289925066', 53, 1, 3, 2, 1, 5, 'Eat people fine responsibility.', 'https://via.placeholder.com/579x514.png?text=Rating+94');
INSERT INTO rating (IAN_number, performance_id, artist_performance, stage_presence, setup, sound_and_lighting, overall_impression, descr, img) VALUES ('2349486343257', 77, 3, 5, 2, 4, 3, 'Physical decade own high.', 'https://via.placeholder.com/772x529.png?text=Rating+27');
INSERT INTO rating (IAN_number, performance_id, artist_performance, stage_presence, setup, sound_and_lighting, overall_impression, descr, img) VALUES ('7441707018603', 135, 5, 1, 1, 4, 2, 'Door evidence color so.', 'https://via.placeholder.com/608x327.png?text=Rating+53');
INSERT INTO rating (IAN_number, performance_id, artist_performance, stage_presence, setup, sound_and_lighting, overall_impression, descr, img) VALUES ('7707112557739', 88, 1, 4, 3, 3, 4, 'Right here do let career off nor almost son cultural surface.', 'https://via.placeholder.com/664x467.png?text=Rating+47');
INSERT INTO rating (IAN_number, performance_id, artist_performance, stage_presence, setup, sound_and_lighting, overall_impression, descr, img) VALUES ('8381673534167', 174, 2, 2, 4, 3, 2, 'Again blue account available true kid.', 'https://via.placeholder.com/787x455.png?text=Rating+8');
INSERT INTO rating (IAN_number, performance_id, artist_performance, stage_presence, setup, sound_and_lighting, overall_impression, descr, img) VALUES ('7641000302838', 128, 5, 5, 5, 2, 1, 'Effort grow activity security simply best whatever bank.', 'https://via.placeholder.com/594x400.png?text=Rating+8');
INSERT INTO rating (IAN_number, performance_id, artist_performance, stage_presence, setup, sound_and_lighting, overall_impression, descr, img) VALUES ('9763974568691', 69, 5, 2, 1, 5, 1, 'Build medical among student happy former student change join recognize theory.', 'https://via.placeholder.com/567x370.png?text=Rating+35');
INSERT INTO rating (IAN_number, performance_id, artist_performance, stage_presence, setup, sound_and_lighting, overall_impression, descr, img) VALUES ('2242247320830', 51, 2, 3, 3, 1, 5, 'Factor suddenly type decade down.', 'https://via.placeholder.com/482x514.png?text=Rating+68');
INSERT INTO rating (IAN_number, performance_id, artist_performance, stage_presence, setup, sound_and_lighting, overall_impression, descr, img) VALUES ('7031840777993', 15, 5, 2, 2, 4, 4, 'Citizen base analysis condition pattern clear success head report tend how possible particularly.', 'https://via.placeholder.com/734x486.png?text=Rating+31');
INSERT INTO rating (IAN_number, performance_id, artist_performance, stage_presence, setup, sound_and_lighting, overall_impression, descr, img) VALUES ('3349501318008', 164, 3, 3, 3, 3, 4, 'Contain power American with under really often spend store determine kid inside financial civil.', 'https://via.placeholder.com/592x546.png?text=Rating+19');
INSERT INTO rating (IAN_number, performance_id, artist_performance, stage_presence, setup, sound_and_lighting, overall_impression, descr, img) VALUES ('1767765623423', 59, 2, 5, 1, 2, 5, 'Create light notice different show relate.', 'https://via.placeholder.com/628x360.png?text=Rating+24');
INSERT INTO rating (IAN_number, performance_id, artist_performance, stage_presence, setup, sound_and_lighting, overall_impression, descr, img) VALUES ('8381673534167', 175, 2, 2, 5, 4, 5, 'Year someone think production walk marriage term there.', 'https://via.placeholder.com/473x581.png?text=Rating+23');
INSERT INTO rating (IAN_number, performance_id, artist_performance, stage_presence, setup, sound_and_lighting, overall_impression, descr, img) VALUES ('7086923427450', 88, 1, 3, 1, 5, 4, 'Democrat including skin rate ask form to remember need decision defense smile.', 'https://via.placeholder.com/530x347.png?text=Rating+66');
INSERT INTO rating (IAN_number, performance_id, artist_performance, stage_presence, setup, sound_and_lighting, overall_impression, descr, img) VALUES ('2827823149486', 27, 3, 3, 4, 3, 3, 'Modern have themselves own turn own good term scientist.', 'https://via.placeholder.com/769x533.png?text=Rating+69');
INSERT INTO rating (IAN_number, performance_id, artist_performance, stage_presence, setup, sound_and_lighting, overall_impression, descr, img) VALUES ('2850873139687', 165, 4, 2, 2, 4, 3, 'Spend ever important true sea generation item policy student too.', 'https://via.placeholder.com/721x359.png?text=Rating+16');
INSERT INTO rating (IAN_number, performance_id, artist_performance, stage_presence, setup, sound_and_lighting, overall_impression, descr, img) VALUES ('0348810974507', 145, 3, 1, 4, 2, 1, 'Try receive value few opportunity economic.', 'https://via.placeholder.com/425x578.png?text=Rating+5');
INSERT INTO rating (IAN_number, performance_id, artist_performance, stage_presence, setup, sound_and_lighting, overall_impression, descr, img) VALUES ('1550057924001', 17, 1, 5, 1, 4, 1, 'Easy read war bar woman entire body.', 'https://via.placeholder.com/523x531.png?text=Rating+97');
INSERT INTO rating (IAN_number, performance_id, artist_performance, stage_presence, setup, sound_and_lighting, overall_impression, descr, img) VALUES ('8500302868766', 88, 1, 1, 3, 3, 3, 'North fall write interview land sit war inside.', 'https://via.placeholder.com/784x383.png?text=Rating+43');
INSERT INTO rating (IAN_number, performance_id, artist_performance, stage_presence, setup, sound_and_lighting, overall_impression, descr, img) VALUES ('1489169933570', 124, 3, 2, 2, 5, 4, 'Those once all hear peace probably add turn exactly.', 'https://via.placeholder.com/421x308.png?text=Rating+26');
INSERT INTO rating (IAN_number, performance_id, artist_performance, stage_presence, setup, sound_and_lighting, overall_impression, descr, img) VALUES ('1343279089974', 46, 5, 4, 4, 4, 4, 'Think nearly win recognize argue paper between minute action.', 'https://via.placeholder.com/403x456.png?text=Rating+43');
INSERT INTO rating (IAN_number, performance_id, artist_performance, stage_presence, setup, sound_and_lighting, overall_impression, descr, img) VALUES ('6929764230440', 94, 4, 5, 2, 4, 5, 'Interesting Republican coach.', 'https://via.placeholder.com/630x561.png?text=Rating+44');
INSERT INTO rating (IAN_number, performance_id, artist_performance, stage_presence, setup, sound_and_lighting, overall_impression, descr, img) VALUES ('5989695374323', 28, 1, 4, 2, 2, 3, 'Peace right behind young act wonder age game painting.', 'https://via.placeholder.com/446x361.png?text=Rating+27');
INSERT INTO rating (IAN_number, performance_id, artist_performance, stage_presence, setup, sound_and_lighting, overall_impression, descr, img) VALUES ('5041683201171', 111, 4, 4, 1, 4, 2, 'Reduce class house same program.', 'https://via.placeholder.com/614x511.png?text=Rating+8');
INSERT INTO rating (IAN_number, performance_id, artist_performance, stage_presence, setup, sound_and_lighting, overall_impression, descr, img) VALUES ('3485506251377', 29, 4, 1, 4, 1, 5, 'Perhaps several man.', 'https://via.placeholder.com/660x552.png?text=Rating+24');
INSERT INTO rating (IAN_number, performance_id, artist_performance, stage_presence, setup, sound_and_lighting, overall_impression, descr, img) VALUES ('9078300301132', 62, 5, 1, 1, 5, 4, 'Visit century short attention form this eye for herself central animal bar cold four.', 'https://via.placeholder.com/535x505.png?text=Rating+64');
INSERT INTO rating (IAN_number, performance_id, artist_performance, stage_presence, setup, sound_and_lighting, overall_impression, descr, img) VALUES ('6498011973452', 47, 5, 2, 2, 4, 3, 'Tv church where.', 'https://via.placeholder.com/648x351.png?text=Rating+70');
INSERT INTO rating (IAN_number, performance_id, artist_performance, stage_presence, setup, sound_and_lighting, overall_impression, descr, img) VALUES ('9461046192632', 62, 5, 3, 5, 2, 5, 'Support stand four list everybody appear single seat claim.', 'https://via.placeholder.com/666x370.png?text=Rating+58');
INSERT INTO rating (IAN_number, performance_id, artist_performance, stage_presence, setup, sound_and_lighting, overall_impression, descr, img) VALUES ('4510903151391', 26, 4, 4, 5, 1, 3, 'Task physical minute job.', 'https://via.placeholder.com/735x507.png?text=Rating+13');
INSERT INTO rating (IAN_number, performance_id, artist_performance, stage_presence, setup, sound_and_lighting, overall_impression, descr, img) VALUES ('7415905630827', 100, 5, 1, 5, 1, 2, 'Guess close drug news analysis suggest score.', 'https://via.placeholder.com/771x349.png?text=Rating+40');
INSERT INTO rating (IAN_number, performance_id, artist_performance, stage_presence, setup, sound_and_lighting, overall_impression, descr, img) VALUES ('1748906195174', 20, 2, 4, 4, 5, 4, 'Yes case although avoid material hour area hot father feeling.', 'https://via.placeholder.com/743x412.png?text=Rating+50');
INSERT INTO rating (IAN_number, performance_id, artist_performance, stage_presence, setup, sound_and_lighting, overall_impression, descr, img) VALUES ('8320305822252', 28, 5, 2, 5, 1, 3, 'Letter president thus land cup son arm.', 'https://via.placeholder.com/782x337.png?text=Rating+53');
INSERT INTO rating (IAN_number, performance_id, artist_performance, stage_presence, setup, sound_and_lighting, overall_impression, descr, img) VALUES ('4990224215179', 4, 1, 2, 2, 3, 5, 'Floor voice prevent.', 'https://via.placeholder.com/430x340.png?text=Rating+9');
INSERT INTO rating (IAN_number, performance_id, artist_performance, stage_presence, setup, sound_and_lighting, overall_impression, descr, img) VALUES ('1164746932709', 70, 1, 4, 4, 2, 4, 'Letter rise garden side avoid threat themselves me into.', 'https://via.placeholder.com/720x312.png?text=Rating+98');
INSERT INTO rating (IAN_number, performance_id, artist_performance, stage_presence, setup, sound_and_lighting, overall_impression, descr, img) VALUES ('3720870978058', 91, 3, 3, 2, 3, 2, 'Brother group view one affect cut event know foreign.', 'https://via.placeholder.com/564x320.png?text=Rating+6');
INSERT INTO rating (IAN_number, performance_id, artist_performance, stage_presence, setup, sound_and_lighting, overall_impression, descr, img) VALUES ('7547750422685', 55, 2, 2, 1, 1, 5, 'Their source force history game teach again ball model.', 'https://via.placeholder.com/658x518.png?text=Rating+88');
INSERT INTO rating (IAN_number, performance_id, artist_performance, stage_presence, setup, sound_and_lighting, overall_impression, descr, img) VALUES ('3673353691496', 96, 2, 2, 5, 5, 2, 'Design I whom whether Mrs pretty yes matter.', 'https://via.placeholder.com/450x429.png?text=Rating+16');
INSERT INTO rating (IAN_number, performance_id, artist_performance, stage_presence, setup, sound_and_lighting, overall_impression, descr, img) VALUES ('7980172461112', 170, 5, 3, 2, 3, 2, 'As citizen item measure discuss article staff.', 'https://via.placeholder.com/795x558.png?text=Rating+52');
INSERT INTO rating (IAN_number, performance_id, artist_performance, stage_presence, setup, sound_and_lighting, overall_impression, descr, img) VALUES ('2155919037380', 117, 4, 4, 1, 5, 5, 'Decade half general team treatment east growth last.', 'https://via.placeholder.com/558x312.png?text=Rating+8');
INSERT INTO rating (IAN_number, performance_id, artist_performance, stage_presence, setup, sound_and_lighting, overall_impression, descr, img) VALUES ('5634506428357', 4, 3, 3, 4, 2, 3, 'Run gun appear decade letter heavy gas push but.', 'https://via.placeholder.com/512x595.png?text=Rating+4');
INSERT INTO rating (IAN_number, performance_id, artist_performance, stage_presence, setup, sound_and_lighting, overall_impression, descr, img) VALUES ('2339776145857', 55, 4, 5, 3, 5, 5, 'Expert star respond soldier both remember lawyer hospital find result.', 'https://via.placeholder.com/752x593.png?text=Rating+33');
INSERT INTO rating (IAN_number, performance_id, artist_performance, stage_presence, setup, sound_and_lighting, overall_impression, descr, img) VALUES ('7896327643794', 97, 2, 2, 2, 2, 4, 'Act prove read simply beat seven source.', 'https://via.placeholder.com/786x325.png?text=Rating+73');
INSERT INTO rating (IAN_number, performance_id, artist_performance, stage_presence, setup, sound_and_lighting, overall_impression, descr, img) VALUES ('4767314347495', 132, 5, 1, 2, 5, 2, 'Poor send put religious film agree benefit.', 'https://via.placeholder.com/694x447.png?text=Rating+99');
INSERT INTO rating (IAN_number, performance_id, artist_performance, stage_presence, setup, sound_and_lighting, overall_impression, descr, img) VALUES ('3080787768064', 83, 5, 5, 4, 4, 1, 'Once stay of common home civil wife share return south wind.', 'https://via.placeholder.com/470x361.png?text=Rating+89');
INSERT INTO rating (IAN_number, performance_id, artist_performance, stage_presence, setup, sound_and_lighting, overall_impression, descr, img) VALUES ('1062117595123', 45, 5, 4, 3, 4, 1, 'Price bank key.', 'https://via.placeholder.com/628x469.png?text=Rating+96');
INSERT INTO rating (IAN_number, performance_id, artist_performance, stage_presence, setup, sound_and_lighting, overall_impression, descr, img) VALUES ('3772511660127', 127, 1, 3, 3, 3, 2, 'People subject talk if family.', 'https://via.placeholder.com/755x319.png?text=Rating+8');
INSERT INTO rating (IAN_number, performance_id, artist_performance, stage_presence, setup, sound_and_lighting, overall_impression, descr, img) VALUES ('9275214484372', 178, 5, 2, 1, 4, 2, 'Reduce else week challenge unit include reality fear price.', 'https://via.placeholder.com/674x401.png?text=Rating+20');
INSERT INTO rating (IAN_number, performance_id, artist_performance, stage_presence, setup, sound_and_lighting, overall_impression, descr, img) VALUES ('5326263252532', 19, 3, 4, 1, 1, 1, 'Plan certainly gun cell item different like simply so.', 'https://via.placeholder.com/503x559.png?text=Rating+63');
INSERT INTO rating (IAN_number, performance_id, artist_performance, stage_presence, setup, sound_and_lighting, overall_impression, descr, img) VALUES ('8433035950649', 2, 5, 5, 2, 2, 3, 'Direction five else full group most whom way hour do nearly mother help series.', 'https://via.placeholder.com/767x599.png?text=Rating+76');
INSERT INTO rating (IAN_number, performance_id, artist_performance, stage_presence, setup, sound_and_lighting, overall_impression, descr, img) VALUES ('1748906195174', 19, 5, 3, 3, 5, 1, 'Factor sort back record glass any.', 'https://via.placeholder.com/681x541.png?text=Rating+90');

-- seller & buyer --
INSERT INTO seller (date_of_interest, IAN_number, descr, img) VALUES ('2025-05-07 18:10:15', '9886136609536', 'Ticket listed for resale (verified by script)', 'https://via.placeholder.com/688x399.png?text=Seller+51');
INSERT INTO seller (date_of_interest, IAN_number, descr, img) VALUES ('2025-05-07 18:11:38', '3543415476268', 'Ticket listed for resale (verified by script)', 'https://via.placeholder.com/738x552.png?text=Seller+38');
INSERT INTO seller (date_of_interest, IAN_number, descr, img) VALUES ('2025-05-07 18:10:18', '1758106201406', 'Ticket listed for resale (verified by script)', 'https://via.placeholder.com/712x353.png?text=Seller+98');
INSERT INTO seller (date_of_interest, IAN_number, descr, img) VALUES ('2025-05-07 18:10:11', '3684274017783', 'Ticket listed for resale (verified by script)', 'https://via.placeholder.com/445x493.png?text=Seller+39');
INSERT INTO seller (date_of_interest, IAN_number, descr, img) VALUES ('2025-05-07 18:11:27', '7954726667109', 'Ticket listed for resale (verified by script)', 'https://via.placeholder.com/717x424.png?text=Seller+53');
INSERT INTO seller (date_of_interest, IAN_number, descr, img) VALUES ('2025-05-07 18:11:03', '3546047708446', 'Ticket listed for resale (verified by script)', 'https://via.placeholder.com/704x574.png?text=Seller+22');
INSERT INTO seller (date_of_interest, IAN_number, descr, img) VALUES ('2025-05-07 18:11:30', '8437097758651', 'Ticket listed for resale (verified by script)', 'https://via.placeholder.com/721x470.png?text=Seller+31');
INSERT INTO seller (date_of_interest, IAN_number, descr, img) VALUES ('2025-05-07 18:12:10', '1691302713465', 'Ticket listed for resale (verified by script)', 'https://via.placeholder.com/408x384.png?text=Seller+14');
INSERT INTO seller (date_of_interest, IAN_number, descr, img) VALUES ('2025-05-07 18:11:43', '2275031849530', 'Ticket listed for resale (verified by script)', 'https://via.placeholder.com/518x407.png?text=Seller+9');
INSERT INTO seller (date_of_interest, IAN_number, descr, img) VALUES ('2025-05-07 18:10:17', '1750131392207', 'Ticket listed for resale (verified by script)', 'https://via.placeholder.com/654x308.png?text=Seller+46');
INSERT INTO seller (date_of_interest, IAN_number, descr, img) VALUES ('2025-05-07 18:11:55', '9233906447348', 'Ticket listed for resale (verified by script)', 'https://via.placeholder.com/635x563.png?text=Seller+77');
INSERT INTO seller (date_of_interest, IAN_number, descr, img) VALUES ('2025-05-07 18:11:08', '3090062575834', 'Ticket listed for resale (verified by script)', 'https://via.placeholder.com/681x359.png?text=Seller+7');
INSERT INTO seller (date_of_interest, IAN_number, descr, img) VALUES ('2025-05-07 18:10:49', '2647770318380', 'Ticket listed for resale (verified by script)', 'https://via.placeholder.com/577x306.png?text=Seller+93');
INSERT INTO seller (date_of_interest, IAN_number, descr, img) VALUES ('2025-05-07 18:11:23', '1604484403204', 'Ticket listed for resale (verified by script)', 'https://via.placeholder.com/622x591.png?text=Seller+34');
INSERT INTO seller (date_of_interest, IAN_number, descr, img) VALUES ('2025-05-07 18:11:02', '9081057892604', 'Ticket listed for resale (verified by script)', 'https://via.placeholder.com/770x368.png?text=Seller+21');
INSERT INTO seller (date_of_interest, IAN_number, descr, img) VALUES ('2025-05-07 18:11:58', '6482412020887', 'Ticket listed for resale (verified by script)', 'https://via.placeholder.com/672x416.png?text=Seller+27');
INSERT INTO seller (date_of_interest, IAN_number, descr, img) VALUES ('2025-05-07 18:11:56', '8286449460817', 'Ticket listed for resale (verified by script)', 'https://via.placeholder.com/695x425.png?text=Seller+73');
INSERT INTO seller (date_of_interest, IAN_number, descr, img) VALUES ('2025-05-07 18:11:53', '6295213870187', 'Ticket listed for resale (verified by script)', 'https://via.placeholder.com/500x547.png?text=Seller+80');
INSERT INTO seller (date_of_interest, IAN_number, descr, img) VALUES ('2025-05-07 18:11:42', '6608931436176', 'Ticket listed for resale (verified by script)', 'https://via.placeholder.com/434x401.png?text=Seller+62');
INSERT INTO seller (date_of_interest, IAN_number, descr, img) VALUES ('2025-05-07 18:11:34', '2816705505625', 'Ticket listed for resale (verified by script)', 'https://via.placeholder.com/444x371.png?text=Seller+88');
INSERT INTO seller (date_of_interest, IAN_number, descr, img) VALUES ('2025-05-07 18:11:54', '0859363304299', 'Ticket listed for resale (verified by script)', 'https://via.placeholder.com/402x336.png?text=Seller+16');
INSERT INTO seller (date_of_interest, IAN_number, descr, img) VALUES ('2025-05-07 18:12:06', '6463760735289', 'Ticket listed for resale (verified by script)', 'https://via.placeholder.com/794x377.png?text=Seller+66');
INSERT INTO seller (date_of_interest, IAN_number, descr, img) VALUES ('2025-05-07 18:11:44', '4350200180818', 'Ticket listed for resale (verified by script)', 'https://via.placeholder.com/543x319.png?text=Seller+51');
INSERT INTO seller (date_of_interest, IAN_number, descr, img) VALUES ('2025-05-07 18:11:52', '4584829558725', 'Ticket listed for resale (verified by script)', 'https://via.placeholder.com/551x413.png?text=Seller+62');
INSERT INTO seller (date_of_interest, IAN_number, descr, img) VALUES ('2025-05-07 18:10:47', '6605110117512', 'Ticket listed for resale (verified by script)', 'https://via.placeholder.com/522x579.png?text=Seller+33');
INSERT INTO seller (date_of_interest, IAN_number, descr, img) VALUES ('2025-05-07 18:11:09', '1712451501078', 'Ticket listed for resale (verified by script)', 'https://via.placeholder.com/539x386.png?text=Seller+45');
INSERT INTO seller (date_of_interest, IAN_number, descr, img) VALUES ('2025-05-07 18:10:15', '5734663563339', 'Ticket listed for resale (verified by script)', 'https://via.placeholder.com/581x576.png?text=Seller+81');
INSERT INTO seller (date_of_interest, IAN_number, descr, img) VALUES ('2025-05-07 18:10:35', '9781623913424', 'Ticket listed for resale (verified by script)', 'https://via.placeholder.com/605x449.png?text=Seller+99');
INSERT INTO seller (date_of_interest, IAN_number, descr, img) VALUES ('2025-05-07 18:10:13', '2788782168685', 'Ticket listed for resale (verified by script)', 'https://via.placeholder.com/757x445.png?text=Seller+93');
INSERT INTO seller (date_of_interest, IAN_number, descr, img) VALUES ('2025-05-07 18:10:12', '9022653494362', 'Ticket listed for resale (verified by script)', 'https://via.placeholder.com/598x398.png?text=Seller+87');
INSERT INTO seller (date_of_interest, IAN_number, descr, img) VALUES ('2025-05-07 18:11:38', '6680924427756', 'Ticket listed for resale (verified by script)', 'https://via.placeholder.com/452x388.png?text=Seller+46');
INSERT INTO seller (date_of_interest, IAN_number, descr, img) VALUES ('2025-05-07 18:10:46', '7360473054805', 'Ticket listed for resale (verified by script)', 'https://via.placeholder.com/761x566.png?text=Seller+78');
INSERT INTO seller (date_of_interest, IAN_number, descr, img) VALUES ('2025-05-07 18:10:13', '5126975100061', 'Ticket listed for resale (verified by script)', 'https://via.placeholder.com/410x490.png?text=Seller+10');
INSERT INTO seller (date_of_interest, IAN_number, descr, img) VALUES ('2025-05-07 18:10:39', '3494845934234', 'Ticket listed for resale (verified by script)', 'https://via.placeholder.com/695x301.png?text=Seller+32');
INSERT INTO seller (date_of_interest, IAN_number, descr, img) VALUES ('2025-05-07 18:12:07', '5086536476964', 'Ticket listed for resale (verified by script)', 'https://via.placeholder.com/697x348.png?text=Seller+28');

-- buyer --
INSERT INTO buyer (buyer_name, age, contact_info, buyer_address, city, country, ticket_type, event_id, date_of_interest, descr, img) VALUES ('Dana Hatfield', 36, 'duanebrown@example.com', '51612 Thompson Mill', 'Port Markville', 'Iceland', 'VIP', 73, '2025-01-01 09:00:00', 'Looking for a VIP ticket for event 73', 'https://via.placeholder.com/663x512.png?text=Buyer+25');
INSERT INTO buyer (buyer_name, age, contact_info, buyer_address, city, country, ticket_type, event_id, date_of_interest, descr, img) VALUES ('Gabriel Foster', 54, 'stephenthomas@example.net', '475 Vargas Station', 'Melissaport', 'Benin', NULL, 76, '2025-01-01 09:01:00', 'Looking for a any ticket for event 76', 'https://via.placeholder.com/411x478.png?text=Buyer+31');
INSERT INTO buyer (buyer_name, age, contact_info, buyer_address, city, country, ticket_type, event_id, date_of_interest, descr, img) VALUES ('Amy Butler', 53, 'andreagraham@example.com', '566 Gibson Radial Apt. 614', 'Jessicaville', 'Estonia', 'backstage', 9, '2025-01-01 09:02:00', 'Looking for a backstage ticket for event 9', 'https://via.placeholder.com/704x327.png?text=Buyer+96');
INSERT INTO buyer (buyer_name, age, contact_info, buyer_address, city, country, ticket_type, event_id, date_of_interest, descr, img) VALUES ('Dean Ingram', 69, 'meganford@example.net', '06681 Combs Crescent Suite 196', 'East Lisabury', 'Kazakhstan', 'backstage', 8, '2025-01-01 09:03:00', 'Looking for a backstage ticket for event 8', 'https://via.placeholder.com/433x424.png?text=Buyer+89');
INSERT INTO buyer (buyer_name, age, contact_info, buyer_address, city, country, ticket_type, event_id, date_of_interest, descr, img) VALUES ('William Cabrera', 41, 'benjamin38@example.com', '744 Austin Circles', 'New Donald', 'Antigua and Barbuda', 'VIP', 95, '2025-01-01 09:04:00', 'Looking for a VIP ticket for event 95', 'https://via.placeholder.com/427x373.png?text=Buyer+8');
INSERT INTO buyer (buyer_name, age, contact_info, buyer_address, city, country, ticket_type, event_id, date_of_interest, descr, img) VALUES ('Andrew Mccormick', 69, 'imitchell@example.net', '339 Hines Walks', 'North Cynthiaport', 'Colombia', 'general admission', 87, '2025-05-07 18:11:38', 'Looking for a general admission ticket for event 87', 'https://via.placeholder.com/720x576.png?text=Buyer+56');
INSERT INTO buyer (buyer_name, age, contact_info, buyer_address, city, country, ticket_type, event_id, date_of_interest, descr, img) VALUES ('Mrs. Christine Sims', 59, 'khansen@example.org', '482 Edward Port Suite 677', 'Kingtown', 'Azerbaijan', 'backstage', 58, '2025-05-07 18:09:36', 'Looking for a backstage ticket for event 58', 'https://via.placeholder.com/546x589.png?text=Buyer+8');
INSERT INTO buyer (buyer_name, age, contact_info, buyer_address, city, country, ticket_type, event_id, date_of_interest, descr, img) VALUES ('Dennis Watkins', 66, 'jennifergeorge@example.com', '593 Meredith Park Apt. 058', 'Johnville', 'Mozambique', NULL, 27, '2025-05-07 18:10:32', 'Looking for a any ticket for event 27', 'https://via.placeholder.com/401x504.png?text=Buyer+92');
INSERT INTO buyer (buyer_name, age, contact_info, buyer_address, city, country, ticket_type, event_id, date_of_interest, descr, img) VALUES ('Michelle Owens', 56, 'kendra52@example.com', '9549 Nash Lock', 'Alexanderberg', 'Cyprus', 'VIP', 27, '2025-05-07 18:09:28', 'Looking for a VIP ticket for event 27', 'https://via.placeholder.com/686x389.png?text=Buyer+88');
INSERT INTO buyer (buyer_name, age, contact_info, buyer_address, city, country, ticket_type, event_id, date_of_interest, descr, img) VALUES ('Jason Phillips', 38, 'hoopermarcus@example.net', '6463 Robbins Lake Apt. 397', 'Heathertown', 'Mauritania', 'general admission', 3, '2025-05-07 18:11:12', 'Looking for a general admission ticket for event 3', 'https://via.placeholder.com/664x562.png?text=Buyer+63');
INSERT INTO buyer (buyer_name, age, contact_info, buyer_address, city, country, ticket_type, event_id, date_of_interest, descr, img) VALUES ('Robert Adkins', 45, 'lorijarvis@example.com', '782 Caldwell Spur', 'Danielview', 'Iceland', 'general admission', 12, '2025-05-07 18:10:15', 'Looking for a general admission ticket for event 12', 'https://via.placeholder.com/713x324.png?text=Buyer+45');
INSERT INTO buyer (buyer_name, age, contact_info, buyer_address, city, country, ticket_type, event_id, date_of_interest, descr, img) VALUES ('Carolyn Johnson', 21, 'edwardsdavid@example.net', '9075 Harrell Square Apt. 709', 'Frankbury', 'Northern Mariana Islands', NULL, 65, '2025-05-07 18:09:18', 'Looking for a any ticket for event 65', 'https://via.placeholder.com/501x468.png?text=Buyer+66');
INSERT INTO buyer (buyer_name, age, contact_info, buyer_address, city, country, ticket_type, event_id, date_of_interest, descr, img) VALUES ('Katherine Campbell', 58, 'thompsonelizabeth@example.org', '05505 Holland Orchard', 'Lake Michael', 'Guernsey', NULL, 88, '2025-05-07 18:11:57', 'Looking for a any ticket for event 88', 'https://via.placeholder.com/636x483.png?text=Buyer+53');
INSERT INTO buyer (buyer_name, age, contact_info, buyer_address, city, country, ticket_type, event_id, date_of_interest, descr, img) VALUES ('Marcus Andrews', 23, 'christopher80@example.net', '19180 Tiffany Place', 'Stoutshire', 'Korea', NULL, 54, '2025-05-07 18:12:02', 'Looking for a any ticket for event 54', 'https://via.placeholder.com/634x452.png?text=Buyer+44');
INSERT INTO buyer (buyer_name, age, contact_info, buyer_address, city, country, ticket_type, event_id, date_of_interest, descr, img) VALUES ('Chelsey Lopez', 28, 'bairdmichelle@example.org', '2253 Williams Flat', 'East Brandonshire', 'Cambodia', 'general admission', 40, '2025-05-07 18:09:20', 'Looking for a general admission ticket for event 40', 'https://via.placeholder.com/418x430.png?text=Buyer+66');
INSERT INTO buyer (buyer_name, age, contact_info, buyer_address, city, country, ticket_type, event_id, date_of_interest, descr, img) VALUES ('Judith Flores', 58, 'eileen95@example.org', '187 Waters Motorway', 'Julieside', 'Estonia', NULL, 44, '2025-05-07 18:11:51', 'Looking for a any ticket for event 44', 'https://via.placeholder.com/652x342.png?text=Buyer+58');
INSERT INTO buyer (buyer_name, age, contact_info, buyer_address, city, country, ticket_type, event_id, date_of_interest, descr, img) VALUES ('Brandon Graham', 27, 'malonecarol@example.org', '75347 Richards Crossroad', 'Williamsmouth', 'South Africa', NULL, 14, '2025-05-07 18:11:17', 'Looking for a any ticket for event 14', 'https://via.placeholder.com/403x498.png?text=Buyer+3');
INSERT INTO buyer (buyer_name, age, contact_info, buyer_address, city, country, ticket_type, event_id, date_of_interest, descr, img) VALUES ('Jessica Wilson', 27, 'james19@example.net', '2975 Brandt Brooks Suite 130', 'East Jamieton', 'Aruba', NULL, 78, '2025-05-07 18:09:44', 'Looking for a any ticket for event 78', 'https://via.placeholder.com/572x363.png?text=Buyer+79');
INSERT INTO buyer (buyer_name, age, contact_info, buyer_address, city, country, ticket_type, event_id, date_of_interest, descr, img) VALUES ('Brenda Gardner', 46, 'debrariley@example.org', '9092 Wilkins Crossing Apt. 081', 'Delacruzbury', 'Hungary', 'VIP', 13, '2025-05-07 18:09:44', 'Looking for a VIP ticket for event 13', 'https://via.placeholder.com/575x448.png?text=Buyer+2');
INSERT INTO buyer (buyer_name, age, contact_info, buyer_address, city, country, ticket_type, event_id, date_of_interest, descr, img) VALUES ('Jeffrey Henry', 46, 'jschroeder@example.org', '772 Rachel Loaf', 'Briannaport', 'Congo', NULL, 73, '2025-05-07 18:11:49', 'Looking for a any ticket for event 73', 'https://via.placeholder.com/600x439.png?text=Buyer+30');

-- genre --
INSERT INTO genre (genre_id, genre_name, descr, img) VALUES (1, 'Metal', 'Music genre: Metal', 'https://via.placeholder.com/795x355.png?text=Metal+86');
INSERT INTO genre (genre_id, genre_name, descr, img) VALUES (2, 'Reggae', 'Music genre: Reggae', 'https://via.placeholder.com/414x316.png?text=Reggae+10');
INSERT INTO genre (genre_id, genre_name, descr, img) VALUES (3, 'Folk', 'Music genre: Folk', 'https://via.placeholder.com/403x416.png?text=Folk+94');
INSERT INTO genre (genre_id, genre_name, descr, img) VALUES (4, 'World', 'Music genre: World', 'https://via.placeholder.com/505x486.png?text=World+47');
INSERT INTO genre (genre_id, genre_name, descr, img) VALUES (5, 'Indie', 'Music genre: Indie', 'https://via.placeholder.com/740x301.png?text=Indie+87');
INSERT INTO genre (genre_id, genre_name, descr, img) VALUES (6, 'Electronic', 'Music genre: Electronic', 'https://via.placeholder.com/621x494.png?text=Electronic+64');
INSERT INTO genre (genre_id, genre_name, descr, img) VALUES (7, 'Hip Hop', 'Music genre: Hip Hop', 'https://via.placeholder.com/716x358.png?text=Hip+Hop+1');
INSERT INTO genre (genre_id, genre_name, descr, img) VALUES (8, 'Pop', 'Music genre: Pop', 'https://via.placeholder.com/496x342.png?text=Pop+86');

-- subgenre --
INSERT INTO subgenre (subgenre_id, genre_id, subgenre_name, descr, img) VALUES (1, 1, 'Black Metal', 'Subgenre of Metal', 'https://via.placeholder.com/694x354.png?text=Black+Metal+47');
INSERT INTO subgenre (subgenre_id, genre_id, subgenre_name, descr, img) VALUES (2, 1, 'Thrash Metal', 'Subgenre of Metal', 'https://via.placeholder.com/742x508.png?text=Thrash+Metal+75');
INSERT INTO subgenre (subgenre_id, genre_id, subgenre_name, descr, img) VALUES (3, 1, 'Power Metal', 'Subgenre of Metal', 'https://via.placeholder.com/734x523.png?text=Power+Metal+1');
INSERT INTO subgenre (subgenre_id, genre_id, subgenre_name, descr, img) VALUES (4, 2, 'Roots Reggae', 'Subgenre of Reggae', 'https://via.placeholder.com/767x526.png?text=Roots+Reggae+9');
INSERT INTO subgenre (subgenre_id, genre_id, subgenre_name, descr, img) VALUES (5, 2, 'Dancehall', 'Subgenre of Reggae', 'https://via.placeholder.com/711x335.png?text=Dancehall+35');
INSERT INTO subgenre (subgenre_id, genre_id, subgenre_name, descr, img) VALUES (6, 2, 'Dub', 'Subgenre of Reggae', 'https://via.placeholder.com/721x585.png?text=Dub+11');
INSERT INTO subgenre (subgenre_id, genre_id, subgenre_name, descr, img) VALUES (7, 3, 'Folk Rock', 'Subgenre of Folk', 'https://via.placeholder.com/745x316.png?text=Folk+Rock+48');
INSERT INTO subgenre (subgenre_id, genre_id, subgenre_name, descr, img) VALUES (8, 3, 'Celtic Folk', 'Subgenre of Folk', 'https://via.placeholder.com/721x395.png?text=Celtic+Folk+83');
INSERT INTO subgenre (subgenre_id, genre_id, subgenre_name, descr, img) VALUES (9, 3, 'Contemporary Folk', 'Subgenre of Folk', 'https://via.placeholder.com/769x429.png?text=Contemporary+Folk+49');
INSERT INTO subgenre (subgenre_id, genre_id, subgenre_name, descr, img) VALUES (10, 4, 'World Sub 3', 'Subgenre of World', 'https://via.placeholder.com/443x579.png?text=World+Sub+3+20');
INSERT INTO subgenre (subgenre_id, genre_id, subgenre_name, descr, img) VALUES (11, 4, 'World Sub 2', 'Subgenre of World', 'https://via.placeholder.com/519x507.png?text=World+Sub+2+22');
INSERT INTO subgenre (subgenre_id, genre_id, subgenre_name, descr, img) VALUES (12, 4, 'World Sub 1', 'Subgenre of World', 'https://via.placeholder.com/613x539.png?text=World+Sub+1+56');
INSERT INTO subgenre (subgenre_id, genre_id, subgenre_name, descr, img) VALUES (13, 5, 'Indie Folk', 'Subgenre of Indie', 'https://via.placeholder.com/627x477.png?text=Indie+Folk+99');
INSERT INTO subgenre (subgenre_id, genre_id, subgenre_name, descr, img) VALUES (14, 5, 'Twee Pop', 'Subgenre of Indie', 'https://via.placeholder.com/410x442.png?text=Twee+Pop+74');
INSERT INTO subgenre (subgenre_id, genre_id, subgenre_name, descr, img) VALUES (15, 5, 'Dream Pop', 'Subgenre of Indie', 'https://via.placeholder.com/560x362.png?text=Dream+Pop+29');
INSERT INTO subgenre (subgenre_id, genre_id, subgenre_name, descr, img) VALUES (16, 6, 'Ambient', 'Subgenre of Electronic', 'https://via.placeholder.com/726x302.png?text=Ambient+2');
INSERT INTO subgenre (subgenre_id, genre_id, subgenre_name, descr, img) VALUES (17, 6, 'Techno', 'Subgenre of Electronic', 'https://via.placeholder.com/513x510.png?text=Techno+51');
INSERT INTO subgenre (subgenre_id, genre_id, subgenre_name, descr, img) VALUES (18, 6, 'Dubstep', 'Subgenre of Electronic', 'https://via.placeholder.com/417x425.png?text=Dubstep+12');
INSERT INTO subgenre (subgenre_id, genre_id, subgenre_name, descr, img) VALUES (19, 7, 'Cloud Rap', 'Subgenre of Hip Hop', 'https://via.placeholder.com/450x534.png?text=Cloud+Rap+32');
INSERT INTO subgenre (subgenre_id, genre_id, subgenre_name, descr, img) VALUES (20, 7, 'Boom Bap', 'Subgenre of Hip Hop', 'https://via.placeholder.com/700x446.png?text=Boom+Bap+83');
INSERT INTO subgenre (subgenre_id, genre_id, subgenre_name, descr, img) VALUES (21, 7, 'Trap', 'Subgenre of Hip Hop', 'https://via.placeholder.com/641x424.png?text=Trap+53');
INSERT INTO subgenre (subgenre_id, genre_id, subgenre_name, descr, img) VALUES (22, 8, 'Indie Pop', 'Subgenre of Pop', 'https://via.placeholder.com/709x329.png?text=Indie+Pop+44');
INSERT INTO subgenre (subgenre_id, genre_id, subgenre_name, descr, img) VALUES (23, 8, 'Bubblegum Pop', 'Subgenre of Pop', 'https://via.placeholder.com/411x314.png?text=Bubblegum+Pop+64');
INSERT INTO subgenre (subgenre_id, genre_id, subgenre_name, descr, img) VALUES (24, 8, 'Dance-pop', 'Subgenre of Pop', 'https://via.placeholder.com/594x451.png?text=Dance-pop+80');

-- artist_subgenre --
INSERT INTO artist_subgenre (artist_id, subgenre_id) VALUES (1, 24);
INSERT INTO artist_subgenre (artist_id, subgenre_id) VALUES (1, 14);
INSERT INTO artist_subgenre (artist_id, subgenre_id) VALUES (2, 11);
INSERT INTO artist_subgenre (artist_id, subgenre_id) VALUES (3, 20);
INSERT INTO artist_subgenre (artist_id, subgenre_id) VALUES (3, 3);
INSERT INTO artist_subgenre (artist_id, subgenre_id) VALUES (3, 21);
INSERT INTO artist_subgenre (artist_id, subgenre_id) VALUES (4, 11);
INSERT INTO artist_subgenre (artist_id, subgenre_id) VALUES (5, 9);
INSERT INTO artist_subgenre (artist_id, subgenre_id) VALUES (5, 21);
INSERT INTO artist_subgenre (artist_id, subgenre_id) VALUES (6, 18);
INSERT INTO artist_subgenre (artist_id, subgenre_id) VALUES (6, 23);
INSERT INTO artist_subgenre (artist_id, subgenre_id) VALUES (6, 9);
INSERT INTO artist_subgenre (artist_id, subgenre_id) VALUES (7, 4);
INSERT INTO artist_subgenre (artist_id, subgenre_id) VALUES (8, 6);
INSERT INTO artist_subgenre (artist_id, subgenre_id) VALUES (8, 1);
INSERT INTO artist_subgenre (artist_id, subgenre_id) VALUES (9, 22);
INSERT INTO artist_subgenre (artist_id, subgenre_id) VALUES (9, 17);
INSERT INTO artist_subgenre (artist_id, subgenre_id) VALUES (9, 23);
INSERT INTO artist_subgenre (artist_id, subgenre_id) VALUES (10, 16);
INSERT INTO artist_subgenre (artist_id, subgenre_id) VALUES (10, 15);
INSERT INTO artist_subgenre (artist_id, subgenre_id) VALUES (11, 14);
INSERT INTO artist_subgenre (artist_id, subgenre_id) VALUES (11, 18);
INSERT INTO artist_subgenre (artist_id, subgenre_id) VALUES (11, 8);
INSERT INTO artist_subgenre (artist_id, subgenre_id) VALUES (12, 24);
INSERT INTO artist_subgenre (artist_id, subgenre_id) VALUES (12, 16);
INSERT INTO artist_subgenre (artist_id, subgenre_id) VALUES (13, 2);
INSERT INTO artist_subgenre (artist_id, subgenre_id) VALUES (13, 20);
INSERT INTO artist_subgenre (artist_id, subgenre_id) VALUES (13, 21);
INSERT INTO artist_subgenre (artist_id, subgenre_id) VALUES (14, 14);
INSERT INTO artist_subgenre (artist_id, subgenre_id) VALUES (14, 15);
INSERT INTO artist_subgenre (artist_id, subgenre_id) VALUES (15, 21);
INSERT INTO artist_subgenre (artist_id, subgenre_id) VALUES (15, 9);
INSERT INTO artist_subgenre (artist_id, subgenre_id) VALUES (15, 10);
INSERT INTO artist_subgenre (artist_id, subgenre_id) VALUES (16, 14);
INSERT INTO artist_subgenre (artist_id, subgenre_id) VALUES (16, 1);
INSERT INTO artist_subgenre (artist_id, subgenre_id) VALUES (16, 15);
INSERT INTO artist_subgenre (artist_id, subgenre_id) VALUES (17, 23);
INSERT INTO artist_subgenre (artist_id, subgenre_id) VALUES (17, 13);
INSERT INTO artist_subgenre (artist_id, subgenre_id) VALUES (18, 14);
INSERT INTO artist_subgenre (artist_id, subgenre_id) VALUES (18, 20);
INSERT INTO artist_subgenre (artist_id, subgenre_id) VALUES (18, 22);
INSERT INTO artist_subgenre (artist_id, subgenre_id) VALUES (19, 21);
INSERT INTO artist_subgenre (artist_id, subgenre_id) VALUES (20, 21);
INSERT INTO artist_subgenre (artist_id, subgenre_id) VALUES (20, 6);
INSERT INTO artist_subgenre (artist_id, subgenre_id) VALUES (20, 20);
INSERT INTO artist_subgenre (artist_id, subgenre_id) VALUES (21, 1);
INSERT INTO artist_subgenre (artist_id, subgenre_id) VALUES (22, 24);
INSERT INTO artist_subgenre (artist_id, subgenre_id) VALUES (23, 9);
INSERT INTO artist_subgenre (artist_id, subgenre_id) VALUES (23, 12);
INSERT INTO artist_subgenre (artist_id, subgenre_id) VALUES (24, 14);
INSERT INTO artist_subgenre (artist_id, subgenre_id) VALUES (25, 22);
INSERT INTO artist_subgenre (artist_id, subgenre_id) VALUES (26, 19);
INSERT INTO artist_subgenre (artist_id, subgenre_id) VALUES (26, 1);
INSERT INTO artist_subgenre (artist_id, subgenre_id) VALUES (27, 22);
INSERT INTO artist_subgenre (artist_id, subgenre_id) VALUES (27, 12);
INSERT INTO artist_subgenre (artist_id, subgenre_id) VALUES (27, 9);
INSERT INTO artist_subgenre (artist_id, subgenre_id) VALUES (28, 15);
INSERT INTO artist_subgenre (artist_id, subgenre_id) VALUES (28, 6);
INSERT INTO artist_subgenre (artist_id, subgenre_id) VALUES (29, 17);
INSERT INTO artist_subgenre (artist_id, subgenre_id) VALUES (30, 19);
INSERT INTO artist_subgenre (artist_id, subgenre_id) VALUES (31, 10);
INSERT INTO artist_subgenre (artist_id, subgenre_id) VALUES (32, 1);
INSERT INTO artist_subgenre (artist_id, subgenre_id) VALUES (32, 16);
INSERT INTO artist_subgenre (artist_id, subgenre_id) VALUES (33, 22);
INSERT INTO artist_subgenre (artist_id, subgenre_id) VALUES (33, 9);
INSERT INTO artist_subgenre (artist_id, subgenre_id) VALUES (33, 11);
INSERT INTO artist_subgenre (artist_id, subgenre_id) VALUES (34, 24);
INSERT INTO artist_subgenre (artist_id, subgenre_id) VALUES (35, 13);
INSERT INTO artist_subgenre (artist_id, subgenre_id) VALUES (35, 20);
INSERT INTO artist_subgenre (artist_id, subgenre_id) VALUES (36, 19);
INSERT INTO artist_subgenre (artist_id, subgenre_id) VALUES (36, 2);
INSERT INTO artist_subgenre (artist_id, subgenre_id) VALUES (36, 3);
INSERT INTO artist_subgenre (artist_id, subgenre_id) VALUES (37, 6);
INSERT INTO artist_subgenre (artist_id, subgenre_id) VALUES (37, 23);
INSERT INTO artist_subgenre (artist_id, subgenre_id) VALUES (38, 5);
INSERT INTO artist_subgenre (artist_id, subgenre_id) VALUES (38, 19);
INSERT INTO artist_subgenre (artist_id, subgenre_id) VALUES (38, 18);
INSERT INTO artist_subgenre (artist_id, subgenre_id) VALUES (39, 11);
INSERT INTO artist_subgenre (artist_id, subgenre_id) VALUES (39, 22);
INSERT INTO artist_subgenre (artist_id, subgenre_id) VALUES (40, 17);

SET FOREIGN_KEY_CHECKS=1;
